patch_id,bug_id,project,bug_number,ground_truth_label,original_label,original_dataset_location,normalized_patch_location,duplicate_group_id,APR_tool,included_primary,included_sensitivity,correction_status,exclusion_reason,label_sensitivity,exclusion_reason_sensitivity,trigger_tests_available,buggy_checkout_available,fixed_checkout_available,patch_applies,patch_compiles,original_tests_pass
Patches_ICSE__Ddifferent__ACS__Chart__patch1-Chart-19-ACS,Chart-19,Chart,19,correct,correct,Patches.zip:Patches/Patches_ICSE/Ddifferent/ACS/Chart/patch1-Chart-19-ACS.patch,data/normalized_patches/Patches_ICSE__Ddifferent__ACS__Chart__patch1-Chart-19-ACS.diff,,ACS,True,True,none,,correct,,NA,NA,NA,NA,NA,NA
Patches_ICSE__Ddifferent__ACS__Lang__patch1-Lang-24-ACS,Lang-24,Lang,24,correct,correct,Patches.zip:Patches/Patches_ICSE/Ddifferent/ACS/Lang/patch1-Lang-24-ACS.patch,data/normalized_patches/Patches_ICSE__Ddifferent__ACS__Lang__patch1-Lang-24-ACS.diff,,ACS,True,True,none,,correct,,NA,NA,NA,NA,NA,NA
Patches_ICSE__Ddifferent__ACS__Lang__patch1-Lang-35-ACS,Lang-35,Lang,35,overfitting,correct,Patches.zip:Patches/Patches_ICSE/Ddifferent/ACS/Lang/patch1-Lang-35-ACS.patch,data/normalized_patches/Patches_ICSE__Ddifferent__ACS__Lang__patch1-Lang-35-ACS.diff,,ACS,True,False,corrected:correct->overfitting,,,mislabeled:ACS-Lang-35,NA,NA,NA,NA,NA,NA
Patches_ICSE__Ddifferent__ACS__Lang__patch1-Lang-7-ACS,Lang-7,Lang,7,,correct,Patches.zip:Patches/Patches_ICSE/Ddifferent/ACS/Lang/patch1-Lang-7-ACS.patch,data/normalized_patches/Patches_ICSE__Ddifferent__ACS__Lang__patch1-Lang-7-ACS.diff,,ACS,False,False,none,borderline:ACS-Lang-7,,borderline:ACS-Lang-7,NA,NA,NA,NA,NA,NA
Patches_ICSE__Ddifferent__ACS__Math__patch1-Math-25-ACS,Math-25,Math,25,correct,correct,Patches.zip:Patches/Patches_ICSE/Ddifferent/ACS/Math/patch1-Math-25-ACS.patch,data/normalized_patches/Patches_ICSE__Ddifferent__ACS__Math__patch1-Math-25-ACS.diff,,ACS,True,True,none,,correct,,NA,NA,NA,NA,NA,NA
Patches_ICSE__Ddifferent__ACS__Math__patch1-Math-3-ACS,Math-3,Math,3,correct,correct,Patches.zip:Patches/Patches_ICSE/Ddifferent/ACS/Math/patch1-Math-3-ACS.patch,data/normalized_patches/Patches_ICSE__Ddifferent__ACS__Math__patch1-Math-3-ACS.diff,,ACS,True,True,none,,correct,,NA,NA,NA,NA,NA,NA
Patches_ICSE__Ddifferent__ACS__Math__patch1-Math-35-ACS,Math-35,Math,35,correct,correct,Patches.zip:Patches/Patches_ICSE/Ddifferent/ACS/Math/patch1-Math-35-ACS.patch,data/normalized_patches/Patches_ICSE__Ddifferent__ACS__Math__patch1-Math-35-ACS.diff,,ACS,True,True,none,,correct,,NA,NA,NA,NA,NA,NA
Patches_ICSE__Ddifferent__ACS__Math__patch1-Math-5-ACS,Math-5,Math,5,correct,correct,Patches.zip:Patches/Patches_ICSE/Ddifferent/ACS/Math/patch1-Math-5-ACS.patch,data/normalized_patches/Patches_ICSE__Ddifferent__ACS__Math__patch1-Math-5-ACS.diff,,ACS,True,True,none,,correct,,NA,NA,NA,NA,NA,NA
Patches_ICSE__Ddifferent__ACS__Math__patch1-Math-61-ACS,Math-61,Math,61,correct,correct,Patches.zip:Patches/Patches_ICSE/Ddifferent/ACS/Math/patch1-Math-61-ACS.patch,data/normalized_patches/Patches_ICSE__Ddifferent__ACS__Math__patch1-Math-61-ACS.diff,,ACS,True,True,none,,correct,,NA,NA,NA,NA,NA,NA
Patches_ICSE__Ddifferent__ACS__Math__patch1-Math-82-ACS,Math-82,Math,82,correct,correct,Patches.zip:Patches/Patches_ICSE/Ddifferent/ACS/Math/patch1-Math-82-ACS.patch,data/normalized_patches/Patches_ICSE__Ddifferent__ACS__Math__patch1-Math-82-ACS.diff,,ACS,True,True,none,,correct,,NA,NA,NA,NA,NA,NA
Patches_ICSE__Ddifferent__ACS__Math__patch1-Math-85-ACS,Math-85,Math,85,correct,correct,Patches.zip:Patches/Patches_ICSE/Ddifferent/ACS/Math/patch1-Math-85-ACS.patch,data/normalized_patches/Patches_ICSE__Ddifferent__ACS__Math__patch1-Math-85-ACS.diff,,ACS,True,True,none,,correct,,NA,NA,NA,NA,NA,NA
Patches_ICSE__Ddifferent__ACS__Math__patch1-Math-89-ACS,Math-89,Math,89,correct,correct,Patches.zip:Patches/Patches_ICSE/Ddifferent/ACS/Math/patch1-Math-89-ACS.patch,data/normalized_patches/Patches_ICSE__Ddifferent__ACS__Math__patch1-Math-89-ACS.diff,,ACS,True,True,none,,correct,,NA,NA,NA,NA,NA,NA
Patches_ICSE__Ddifferent__ACS__Math__patch1-Math-90-ACS,Math-90,Math,90,correct,correct,Patches.zip:Patches/Patches_ICSE/Ddifferent/ACS/Math/patch1-Math-90-ACS.patch,data/normalized_patches/Patches_ICSE__Ddifferent__ACS__Math__patch1-Math-90-ACS.diff,,ACS,True,True,none,,correct,,NA,NA,NA,NA,NA,NA
Patches_ICSE__Ddifferent__ACS__Math__patch1-Math-99-ACS,Math-99,Math,99,correct,correct,Patches.zip:Patches/Patches_ICSE/Ddifferent/ACS/Math/patch1-Math-99-ACS.patch,data/normalized_patches/Patches_ICSE__Ddifferent__ACS__Math__patch1-Math-99-ACS.diff,,ACS,True,True,none,,correct,,NA,NA,NA,NA,NA,NA
Patches_ICSE__Ddifferent__AVATAR__Chart__patch1-Chart-11-AVATAR,Chart-11,Chart,11,correct,correct,Patches.zip:Patches/Patches_ICSE/Ddifferent/AVATAR/Chart/patch1-Chart-11-AVATAR.patch,data/normalized_patches/Patches_ICSE__Ddifferent__AVATAR__Chart__patch1-Chart-11-AVATAR.diff,DUP0005,AVATAR,True,True,none,,correct,,NA,NA,NA,NA,NA,NA
Patches_ICSE__Ddifferent__AVATAR__Closure__patch1-Closure-115-AVATAR,Closure-115,Closure,115,correct,correct,Patches.zip:Patches/Patches_ICSE/Ddifferent/AVATAR/Closure/patch1-Closure-115-AVATAR.patch,data/normalized_patches/Patches_ICSE__Ddifferent__AVATAR__Closure__patch1-Closure-115-AVATAR.diff,,AVATAR,True,True,none,,correct,,NA,NA,NA,NA,NA,NA
Patches_ICSE__Ddifferent__AVATAR__Closure__patch1-Closure-2-AVATAR,Closure-2,Closure,2,correct,correct,Patches.zip:Patches/Patches_ICSE/Ddifferent/AVATAR/Closure/patch1-Closure-2-AVATAR.patch,data/normalized_patches/Patches_ICSE__Ddifferent__AVATAR__Closure__patch1-Closure-2-AVATAR.diff,,AVATAR,True,True,none,,correct,,NA,NA,NA,NA,NA,NA
Patches_ICSE__Ddifferent__AVATAR__Closure__patch1-Closure-38-AVATAR,Closure-38,Closure,38,correct,correct,Patches.zip:Patches/Patches_ICSE/Ddifferent/AVATAR/Closure/patch1-Closure-38-AVATAR.patch,data/normalized_patches/Patches_ICSE__Ddifferent__AVATAR__Closure__patch1-Closure-38-AVATAR.diff,,AVATAR,True,True,none,,correct,,NA,NA,NA,NA,NA,NA
Patches_ICSE__Ddifferent__AVATAR__Lang__patch1-Lang-10-AVATAR,Lang-10,Lang,10,correct,correct,Patches.zip:Patches/Patches_ICSE/Ddifferent/AVATAR/Lang/patch1-Lang-10-AVATAR.patch,data/normalized_patches/Patches_ICSE__Ddifferent__AVATAR__Lang__patch1-Lang-10-AVATAR.diff,DUP0035,AVATAR,True,True,none,,correct,,NA,NA,NA,NA,NA,NA
Patches_ICSE__Ddifferent__AVATAR__Lang__patch1-Lang-57-AVATAR,Lang-57,Lang,57,correct,correct,Patches.zip:Patches/Patches_ICSE/Ddifferent/AVATAR/Lang/patch1-Lang-57-AVATAR.patch,data/normalized_patches/Patches_ICSE__Ddifferent__AVATAR__Lang__patch1-Lang-57-AVATAR.diff,,AVATAR,True,True,none,,correct,,NA,NA,NA,NA,NA,NA
Patches_ICSE__Ddifferent__Arja__Chart__patch1-Chart-12-Arja,Chart-12,Chart,12,correct,correct,Patches.zip:Patches/Patches_ICSE/Ddifferent/Arja/Chart/patch1-Chart-12-Arja.patch,data/normalized_patches/Patches_ICSE__Ddifferent__Arja__Chart__patch1-Chart-12-Arja.diff,,Arja,True,True,none,,correct,,NA,NA,NA,NA,NA,NA
Patches_ICSE__Ddifferent__Arja__Closure__patch1-Closure-115-Arja,Closure-115,Closure,115,correct,correct,Patches.zip:Patches/Patches_ICSE/Ddifferent/Arja/Closure/patch1-Closure-115-Arja.patch,data/normalized_patches/Patches_ICSE__Ddifferent__Arja__Closure__patch1-Closure-115-Arja.diff,,Arja,True,True,none,,correct,,NA,NA,NA,NA,NA,NA
Patches_ICSE__Ddifferent__Arja__Closure__patch1-Closure-126-Arja,Closure-126,Closure,126,correct,correct,Patches.zip:Patches/Patches_ICSE/Ddifferent/Arja/Closure/patch1-Closure-126-Arja.patch,data/normalized_patches/Patches_ICSE__Ddifferent__Arja__Closure__patch1-Closure-126-Arja.diff,,Arja,True,True,none,,correct,,NA,NA,NA,NA,NA,NA
Patches_ICSE__Ddifferent__Arja__Math__patch1-Math-35-Arja,Math-35,Math,35,overfitting,correct,Patches.zip:Patches/Patches_ICSE/Ddifferent/Arja/Math/patch1-Math-35-Arja.patch,data/normalized_patches/Patches_ICSE__Ddifferent__Arja__Math__patch1-Math-35-Arja.diff,,Arja,True,False,corrected:correct->overfitting,,,mislabeled:Arja-Math-35,NA,NA,NA,NA,NA,NA
Patches_ICSE__Ddifferent__Arja__Math__patch1-Math-50-Arja,Math-50,Math,50,overfitting,correct,Patches.zip:Patches/Patches_ICSE/Ddifferent/Arja/Math/patch1-Math-50-Arja.patch,data/normalized_patches/Patches_ICSE__Ddifferent__Arja__Math__patch1-Math-50-Arja.diff,,Arja,True,False,corrected:correct->overfitting,,,mislabeled:Arja-Math-50,NA,NA,NA,NA,NA,NA
Patches_ICSE__Ddifferent__Cardumen__Chart__patch1-Chart-11-Cardumen,Chart-11,Chart,11,correct,correct,Patches.zip:Patches/Patches_ICSE/Ddifferent/Cardumen/Chart/patch1-Chart-11-Cardumen.patch,data/normalized_patches/Patches_ICSE__Ddifferent__Cardumen__Chart__patch1-Chart-11-Cardumen.diff,DUP0005,Cardumen,True,True,none,,correct,,NA,NA,NA,NA,NA,NA
Patches_ICSE__Ddifferent__DynaMoth__Math__patch1-Math-50-DynaMoth,Math-50,Math,50,correct,correct,Patches.zip:Patches/Patches_ICSE/Ddifferent/DynaMoth/Math/patch1-Math-50-DynaMoth.patch,data/normalized_patches/Patches_ICSE__Ddifferent__DynaMoth__Math__patch1-Math-50-DynaMoth.diff,,DynaMoth,True,True,none,,correct,,NA,NA,NA,NA,NA,NA
Patches_ICSE__Ddifferent__FixMiner__Chart__patch1-Chart-11-FixMiner,Chart-11,Chart,11,correct,correct,Patches.zip:Patches/Patches_ICSE/Ddifferent/FixMiner/Chart/patch1-Chart-11-FixMiner.patch,data/normalized_patches/Patches_ICSE__Ddifferent__FixMiner__Chart__patch1-Chart-11-FixMiner.diff,DUP0005,FixMiner,True,True,none,,correct,,NA,NA,NA,NA,NA,NA
Patches_ICSE__Ddifferent__FixMiner__Chart__patch1-Chart-24-FixMiner,Chart-24,Chart,24,correct,correct,Patches.zip:Patches/Patches_ICSE/Ddifferent/FixMiner/Chart/patch1-Chart-24-FixMiner.patch,data/normalized_patches/Patches_ICSE__Ddifferent__FixMiner__Chart__patch1-Chart-24-FixMiner.diff,,FixMiner,True,True,none,,correct,,NA,NA,NA,NA,NA,NA
Patches_ICSE__Ddifferent__GenProg__Closure__patch1-Closure-115-GenProg,Closure-115,Closure,115,correct,correct,Patches.zip:Patches/Patches_ICSE/Ddifferent/GenProg/Closure/patch1-Closure-115-GenProg.patch,data/normalized_patches/Patches_ICSE__Ddifferent__GenProg__Closure__patch1-Closure-115-GenProg.diff,,GenProg,True,True,none,,correct,,NA,NA,NA,NA,NA,NA
Patches_ICSE__Ddifferent__GenProg__Closure__patch1-Closure-126-GenProg,Closure-126,Closure,126,correct,correct,Patches.zip:Patches/Patches_ICSE/Ddifferent/GenProg/Closure/patch1-Closure-126-GenProg.patch,data/normalized_patches/Patches_ICSE__Ddifferent__GenProg__Closure__patch1-Closure-126-GenProg.diff,,GenProg,True,True,none,,correct,,NA,NA,NA,NA,NA,NA
Patches_ICSE__Ddifferent__Kali__Closure__patch1-Closure-115-Kali,Closure-115,Closure,115,correct,correct,Patches.zip:Patches/Patches_ICSE/Ddifferent/Kali/Closure/patch1-Closure-115-Kali.patch,data/normalized_patches/Patches_ICSE__Ddifferent__Kali__Closure__patch1-Closure-115-Kali.diff,,Kali,True,True,none,,correct,,NA,NA,NA,NA,NA,NA
Patches_ICSE__Ddifferent__Kali__Closure__patch1-Closure-126-Kali,Closure-126,Closure,126,correct,correct,Patches.zip:Patches/Patches_ICSE/Ddifferent/Kali/Closure/patch1-Closure-126-Kali.patch,data/normalized_patches/Patches_ICSE__Ddifferent__Kali__Closure__patch1-Closure-126-Kali.diff,DUP0025,Kali,True,True,none,,correct,,NA,NA,NA,NA,NA,NA
Patches_ICSE__Ddifferent__Kali__Math__patch1-Math-50-Kali,Math-50,Math,50,correct,correct,Patches.zip:Patches/Patches_ICSE/Ddifferent/Kali/Math/patch1-Math-50-Kali.patch,data/normalized_patches/Patches_ICSE__Ddifferent__Kali__Math__patch1-Math-50-Kali.diff,,Kali,True,True,none,,correct,,NA,NA,NA,NA,NA,NA
Patches_ICSE__Ddifferent__Nopol__Lang__patch1-Lang-46-Nopol,Lang-46,Lang,46,correct,correct,Patches.zip:Patches/Patches_ICSE/Ddifferent/Nopol/Lang/patch1-Lang-46-Nopol.patch,data/normalized_patches/Patches_ICSE__Ddifferent__Nopol__Lang__patch1-Lang-46-Nopol.diff,,Nopol,True,True,none,,correct,,NA,NA,NA,NA,NA,NA
Patches_ICSE__Ddifferent__RSRepair__Closure__patch1-Closure-115-RSRepair,Closure-115,Closure,115,correct,correct,Patches.zip:Patches/Patches_ICSE/Ddifferent/RSRepair/Closure/patch1-Closure-115-RSRepair.patch,data/normalized_patches/Patches_ICSE__Ddifferent__RSRepair__Closure__patch1-Closure-115-RSRepair.diff,,RSRepair,True,True,none,,correct,,NA,NA,NA,NA,NA,NA
Patches_ICSE__Ddifferent__SimFix__Chart__patch1-Chart-20-SimFix,Chart-20,Chart,20,correct,correct,Patches.zip:Patches/Patches_ICSE/Ddifferent/SimFix/Chart/patch1-Chart-20-SimFix.patch,data/normalized_patches/Patches_ICSE__Ddifferent__SimFix__Chart__patch1-Chart-20-SimFix.diff,,SimFix,True,True,none,,correct,,NA,NA,NA,NA,NA,NA
Patches_ICSE__Ddifferent__SimFix__Closure__patch1-Closure-115-SimFix,Closure-115,Closure,115,correct,correct,Patches.zip:Patches/Patches_ICSE/Ddifferent/SimFix/Closure/patch1-Closure-115-SimFix.patch,data/normalized_patches/Patches_ICSE__Ddifferent__SimFix__Closure__patch1-Closure-115-SimFix.diff,,SimFix,True,True,none,,correct,,NA,NA,NA,NA,NA,NA
Patches_ICSE__Ddifferent__SimFix__Closure__patch1-Closure-19-SimFix,Closure-19,Closure,19,overfitting,correct,Patches.zip:Patches/Patches_ICSE/Ddifferent/SimFix/Closure/patch1-Closure-19-SimFix.patch,data/normalized_patches/Patches_ICSE__Ddifferent__SimFix__Closure__patch1-Closure-19-SimFix.diff,,SimFix,True,False,corrected:correct->overfitting,,,mislabeled:SimFix-Closure-19,NA,NA,NA,NA,NA,NA
Patches_ICSE__Ddifferent__SimFix__Closure__patch1-Closure-6-SimFix,Closure-6,Closure,6,correct,correct,Patches.zip:Patches/Patches_ICSE/Ddifferent/SimFix/Closure/patch1-Closure-6-SimFix.patch,data/normalized_patches/Patches_ICSE__Ddifferent__SimFix__Closure__patch1-Closure-6-SimFix.diff,,SimFix,True,True,none,,correct,,NA,NA,NA,NA,NA,NA
Patches_ICSE__Ddifferent__SimFix__Closure__patch1-Closure-68-SimFix,Closure-68,Closure,68,correct,correct,Patches.zip:Patches/Patches_ICSE/Ddifferent/SimFix/Closure/patch1-Closure-68-SimFix.patch,data/normalized_patches/Patches_ICSE__Ddifferent__SimFix__Closure__patch1-Closure-68-SimFix.diff,,SimFix,True,True,none,,correct,,NA,NA,NA,NA,NA,NA
Patches_ICSE__Ddifferent__SimFix__Lang__patch1-Lang-60-SimFix,Lang-60,Lang,60,overfitting,correct,Patches.zip:Patches/Patches_ICSE/Ddifferent/SimFix/Lang/patch1-Lang-60-SimFix.patch,data/normalized_patches/Patches_ICSE__Ddifferent__SimFix__Lang__patch1-Lang-60-SimFix.diff,,SimFix,True,False,corrected:correct->overfitting,,,mislabeled:SimFix-Lang-60,NA,NA,NA,NA,NA,NA
Patches_ICSE__Ddifferent__SimFix__Math__patch1-Math-71-SimFix,Math-71,Math,71,correct,correct,Patches.zip:Patches/Patches_ICSE/Ddifferent/SimFix/Math/patch1-Math-71-SimFix.patch,data/normalized_patches/Patches_ICSE__Ddifferent__SimFix__Math__patch1-Math-71-SimFix.diff,,SimFix,True,True,none,,correct,,NA,NA,NA,NA,NA,NA
Patches_ICSE__Ddifferent__SimFix__Math__patch1-Math-72-SimFix,Math-72,Math,72,overfitting,correct,Patches.zip:Patches/Patches_ICSE/Ddifferent/SimFix/Math/patch1-Math-72-SimFix.patch,data/normalized_patches/Patches_ICSE__Ddifferent__SimFix__Math__patch1-Math-72-SimFix.diff,,SimFix,True,False,corrected:correct->overfitting,,,mislabeled:SimFix-Math-72,NA,NA,NA,NA,NA,NA
Patches_ICSE__Ddifferent__TBar__Chart__patch1-Chart-11-TBar,Chart-11,Chart,11,correct,correct,Patches.zip:Patches/Patches_ICSE/Ddifferent/TBar/Chart/patch1-Chart-11-TBar.patch,data/normalized_patches/Patches_ICSE__Ddifferent__TBar__Chart__patch1-Chart-11-TBar.diff,DUP0005,TBar,True,True,none,,correct,,NA,NA,NA,NA,NA,NA
Patches_ICSE__Ddifferent__TBar__Lang__patch1-Lang-10-TBar,Lang-10,Lang,10,correct,correct,Patches.zip:Patches/Patches_ICSE/Ddifferent/TBar/Lang/patch1-Lang-10-TBar.patch,data/normalized_patches/Patches_ICSE__Ddifferent__TBar__Lang__patch1-Lang-10-TBar.diff,DUP0035,TBar,True,True,none,,correct,,NA,NA,NA,NA,NA,NA
Patches_ICSE__Ddifferent__TBar__Lang__patch1-Lang-33-TBar,Lang-33,Lang,33,correct,correct,Patches.zip:Patches/Patches_ICSE/Ddifferent/TBar/Lang/patch1-Lang-33-TBar.patch,data/normalized_patches/Patches_ICSE__Ddifferent__TBar__Lang__patch1-Lang-33-TBar.diff,,TBar,True,True,none,,correct,,NA,NA,NA,NA,NA,NA
Patches_ICSE__Ddifferent__TBar__Lang__patch1-Lang-47-TBar,Lang-47,Lang,47,correct,correct,Patches.zip:Patches/Patches_ICSE/Ddifferent/TBar/Lang/patch1-Lang-47-TBar.patch,data/normalized_patches/Patches_ICSE__Ddifferent__TBar__Lang__patch1-Lang-47-TBar.diff,,TBar,True,True,none,,correct,,NA,NA,NA,NA,NA,NA
Patches_ICSE__Ddifferent__TBar__Lang__patch1-Lang-7-TBar,Lang-7,Lang,7,,correct,Patches.zip:Patches/Patches_ICSE/Ddifferent/TBar/Lang/patch1-Lang-7-TBar.patch,data/normalized_patches/Patches_ICSE__Ddifferent__TBar__Lang__patch1-Lang-7-TBar.diff,DUP0047,TBar,False,False,none,borderline:TBar-Lang-7,,borderline:TBar-Lang-7,NA,NA,NA,NA,NA,NA
Patches_ICSE__Ddifferent__TBar__Math__patch1-Math-11-TBar,Math-11,Math,11,correct,correct,Patches.zip:Patches/Patches_ICSE/Ddifferent/TBar/Math/patch1-Math-11-TBar.patch,data/normalized_patches/Patches_ICSE__Ddifferent__TBar__Math__patch1-Math-11-TBar.diff,,TBar,True,True,none,,correct,,NA,NA,NA,NA,NA,NA
Patches_ICSE__Ddifferent__TBar__Math__patch1-Math-65-TBar,Math-65,Math,65,correct,correct,Patches.zip:Patches/Patches_ICSE/Ddifferent/TBar/Math/patch1-Math-65-TBar.patch,data/normalized_patches/Patches_ICSE__Ddifferent__TBar__Math__patch1-Math-65-TBar.diff,,TBar,True,True,none,,correct,,NA,NA,NA,NA,NA,NA
Patches_ICSE__Ddifferent__jGenProg__Math__patch1-Math-5-jGenProg,Math-5,Math,5,correct,correct,Patches.zip:Patches/Patches_ICSE/Ddifferent/jGenProg/Math/patch1-Math-5-jGenProg.patch,data/normalized_patches/Patches_ICSE__Ddifferent__jGenProg__Math__patch1-Math-5-jGenProg.diff,,jGenProg,True,True,none,,correct,,NA,NA,NA,NA,NA,NA
Patches_ICSE__Ddifferent__jGenProg__Math__patch1-Math-53-jGenProg,Math-53,Math,53,correct,correct,Patches.zip:Patches/Patches_ICSE/Ddifferent/jGenProg/Math/patch1-Math-53-jGenProg.patch,data/normalized_patches/Patches_ICSE__Ddifferent__jGenProg__Math__patch1-Math-53-jGenProg.diff,,jGenProg,True,True,none,,correct,,NA,NA,NA,NA,NA,NA
Patches_ICSE__Ddifferent__jKali__Closure__patch1-Closure-126-jKali,Closure-126,Closure,126,correct,correct,Patches.zip:Patches/Patches_ICSE/Ddifferent/jKali/Closure/patch1-Closure-126-jKali.patch,data/normalized_patches/Patches_ICSE__Ddifferent__jKali__Closure__patch1-Closure-126-jKali.diff,DUP0025,jKali,True,True,none,,correct,,NA,NA,NA,NA,NA,NA
Patches_ICSE__Ddifferent__jKali__Lang__patch1-Lang-10-jKali,Lang-10,Lang,10,correct,correct,Patches.zip:Patches/Patches_ICSE/Ddifferent/jKali/Lang/patch1-Lang-10-jKali.patch,data/normalized_patches/Patches_ICSE__Ddifferent__jKali__Lang__patch1-Lang-10-jKali.diff,,jKali,True,True,none,,correct,,NA,NA,NA,NA,NA,NA
Patches_ICSE__Ddifferent__jKali__Lang__patch1-Lang-7-jKali,Lang-7,Lang,7,overfitting,correct,Patches.zip:Patches/Patches_ICSE/Ddifferent/jKali/Lang/patch1-Lang-7-jKali.patch,data/normalized_patches/Patches_ICSE__Ddifferent__jKali__Lang__patch1-Lang-7-jKali.diff,,jKali,True,False,corrected:correct->overfitting,,,mislabeled:jKali-Lang-7,NA,NA,NA,NA,NA,NA
Patches_ICSE__Ddifferent__jKali__Math__patch1-Math-50-jKali,Math-50,Math,50,correct,correct,Patches.zip:Patches/Patches_ICSE/Ddifferent/jKali/Math/patch1-Math-50-jKali.patch,data/normalized_patches/Patches_ICSE__Ddifferent__jKali__Math__patch1-Math-50-jKali.diff,,jKali,True,True,none,,correct,,NA,NA,NA,NA,NA,NA
Patches_ICSE__Ddifferent__kPAR__Closure__patch1-Closure-40-kPAR,Closure-40,Closure,40,correct,correct,Patches.zip:Patches/Patches_ICSE/Ddifferent/kPAR/Closure/patch1-Closure-40-kPAR.patch,data/normalized_patches/Patches_ICSE__Ddifferent__kPAR__Closure__patch1-Closure-40-kPAR.diff,,kPAR,True,True,none,,correct,,NA,NA,NA,NA,NA,NA
Patches_ICSE__Ddifferent__kPAR__Lang__patch1-Lang-7-kPAR,Lang-7,Lang,7,,correct,Patches.zip:Patches/Patches_ICSE/Ddifferent/kPAR/Lang/patch1-Lang-7-kPAR.patch,data/normalized_patches/Patches_ICSE__Ddifferent__kPAR__Lang__patch1-Lang-7-kPAR.diff,DUP0047,kPAR,False,False,none,borderline:kPAR-Lang-7,,borderline:kPAR-Lang-7,NA,NA,NA,NA,NA,NA
Patches_ICSE__Doverfitting__ACS__Math__patch1-Math-28-ACS-plausible,Math-28,Math,28,overfitting,overfitting,Patches.zip:Patches/Patches_ICSE/Doverfitting/ACS/Math/patch1-Math-28-ACS-plausible.patch,data/normalized_patches/Patches_ICSE__Doverfitting__ACS__Math__patch1-Math-28-ACS-plausible.diff,,ACS,True,True,none,,overfitting,,NA,NA,NA,NA,NA,NA
Patches_ICSE__Doverfitting__ACS__Math__patch1-Math-4-ACS-plausible,Math-4,Math,4,overfitting,overfitting,Patches.zip:Patches/Patches_ICSE/Doverfitting/ACS/Math/patch1-Math-4-ACS-plausible.patch,data/normalized_patches/Patches_ICSE__Doverfitting__ACS__Math__patch1-Math-4-ACS-plausible.diff,,ACS,True,True,none,,overfitting,,NA,NA,NA,NA,NA,NA
Patches_ICSE__Doverfitting__ACS__Math__patch1-Math-73-ACS-plausible,Math-73,Math,73,overfitting,overfitting,Patches.zip:Patches/Patches_ICSE/Doverfitting/ACS/Math/patch1-Math-73-ACS-plausible.patch,data/normalized_patches/Patches_ICSE__Doverfitting__ACS__Math__patch1-Math-73-ACS-plausible.diff,,ACS,True,True,none,,overfitting,,NA,NA,NA,NA,NA,NA
Patches_ICSE__Doverfitting__ACS__Math__patch1-Math-81-ACS-plausible,Math-81,Math,81,overfitting,overfitting,Patches.zip:Patches/Patches_ICSE/Doverfitting/ACS/Math/patch1-Math-81-ACS-plausible.patch,data/normalized_patches/Patches_ICSE__Doverfitting__ACS__Math__patch1-Math-81-ACS-plausible.diff,,ACS,True,True,none,,overfitting,,NA,NA,NA,NA,NA,NA
Patches_ICSE__Doverfitting__ACS__Math__patch1-Math-93-ACS-plausible,Math-93,Math,93,overfitting,overfitting,Patches.zip:Patches/Patches_ICSE/Doverfitting/ACS/Math/patch1-Math-93-ACS-plausible.patch,data/normalized_patches/Patches_ICSE__Doverfitting__ACS__Math__patch1-Math-93-ACS-plausible.diff,,ACS,True,True,none,,overfitting,,NA,NA,NA,NA,NA,NA
Patches_ICSE__Doverfitting__ACS__Math__patch1-Math-97-ACS-plausible,Math-97,Math,97,overfitting,overfitting,Patches.zip:Patches/Patches_ICSE/Doverfitting/ACS/Math/patch1-Math-97-ACS-plausible.patch,data/normalized_patches/Patches_ICSE__Doverfitting__ACS__Math__patch1-Math-97-ACS-plausible.diff,,ACS,True,True,none,,overfitting,,NA,NA,NA,NA,NA,NA
Patches_ICSE__Doverfitting__AVATAR__Chart__patch1-Chart-13-AVATAR-plausible,Chart-13,Chart,13,overfitting,overfitting,Patches.zip:Patches/Patches_ICSE/Doverfitting/AVATAR/Chart/patch1-Chart-13-AVATAR-plausible.patch,data/normalized_patches/Patches_ICSE__Doverfitting__AVATAR__Chart__patch1-Chart-13-AVATAR-plausible.diff,,AVATAR,True,True,none,,overfitting,,NA,NA,NA,NA,NA,NA
Patches_ICSE__Doverfitting__AVATAR__Chart__patch1-Chart-14-AVATAR-plausible,Chart-14,Chart,14,overfitting,overfitting,Patches.zip:Patches/Patches_ICSE/Doverfitting/AVATAR/Chart/patch1-Chart-14-AVATAR-plausible.patch,data/normalized_patches/Patches_ICSE__Doverfitting__AVATAR__Chart__patch1-Chart-14-AVATAR-plausible.diff,,AVATAR,True,True,none,,overfitting,,NA,NA,NA,NA,NA,NA
Patches_ICSE__Doverfitting__AVATAR__Chart__patch1-Chart-15-AVATAR-plausible,Chart-15,Chart,15,overfitting,overfitting,Patches.zip:Patches/Patches_ICSE/Doverfitting/AVATAR/Chart/patch1-Chart-15-AVATAR-plausible.patch,data/normalized_patches/Patches_ICSE__Doverfitting__AVATAR__Chart__patch1-Chart-15-AVATAR-plausible.diff,DUP0010,AVATAR,True,True,none,,overfitting,,NA,NA,NA,NA,NA,NA
Patches_ICSE__Doverfitting__AVATAR__Chart__patch1-Chart-25-AVATAR-plausible,Chart-25,Chart,25,overfitting,overfitting,Patches.zip:Patches/Patches_ICSE/Doverfitting/AVATAR/Chart/patch1-Chart-25-AVATAR-plausible.patch,data/normalized_patches/Patches_ICSE__Doverfitting__AVATAR__Chart__patch1-Chart-25-AVATAR-plausible.diff,DUP0015,AVATAR,True,True,none,,overfitting,,NA,NA,NA,NA,NA,NA
Patches_ICSE__Doverfitting__AVATAR__Chart__patch1-Chart-26-AVATAR-plausible,Chart-26,Chart,26,overfitting,overfitting,Patches.zip:Patches/Patches_ICSE/Doverfitting/AVATAR/Chart/patch1-Chart-26-AVATAR-plausible.patch,data/normalized_patches/Patches_ICSE__Doverfitting__AVATAR__Chart__patch1-Chart-26-AVATAR-plausible.diff,,AVATAR,True,True,none,,overfitting,,NA,NA,NA,NA,NA,NA
Patches_ICSE__Doverfitting__AVATAR__Chart__patch1-Chart-5-AVATAR-plausible,Chart-5,Chart,5,overfitting,overfitting,Patches.zip:Patches/Patches_ICSE/Doverfitting/AVATAR/Chart/patch1-Chart-5-AVATAR-plausible.patch,data/normalized_patches/Patches_ICSE__Doverfitting__AVATAR__Chart__patch1-Chart-5-AVATAR-plausible.diff,,AVATAR,True,True,none,,overfitting,,NA,NA,NA,NA,NA,NA
Patches_ICSE__Doverfitting__AVATAR__Chart__patch1-Chart-7-AVATAR-plausible,Chart-7,Chart,7,overfitting,overfitting,Patches.zip:Patches/Patches_ICSE/Doverfitting/AVATAR/Chart/patch1-Chart-7-AVATAR-plausible.patch,data/normalized_patches/Patches_ICSE__Doverfitting__AVATAR__Chart__patch1-Chart-7-AVATAR-plausible.diff,,AVATAR,True,True,none,,overfitting,,NA,NA,NA,NA,NA,NA
Patches_ICSE__Doverfitting__AVATAR__Closure__patch1-Closure-108-AVATAR-plausible,Closure-108,Closure,108,overfitting,overfitting,Patches.zip:Patches/Patches_ICSE/Doverfitting/AVATAR/Closure/patch1-Closure-108-AVATAR-plausible.patch,data/normalized_patches/Patches_ICSE__Doverfitting__AVATAR__Closure__patch1-Closure-108-AVATAR-plausible.diff,,AVATAR,True,True,none,,overfitting,,NA,NA,NA,NA,NA,NA
Patches_ICSE__Doverfitting__AVATAR__Closure__patch1-Closure-12-AVATAR-plausible,Closure-12,Closure,12,overfitting,overfitting,Patches.zip:Patches/Patches_ICSE/Doverfitting/AVATAR/Closure/patch1-Closure-12-AVATAR-plausible.patch,data/normalized_patches/Patches_ICSE__Doverfitting__AVATAR__Closure__patch1-Closure-12-AVATAR-plausible.diff,DUP0024,AVATAR,True,True,none,,overfitting,,NA,NA,NA,NA,NA,NA
Patches_ICSE__Doverfitting__AVATAR__Closure__patch1-Closure-126-AVATAR-plausible,Closure-126,Closure,126,overfitting,overfitting,Patches.zip:Patches/Patches_ICSE/Doverfitting/AVATAR/Closure/patch1-Closure-126-AVATAR-plausible.patch,data/normalized_patches/Patches_ICSE__Doverfitting__AVATAR__Closure__patch1-Closure-126-AVATAR-plausible.diff,,AVATAR,True,True,none,,overfitting,,NA,NA,NA,NA,NA,NA
Patches_ICSE__Doverfitting__AVATAR__Closure__patch1-Closure-21-AVATAR-plausible,Closure-21,Closure,21,overfitting,overfitting,Patches.zip:Patches/Patches_ICSE/Doverfitting/AVATAR/Closure/patch1-Closure-21-AVATAR-plausible.patch,data/normalized_patches/Patches_ICSE__Doverfitting__AVATAR__Closure__patch1-Closure-21-AVATAR-plausible.diff,,AVATAR,True,True,none,,overfitting,,NA,NA,NA,NA,NA,NA
Patches_ICSE__Doverfitting__AVATAR__Closure__patch1-Closure-22-AVATAR-plausible,Closure-22,Closure,22,overfitting,overfitting,Patches.zip:Patches/Patches_ICSE/Doverfitting/AVATAR/Closure/patch1-Closure-22-AVATAR-plausible.patch,data/normalized_patches/Patches_ICSE__Doverfitting__AVATAR__Closure__patch1-Closure-22-AVATAR-plausible.diff,,AVATAR,True,True,none,,overfitting,,NA,NA,NA,NA,NA,NA
Patches_ICSE__Doverfitting__AVATAR__Closure__patch1-Closure-45-AVATAR-plausible,Closure-45,Closure,45,overfitting,overfitting,Patches.zip:Patches/Patches_ICSE/Doverfitting/AVATAR/Closure/patch1-Closure-45-AVATAR-plausible.patch,data/normalized_patches/Patches_ICSE__Doverfitting__AVATAR__Closure__patch1-Closure-45-AVATAR-plausible.diff,,AVATAR,True,True,none,,overfitting,,NA,NA,NA,NA,NA,NA
Patches_ICSE__Doverfitting__AVATAR__Closure__patch1-Closure-48-AVATAR-plausible,Closure-48,Closure,48,overfitting,overfitting,Patches.zip:Patches/Patches_ICSE/Doverfitting/AVATAR/Closure/patch1-Closure-48-AVATAR-plausible.patch,data/normalized_patches/Patches_ICSE__Doverfitting__AVATAR__Closure__patch1-Closure-48-AVATAR-plausible.diff,,AVATAR,True,True,none,,overfitting,,NA,NA,NA,NA,NA,NA
Patches_ICSE__Doverfitting__AVATAR__Closure__patch1-Closure-66-AVATAR-plausible,Closure-66,Closure,66,overfitting,overfitting,Patches.zip:Patches/Patches_ICSE/Doverfitting/AVATAR/Closure/patch1-Closure-66-AVATAR-plausible.patch,data/normalized_patches/Patches_ICSE__Doverfitting__AVATAR__Closure__patch1-Closure-66-AVATAR-plausible.diff,DUP0033,AVATAR,True,True,none,,overfitting,,NA,NA,NA,NA,NA,NA
Patches_ICSE__Doverfitting__AVATAR__Lang__patch1-Lang-13-AVATAR-plausible,Lang-13,Lang,13,overfitting,overfitting,Patches.zip:Patches/Patches_ICSE/Doverfitting/AVATAR/Lang/patch1-Lang-13-AVATAR-plausible.patch,data/normalized_patches/Patches_ICSE__Doverfitting__AVATAR__Lang__patch1-Lang-13-AVATAR-plausible.diff,DUP0036,AVATAR,True,True,none,,overfitting,,NA,NA,NA,NA,NA,NA
Patches_ICSE__Doverfitting__AVATAR__Lang__patch1-Lang-20-AVATAR-plausible,Lang-20,Lang,20,overfitting,overfitting,Patches.zip:Patches/Patches_ICSE/Doverfitting/AVATAR/Lang/patch1-Lang-20-AVATAR-plausible.patch,data/normalized_patches/Patches_ICSE__Doverfitting__AVATAR__Lang__patch1-Lang-20-AVATAR-plausible.diff,,AVATAR,True,True,none,,overfitting,,NA,NA,NA,NA,NA,NA
Patches_ICSE__Doverfitting__AVATAR__Lang__patch1-Lang-22-AVATAR-plausible,Lang-22,Lang,22,overfitting,overfitting,Patches.zip:Patches/Patches_ICSE/Doverfitting/AVATAR/Lang/patch1-Lang-22-AVATAR-plausible.patch,data/normalized_patches/Patches_ICSE__Doverfitting__AVATAR__Lang__patch1-Lang-22-AVATAR-plausible.diff,,AVATAR,True,True,none,,overfitting,,NA,NA,NA,NA,NA,NA
Patches_ICSE__Doverfitting__AVATAR__Lang__patch1-Lang-27-AVATAR-plausible,Lang-27,Lang,27,overfitting,overfitting,Patches.zip:Patches/Patches_ICSE/Doverfitting/AVATAR/Lang/patch1-Lang-27-AVATAR-plausible.patch,data/normalized_patches/Patches_ICSE__Doverfitting__AVATAR__Lang__patch1-Lang-27-AVATAR-plausible.diff,,AVATAR,True,True,none,,overfitting,,NA,NA,NA,NA,NA,NA
Patches_ICSE__Doverfitting__AVATAR__Lang__patch1-Lang-39-AVATAR-plausible,Lang-39,Lang,39,overfitting,overfitting,Patches.zip:Patches/Patches_ICSE/Doverfitting/AVATAR/Lang/patch1-Lang-39-AVATAR-plausible.patch,data/normalized_patches/Patches_ICSE__Doverfitting__AVATAR__Lang__patch1-Lang-39-AVATAR-plausible.diff,,AVATAR,True,True,none,,overfitting,,NA,NA,NA,NA,NA,NA
Patches_ICSE__Doverfitting__AVATAR__Lang__patch1-Lang-51-AVATAR-plausible,Lang-51,Lang,51,overfitting,overfitting,Patches.zip:Patches/Patches_ICSE/Doverfitting/AVATAR/Lang/patch1-Lang-51-AVATAR-plausible.patch,data/normalized_patches/Patches_ICSE__Doverfitting__AVATAR__Lang__patch1-Lang-51-AVATAR-plausible.diff,,AVATAR,True,True,none,,overfitting,,NA,NA,NA,NA,NA,NA
Patches_ICSE__Doverfitting__AVATAR__Lang__patch1-Lang-58-AVATAR-plausible,Lang-58,Lang,58,overfitting,overfitting,Patches.zip:Patches/Patches_ICSE/Doverfitting/AVATAR/Lang/patch1-Lang-58-AVATAR-plausible.patch,data/normalized_patches/Patches_ICSE__Doverfitting__AVATAR__Lang__patch1-Lang-58-AVATAR-plausible.diff,,AVATAR,True,True,none,,overfitting,,NA,NA,NA,NA,NA,NA
Patches_ICSE__Doverfitting__AVATAR__Lang__patch1-Lang-59-AVATAR-plausible,Lang-59,Lang,59,overfitting,overfitting,Patches.zip:Patches/Patches_ICSE/Doverfitting/AVATAR/Lang/patch1-Lang-59-AVATAR-plausible.patch,data/normalized_patches/Patches_ICSE__Doverfitting__AVATAR__Lang__patch1-Lang-59-AVATAR-plausible.diff,,AVATAR,True,True,none,,overfitting,,NA,NA,NA,NA,NA,NA
Patches_ICSE__Doverfitting__AVATAR__Lang__patch1-Lang-63-AVATAR-plausible,Lang-63,Lang,63,overfitting,overfitting,Patches.zip:Patches/Patches_ICSE/Doverfitting/AVATAR/Lang/patch1-Lang-63-AVATAR-plausible.patch,data/normalized_patches/Patches_ICSE__Doverfitting__AVATAR__Lang__patch1-Lang-63-AVATAR-plausible.diff,,AVATAR,True,True,none,,overfitting,,NA,NA,NA,NA,NA,NA
Patches_ICSE__Doverfitting__AVATAR__Math__patch1-Math-104-AVATAR-plausible,Math-104,Math,104,overfitting,overfitting,Patches.zip:Patches/Patches_ICSE/Doverfitting/AVATAR/Math/patch1-Math-104-AVATAR-plausible.patch,data/normalized_patches/Patches_ICSE__Doverfitting__AVATAR__Math__patch1-Math-104-AVATAR-plausible.diff,DUP0048,AVATAR,True,True,none,,overfitting,,NA,NA,NA,NA,NA,NA
Patches_ICSE__Doverfitting__AVATAR__Math__patch1-Math-2-AVATAR-plausible,Math-2,Math,2,overfitting,overfitting,Patches.zip:Patches/Patches_ICSE/Doverfitting/AVATAR/Math/patch1-Math-2-AVATAR-plausible.patch,data/normalized_patches/Patches_ICSE__Doverfitting__AVATAR__Math__patch1-Math-2-AVATAR-plausible.diff,,AVATAR,True,True,none,,overfitting,,NA,NA,NA,NA,NA,NA
Patches_ICSE__Doverfitting__AVATAR__Math__patch1-Math-49-AVATAR-plausible,Math-49,Math,49,overfitting,overfitting,Patches.zip:Patches/Patches_ICSE/Doverfitting/AVATAR/Math/patch1-Math-49-AVATAR-plausible.patch,data/normalized_patches/Patches_ICSE__Doverfitting__AVATAR__Math__patch1-Math-49-AVATAR-plausible.diff,DUP0055,AVATAR,True,True,none,,overfitting,,NA,NA,NA,NA,NA,NA
Patches_ICSE__Doverfitting__AVATAR__Math__patch1-Math-50-AVATAR-plausible,Math-50,Math,50,overfitting,overfitting,Patches.zip:Patches/Patches_ICSE/Doverfitting/AVATAR/Math/patch1-Math-50-AVATAR-plausible.patch,data/normalized_patches/Patches_ICSE__Doverfitting__AVATAR__Math__patch1-Math-50-AVATAR-plausible.diff,,AVATAR,True,True,none,,overfitting,,NA,NA,NA,NA,NA,NA
Patches_ICSE__Doverfitting__AVATAR__Math__patch1-Math-57-AVATAR-plausible,Math-57,Math,57,overfitting,overfitting,Patches.zip:Patches/Patches_ICSE/Doverfitting/AVATAR/Math/patch1-Math-57-AVATAR-plausible.patch,data/normalized_patches/Patches_ICSE__Doverfitting__AVATAR__Math__patch1-Math-57-AVATAR-plausible.diff,,AVATAR,True,True,none,,overfitting,,NA,NA,NA,NA,NA,NA
Patches_ICSE__Doverfitting__AVATAR__Math__patch1-Math-6-AVATAR-plausible,Math-6,Math,6,overfitting,overfitting,Patches.zip:Patches/Patches_ICSE/Doverfitting/AVATAR/Math/patch1-Math-6-AVATAR-plausible.patch,data/normalized_patches/Patches_ICSE__Doverfitting__AVATAR__Math__patch1-Math-6-AVATAR-plausible.diff,DUP0064,AVATAR,True,True,none,,overfitting,,NA,NA,NA,NA,NA,NA
Patches_ICSE__Doverfitting__AVATAR__Math__patch1-Math-62-AVATAR-plausible,Math-62,Math,62,overfitting,overfitting,Patches.zip:Patches/Patches_ICSE/Doverfitting/AVATAR/Math/patch1-Math-62-AVATAR-plausible.patch,data/normalized_patches/Patches_ICSE__Doverfitting__AVATAR__Math__patch1-Math-62-AVATAR-plausible.diff,DUP0065,AVATAR,True,True,none,,overfitting,,NA,NA,NA,NA,NA,NA
Patches_ICSE__Doverfitting__AVATAR__Math__patch1-Math-78-AVATAR-plausible,Math-78,Math,78,overfitting,overfitting,Patches.zip:Patches/Patches_ICSE/Doverfitting/AVATAR/Math/patch1-Math-78-AVATAR-plausible.patch,data/normalized_patches/Patches_ICSE__Doverfitting__AVATAR__Math__patch1-Math-78-AVATAR-plausible.diff,,AVATAR,True,True,none,,overfitting,,NA,NA,NA,NA,NA,NA
Patches_ICSE__Doverfitting__AVATAR__Math__patch1-Math-80-AVATAR-plausible,Math-80,Math,80,overfitting,overfitting,Patches.zip:Patches/Patches_ICSE/Doverfitting/AVATAR/Math/patch1-Math-80-AVATAR-plausible.patch,data/normalized_patches/Patches_ICSE__Doverfitting__AVATAR__Math__patch1-Math-80-AVATAR-plausible.diff,DUP0072,AVATAR,True,True,none,,overfitting,,NA,NA,NA,NA,NA,NA
Patches_ICSE__Doverfitting__AVATAR__Math__patch1-Math-81-AVATAR-plausible,Math-81,Math,81,overfitting,overfitting,Patches.zip:Patches/Patches_ICSE/Doverfitting/AVATAR/Math/patch1-Math-81-AVATAR-plausible.patch,data/normalized_patches/Patches_ICSE__Doverfitting__AVATAR__Math__patch1-Math-81-AVATAR-plausible.diff,,AVATAR,True,True,none,,overfitting,,NA,NA,NA,NA,NA,NA
Patches_ICSE__Doverfitting__AVATAR__Math__patch1-Math-82-AVATAR-plausible,Math-82,Math,82,overfitting,overfitting,Patches.zip:Patches/Patches_ICSE/Doverfitting/AVATAR/Math/patch1-Math-82-AVATAR-plausible.patch,data/normalized_patches/Patches_ICSE__Doverfitting__AVATAR__Math__patch1-Math-82-AVATAR-plausible.diff,,AVATAR,True,True,none,,overfitting,,NA,NA,NA,NA,NA,NA
Patches_ICSE__Doverfitting__AVATAR__Math__patch1-Math-84-AVATAR-plausible,Math-84,Math,84,overfitting,overfitting,Patches.zip:Patches/Patches_ICSE/Doverfitting/AVATAR/Math/patch1-Math-84-AVATAR-plausible.patch,data/normalized_patches/Patches_ICSE__Doverfitting__AVATAR__Math__patch1-Math-84-AVATAR-plausible.diff,DUP0078,AVATAR,True,True,none,,overfitting,,NA,NA,NA,NA,NA,NA
Patches_ICSE__Doverfitting__AVATAR__Math__patch1-Math-88-AVATAR-plausible,Math-88,Math,88,overfitting,overfitting,Patches.zip:Patches/Patches_ICSE/Doverfitting/AVATAR/Math/patch1-Math-88-AVATAR-plausible.patch,data/normalized_patches/Patches_ICSE__Doverfitting__AVATAR__Math__patch1-Math-88-AVATAR-plausible.diff,DUP0081,AVATAR,True,True,none,,overfitting,,NA,NA,NA,NA,NA,NA
Patches_ICSE__Doverfitting__AVATAR__Math__patch1-Math-95-AVATAR-plausible,Math-95,Math,95,overfitting,overfitting,Patches.zip:Patches/Patches_ICSE/Doverfitting/AVATAR/Math/patch1-Math-95-AVATAR-plausible.patch,data/normalized_patches/Patches_ICSE__Doverfitting__AVATAR__Math__patch1-Math-95-AVATAR-plausible.diff,,AVATAR,True,True,none,,overfitting,,NA,NA,NA,NA,NA,NA
Patches_ICSE__Doverfitting__Arja__Chart__patch1-Chart-1-Arja-plusible,Chart-1,Chart,1,overfitting,overfitting,Patches.zip:Patches/Patches_ICSE/Doverfitting/Arja/Chart/patch1-Chart-1-Arja-plusible.patch,data/normalized_patches/Patches_ICSE__Doverfitting__Arja__Chart__patch1-Chart-1-Arja-plusible.diff,,Arja,True,True,none,,overfitting,,NA,NA,NA,NA,NA,NA
Patches_ICSE__Doverfitting__Arja__Chart__patch1-Chart-13-Arja-plusible,Chart-13,Chart,13,overfitting,overfitting,Patches.zip:Patches/Patches_ICSE/Doverfitting/Arja/Chart/patch1-Chart-13-Arja-plusible.patch,data/normalized_patches/Patches_ICSE__Doverfitting__Arja__Chart__patch1-Chart-13-Arja-plusible.diff,,Arja,True,True,none,,overfitting,,NA,NA,NA,NA,NA,NA
Patches_ICSE__Doverfitting__Arja__Chart__patch1-Chart-14-Arja-plusible,Chart-14,Chart,14,overfitting,overfitting,Patches.zip:Patches/Patches_ICSE/Doverfitting/Arja/Chart/patch1-Chart-14-Arja-plusible.patch,data/normalized_patches/Patches_ICSE__Doverfitting__Arja__Chart__patch1-Chart-14-Arja-plusible.diff,,Arja,True,True,none,,overfitting,,NA,NA,NA,NA,NA,NA
Patches_ICSE__Doverfitting__Arja__Chart__patch1-Chart-15-Arja-plusible,Chart-15,Chart,15,overfitting,overfitting,Patches.zip:Patches/Patches_ICSE/Doverfitting/Arja/Chart/patch1-Chart-15-Arja-plusible.patch,data/normalized_patches/Patches_ICSE__Doverfitting__Arja__Chart__patch1-Chart-15-Arja-plusible.diff,,Arja,True,True,none,,overfitting,,NA,NA,NA,NA,NA,NA
Patches_ICSE__Doverfitting__Arja__Chart__patch1-Chart-19-Arja-plusible,Chart-19,Chart,19,overfitting,overfitting,Patches.zip:Patches/Patches_ICSE/Doverfitting/Arja/Chart/patch1-Chart-19-Arja-plusible.patch,data/normalized_patches/Patches_ICSE__Doverfitting__Arja__Chart__patch1-Chart-19-Arja-plusible.diff,,Arja,True,True,none,,overfitting,,NA,NA,NA,NA,NA,NA
Patches_ICSE__Doverfitting__Arja__Chart__patch1-Chart-25-Arja-plusible,Chart-25,Chart,25,overfitting,overfitting,Patches.zip:Patches/Patches_ICSE/Doverfitting/Arja/Chart/patch1-Chart-25-Arja-plusible.patch,data/normalized_patches/Patches_ICSE__Doverfitting__Arja__Chart__patch1-Chart-25-Arja-plusible.diff,,Arja,True,True,none,,overfitting,,NA,NA,NA,NA,NA,NA
Patches_ICSE__Doverfitting__Arja__Chart__patch1-Chart-3-Arja-plusible,Chart-3,Chart,3,overfitting,overfitting,Patches.zip:Patches/Patches_ICSE/Doverfitting/Arja/Chart/patch1-Chart-3-Arja-plusible.patch,data/normalized_patches/Patches_ICSE__Doverfitting__Arja__Chart__patch1-Chart-3-Arja-plusible.diff,,Arja,True,True,none,,overfitting,,NA,NA,NA,NA,NA,NA
Patches_ICSE__Doverfitting__Arja__Chart__patch1-Chart-5-Arja-plusible,Chart-5,Chart,5,overfitting,overfitting,Patches.zip:Patches/Patches_ICSE/Doverfitting/Arja/Chart/patch1-Chart-5-Arja-plusible.patch,data/normalized_patches/Patches_ICSE__Doverfitting__Arja__Chart__patch1-Chart-5-Arja-plusible.diff,,Arja,True,True,none,,overfitting,,NA,NA,NA,NA,NA,NA
Patches_ICSE__Doverfitting__Arja__Chart__patch1-Chart-7-Arja-plusible,Chart-7,Chart,7,overfitting,overfitting,Patches.zip:Patches/Patches_ICSE/Doverfitting/Arja/Chart/patch1-Chart-7-Arja-plusible.patch,data/normalized_patches/Patches_ICSE__Doverfitting__Arja__Chart__patch1-Chart-7-Arja-plusible.diff,,Arja,True,True,none,,overfitting,,NA,NA,NA,NA,NA,NA
Patches_ICSE__Doverfitting__Arja__Closure__patch1-Closure-1-Arja-plausible,Closure-1,Closure,1,overfitting,overfitting,Patches.zip:Patches/Patches_ICSE/Doverfitting/Arja/Closure/patch1-Closure-1-Arja-plausible.patch,data/normalized_patches/Patches_ICSE__Doverfitting__Arja__Closure__patch1-Closure-1-Arja-plausible.diff,,Arja,True,True,none,,overfitting,,NA,NA,NA,NA,NA,NA
Patches_ICSE__Doverfitting__Arja__Closure__patch1-Closure-10-Arja-plausible,Closure-10,Closure,10,overfitting,overfitting,Patches.zip:Patches/Patches_ICSE/Doverfitting/Arja/Closure/patch1-Closure-10-Arja-plausible.patch,data/normalized_patches/Patches_ICSE__Doverfitting__Arja__Closure__patch1-Closure-10-Arja-plausible.diff,,Arja,True,True,none,,overfitting,,NA,NA,NA,NA,NA,NA
Patches_ICSE__Doverfitting__Arja__Closure__patch1-Closure-112-Arja-plausible,Closure-112,Closure,112,overfitting,overfitting,Patches.zip:Patches/Patches_ICSE/Doverfitting/Arja/Closure/patch1-Closure-112-Arja-plausible.patch,data/normalized_patches/Patches_ICSE__Doverfitting__Arja__Closure__patch1-Closure-112-Arja-plausible.diff,,Arja,True,True,none,,overfitting,,NA,NA,NA,NA,NA,NA
Patches_ICSE__Doverfitting__Arja__Closure__patch1-Closure-114-Arja-plausible,Closure-114,Closure,114,overfitting,overfitting,Patches.zip:Patches/Patches_ICSE/Doverfitting/Arja/Closure/patch1-Closure-114-Arja-plausible.patch,data/normalized_patches/Patches_ICSE__Doverfitting__Arja__Closure__patch1-Closure-114-Arja-plausible.diff,,Arja,True,True,none,,overfitting,,NA,NA,NA,NA,NA,NA
Patches_ICSE__Doverfitting__Arja__Closure__patch1-Closure-116-Arja-plausible,Closure-116,Closure,116,overfitting,overfitting,Patches.zip:Patches/Patches_ICSE/Doverfitting/Arja/Closure/patch1-Closure-116-Arja-plausible.patch,data/normalized_patches/Patches_ICSE__Doverfitting__Arja__Closure__patch1-Closure-116-Arja-plausible.diff,,Arja,True,True,none,,overfitting,,NA,NA,NA,NA,NA,NA
Patches_ICSE__Doverfitting__Arja__Closure__patch1-Closure-117-Arja-plausible,Closure-117,Closure,117,overfitting,overfitting,Patches.zip:Patches/Patches_ICSE/Doverfitting/Arja/Closure/patch1-Closure-117-Arja-plausible.patch,data/normalized_patches/Patches_ICSE__Doverfitting__Arja__Closure__patch1-Closure-117-Arja-plausible.diff,,Arja,True,True,none,,overfitting,,NA,NA,NA,NA,NA,NA
Patches_ICSE__Doverfitting__Arja__Closure__patch1-Closure-119-Arja-plausible,Closure-119,Closure,119,overfitting,overfitting,Patches.zip:Patches/Patches_ICSE/Doverfitting/Arja/Closure/patch1-Closure-119-Arja-plausible.patch,data/normalized_patches/Patches_ICSE__Doverfitting__Arja__Closure__patch1-Closure-119-Arja-plausible.diff,,Arja,True,True,none,,overfitting,,NA,NA,NA,NA,NA,NA
Patches_ICSE__Doverfitting__Arja__Closure__patch1-Closure-120-Arja-plausible,Closure-120,Closure,120,overfitting,overfitting,Patches.zip:Patches/Patches_ICSE/Doverfitting/Arja/Closure/patch1-Closure-120-Arja-plausible.patch,data/normalized_patches/Patches_ICSE__Doverfitting__Arja__Closure__patch1-Closure-120-Arja-plausible.diff,,Arja,True,True,none,,overfitting,,NA,NA,NA,NA,NA,NA
Patches_ICSE__Doverfitting__Arja__Closure__patch1-Closure-121-Arja-plausible,Closure-121,Closure,121,overfitting,overfitting,Patches.zip:Patches/Patches_ICSE/Doverfitting/Arja/Closure/patch1-Closure-121-Arja-plausible.patch,data/normalized_patches/Patches_ICSE__Doverfitting__Arja__Closure__patch1-Closure-121-Arja-plausible.diff,,Arja,True,True,none,,overfitting,,NA,NA,NA,NA,NA,NA
Patches_ICSE__Doverfitting__Arja__Closure__patch1-Closure-124-Arja-plausible,Closure-124,Closure,124,overfitting,overfitting,Patches.zip:Patches/Patches_ICSE/Doverfitting/Arja/Closure/patch1-Closure-124-Arja-plausible.patch,data/normalized_patches/Patches_ICSE__Doverfitting__Arja__Closure__patch1-Closure-124-Arja-plausible.diff,,Arja,True,True,none,,overfitting,,NA,NA,NA,NA,NA,NA
Patches_ICSE__Doverfitting__Arja__Closure__patch1-Closure-125-Arja-plausible,Closure-125,Closure,125,overfitting,overfitting,Patches.zip:Patches/Patches_ICSE/Doverfitting/Arja/Closure/patch1-Closure-125-Arja-plausible.patch,data/normalized_patches/Patches_ICSE__Doverfitting__Arja__Closure__patch1-Closure-125-Arja-plausible.diff,,Arja,True,True,none,,overfitting,,NA,NA,NA,NA,NA,NA
Patches_ICSE__Doverfitting__Arja__Closure__patch1-Closure-129-Arja-plausible,Closure-129,Closure,129,overfitting,overfitting,Patches.zip:Patches/Patches_ICSE/Doverfitting/Arja/Closure/patch1-Closure-129-Arja-plausible.patch,data/normalized_patches/Patches_ICSE__Doverfitting__Arja__Closure__patch1-Closure-129-Arja-plausible.diff,DUP0027,Arja,True,True,none,,overfitting,,NA,NA,NA,NA,NA,NA
Patches_ICSE__Doverfitting__Arja__Closure__patch1-Closure-130-Arja-plausible,Closure-130,Closure,130,overfitting,overfitting,Patches.zip:Patches/Patches_ICSE/Doverfitting/Arja/Closure/patch1-Closure-130-Arja-plausible.patch,data/normalized_patches/Patches_ICSE__Doverfitting__Arja__Closure__patch1-Closure-130-Arja-plausible.diff,DUP0028,Arja,True,True,none,,overfitting,,NA,NA,NA,NA,NA,NA
Patches_ICSE__Doverfitting__Arja__Closure__patch1-Closure-133-Arja-plausible,Closure-133,Closure,133,overfitting,overfitting,Patches.zip:Patches/Patches_ICSE/Doverfitting/Arja/Closure/patch1-Closure-133-Arja-plausible.patch,data/normalized_patches/Patches_ICSE__Doverfitting__Arja__Closure__patch1-Closure-133-Arja-plausible.diff,,Arja,True,True,none,,overfitting,,NA,NA,NA,NA,NA,NA
Patches_ICSE__Doverfitting__Arja__Closure__patch1-Closure-21-Arja-plausible,Closure-21,Closure,21,overfitting,overfitting,Patches.zip:Patches/Patches_ICSE/Doverfitting/Arja/Closure/patch1-Closure-21-Arja-plausible.patch,data/normalized_patches/Patches_ICSE__Doverfitting__Arja__Closure__patch1-Closure-21-Arja-plausible.diff,,Arja,True,True,none,,overfitting,,NA,NA,NA,NA,NA,NA
Patches_ICSE__Doverfitting__Arja__Closure__patch1-Closure-22-Arja-plausible,Closure-22,Closure,22,overfitting,overfitting,Patches.zip:Patches/Patches_ICSE/Doverfitting/Arja/Closure/patch1-Closure-22-Arja-plausible.patch,data/normalized_patches/Patches_ICSE__Doverfitting__Arja__Closure__patch1-Closure-22-Arja-plausible.diff,,Arja,True,True,none,,overfitting,,NA,NA,NA,NA,NA,NA
Patches_ICSE__Doverfitting__Arja__Closure__patch1-Closure-33-Arja-plausible,Closure-33,Closure,33,overfitting,overfitting,Patches.zip:Patches/Patches_ICSE/Doverfitting/Arja/Closure/patch1-Closure-33-Arja-plausible.patch,data/normalized_patches/Patches_ICSE__Doverfitting__Arja__Closure__patch1-Closure-33-Arja-plausible.diff,,Arja,True,True,none,,overfitting,,NA,NA,NA,NA,NA,NA
Patches_ICSE__Doverfitting__Arja__Closure__patch1-Closure-45-Arja-plausible,Closure-45,Closure,45,overfitting,overfitting,Patches.zip:Patches/Patches_ICSE/Doverfitting/Arja/Closure/patch1-Closure-45-Arja-plausible.patch,data/normalized_patches/Patches_ICSE__Doverfitting__Arja__Closure__patch1-Closure-45-Arja-plausible.diff,DUP0029,Arja,True,True,none,,overfitting,,NA,NA,NA,NA,NA,NA
Patches_ICSE__Doverfitting__Arja__Closure__patch1-Closure-46-Arja-plausible,Closure-46,Closure,46,overfitting,overfitting,Patches.zip:Patches/Patches_ICSE/Doverfitting/Arja/Closure/patch1-Closure-46-Arja-plausible.patch,data/normalized_patches/Patches_ICSE__Doverfitting__Arja__Closure__patch1-Closure-46-Arja-plausible.diff,,Arja,True,True,none,,overfitting,,NA,NA,NA,NA,NA,NA
Patches_ICSE__Doverfitting__Arja__Closure__patch1-Closure-55-Arja-plausible,Closure-55,Closure,55,overfitting,overfitting,Patches.zip:Patches/Patches_ICSE/Doverfitting/Arja/Closure/patch1-Closure-55-Arja-plausible.patch,data/normalized_patches/Patches_ICSE__Doverfitting__Arja__Closure__patch1-Closure-55-Arja-plausible.diff,,Arja,True,True,none,,overfitting,,NA,NA,NA,NA,NA,NA
Patches_ICSE__Doverfitting__Arja__Closure__patch1-Closure-59-Arja-plausible,Closure-59,Closure,59,overfitting,overfitting,Patches.zip:Patches/Patches_ICSE/Doverfitting/Arja/Closure/patch1-Closure-59-Arja-plausible.patch,data/normalized_patches/Patches_ICSE__Doverfitting__Arja__Closure__patch1-Closure-59-Arja-plausible.diff,,Arja,True,True,none,,overfitting,,NA,NA,NA,NA,NA,NA
Patches_ICSE__Doverfitting__Arja__Closure__patch1-Closure-67-Arja-plausible,Closure-67,Closure,67,overfitting,overfitting,Patches.zip:Patches/Patches_ICSE/Doverfitting/Arja/Closure/patch1-Closure-67-Arja-plausible.patch,data/normalized_patches/Patches_ICSE__Doverfitting__Arja__Closure__patch1-Closure-67-Arja-plausible.diff,,Arja,True,True,none,,overfitting,,NA,NA,NA,NA,NA,NA
Patches_ICSE__Doverfitting__Arja__Closure__patch1-Closure-68-Arja-plausible,Closure-68,Closure,68,overfitting,overfitting,Patches.zip:Patches/Patches_ICSE/Doverfitting/Arja/Closure/patch1-Closure-68-Arja-plausible.patch,data/normalized_patches/Patches_ICSE__Doverfitting__Arja__Closure__patch1-Closure-68-Arja-plausible.diff,,Arja,True,True,none,,overfitting,,NA,NA,NA,NA,NA,NA
Patches_ICSE__Doverfitting__Arja__Closure__patch1-Closure-7-Arja-plausible,Closure-7,Closure,7,overfitting,overfitting,Patches.zip:Patches/Patches_ICSE/Doverfitting/Arja/Closure/patch1-Closure-7-Arja-plausible.patch,data/normalized_patches/Patches_ICSE__Doverfitting__Arja__Closure__patch1-Closure-7-Arja-plausible.diff,,Arja,True,True,none,,overfitting,,NA,NA,NA,NA,NA,NA
Patches_ICSE__Doverfitting__Arja__Closure__patch1-Closure-75-Arja-plausible,Closure-75,Closure,75,overfitting,overfitting,Patches.zip:Patches/Patches_ICSE/Doverfitting/Arja/Closure/patch1-Closure-75-Arja-plausible.patch,data/normalized_patches/Patches_ICSE__Doverfitting__Arja__Closure__patch1-Closure-75-Arja-plausible.diff,,Arja,True,True,none,,overfitting,,NA,NA,NA,NA,NA,NA
Patches_ICSE__Doverfitting__Arja__Closure__patch1-Closure-78-Arja-plausible,Closure-78,Closure,78,overfitting,overfitting,Patches.zip:Patches/Patches_ICSE/Doverfitting/Arja/Closure/patch1-Closure-78-Arja-plausible.patch,data/normalized_patches/Patches_ICSE__Doverfitting__Arja__Closure__patch1-Closure-78-Arja-plausible.diff,,Arja,True,True,none,,overfitting,,NA,NA,NA,NA,NA,NA
Patches_ICSE__Doverfitting__Arja__Closure__patch1-Closure-8-Arja-plausible,Closure-8,Closure,8,overfitting,overfitting,Patches.zip:Patches/Patches_ICSE/Doverfitting/Arja/Closure/patch1-Closure-8-Arja-plausible.patch,data/normalized_patches/Patches_ICSE__Doverfitting__Arja__Closure__patch1-Closure-8-Arja-plausible.diff,,Arja,True,True,none,,overfitting,,NA,NA,NA,NA,NA,NA
Patches_ICSE__Doverfitting__Arja__Lang__patch1-Lang-16-Arja-plausible,Lang-16,Lang,16,overfitting,overfitting,Patches.zip:Patches/Patches_ICSE/Doverfitting/Arja/Lang/patch1-Lang-16-Arja-plausible.patch,data/normalized_patches/Patches_ICSE__Doverfitting__Arja__Lang__patch1-Lang-16-Arja-plausible.diff,DUP0037,Arja,True,True,none,,overfitting,,NA,NA,NA,NA,NA,NA
Patches_ICSE__Doverfitting__Arja__Lang__patch1-Lang-20-Arja-plausible,Lang-20,Lang,20,overfitting,overfitting,Patches.zip:Patches/Patches_ICSE/Doverfitting/Arja/Lang/patch1-Lang-20-Arja-plausible.patch,data/normalized_patches/Patches_ICSE__Doverfitting__Arja__Lang__patch1-Lang-20-Arja-plausible.diff,,Arja,True,True,none,,overfitting,,NA,NA,NA,NA,NA,NA
Patches_ICSE__Doverfitting__Arja__Lang__patch1-Lang-7-Arja-plausible,Lang-7,Lang,7,overfitting,overfitting,Patches.zip:Patches/Patches_ICSE/Doverfitting/Arja/Lang/patch1-Lang-7-Arja-plausible.patch,data/normalized_patches/Patches_ICSE__Doverfitting__Arja__Lang__patch1-Lang-7-Arja-plausible.diff,,Arja,True,True,none,,overfitting,,NA,NA,NA,NA,NA,NA
Patches_ICSE__Doverfitting__Arja__Math__patch1-Math-2-Arja-plausible,Math-2,Math,2,overfitting,overfitting,Patches.zip:Patches/Patches_ICSE/Doverfitting/Arja/Math/patch1-Math-2-Arja-plausible.patch,data/normalized_patches/Patches_ICSE__Doverfitting__Arja__Math__patch1-Math-2-Arja-plausible.diff,DUP0049,Arja,True,True,none,,overfitting,,NA,NA,NA,NA,NA,NA
Patches_ICSE__Doverfitting__Arja__Math__patch1-Math-28-Arja-plausible,Math-28,Math,28,overfitting,overfitting,Patches.zip:Patches/Patches_ICSE/Doverfitting/Arja/Math/patch1-Math-28-Arja-plausible.patch,data/normalized_patches/Patches_ICSE__Doverfitting__Arja__Math__patch1-Math-28-Arja-plausible.diff,DUP0050,Arja,True,True,none,,overfitting,,NA,NA,NA,NA,NA,NA
Patches_ICSE__Doverfitting__Arja__Math__patch1-Math-40-Arja-plausible,Math-40,Math,40,overfitting,overfitting,Patches.zip:Patches/Patches_ICSE/Doverfitting/Arja/Math/patch1-Math-40-Arja-plausible.patch,data/normalized_patches/Patches_ICSE__Doverfitting__Arja__Math__patch1-Math-40-Arja-plausible.diff,,Arja,True,True,none,,overfitting,,NA,NA,NA,NA,NA,NA
Patches_ICSE__Doverfitting__Arja__Math__patch1-Math-56-Arja-plausible,Math-56,Math,56,overfitting,overfitting,Patches.zip:Patches/Patches_ICSE/Doverfitting/Arja/Math/patch1-Math-56-Arja-plausible.patch,data/normalized_patches/Patches_ICSE__Doverfitting__Arja__Math__patch1-Math-56-Arja-plausible.diff,,Arja,True,True,none,,overfitting,,NA,NA,NA,NA,NA,NA
Patches_ICSE__Doverfitting__Arja__Math__patch1-Math-74-Arja-plausible,Math-74,Math,74,overfitting,overfitting,Patches.zip:Patches/Patches_ICSE/Doverfitting/Arja/Math/patch1-Math-74-Arja-plausible.patch,data/normalized_patches/Patches_ICSE__Doverfitting__Arja__Math__patch1-Math-74-Arja-plausible.diff,,Arja,True,True,none,,overfitting,,NA,NA,NA,NA,NA,NA
Patches_ICSE__Doverfitting__Arja__Math__patch1-Math-80-Arja-plausible,Math-80,Math,80,overfitting,overfitting,Patches.zip:Patches/Patches_ICSE/Doverfitting/Arja/Math/patch1-Math-80-Arja-plausible.patch,data/normalized_patches/Patches_ICSE__Doverfitting__Arja__Math__patch1-Math-80-Arja-plausible.diff,,Arja,True,True,none,,overfitting,,NA,NA,NA,NA,NA,NA
Patches_ICSE__Doverfitting__Arja__Math__patch1-Math-81-Arja-plausible,Math-81,Math,81,overfitting,overfitting,Patches.zip:Patches/Patches_ICSE/Doverfitting/Arja/Math/patch1-Math-81-Arja-plausible.patch,data/normalized_patches/Patches_ICSE__Doverfitting__Arja__Math__patch1-Math-81-Arja-plausible.diff,,Arja,True,True,none,,overfitting,,NA,NA,NA,NA,NA,NA
Patches_ICSE__Doverfitting__Arja__Math__patch1-Math-82-Arja-plausible,Math-82,Math,82,overfitting,overfitting,Patches.zip:Patches/Patches_ICSE/Doverfitting/Arja/Math/patch1-Math-82-Arja-plausible.patch,data/normalized_patches/Patches_ICSE__Doverfitting__Arja__Math__patch1-Math-82-Arja-plausible.diff,,Arja,True,True,none,,overfitting,,NA,NA,NA,NA,NA,NA
Patches_ICSE__Doverfitting__Arja__Math__patch1-Math-84-Arja-plausible,Math-84,Math,84,overfitting,overfitting,Patches.zip:Patches/Patches_ICSE/Doverfitting/Arja/Math/patch1-Math-84-Arja-plausible.patch,data/normalized_patches/Patches_ICSE__Doverfitting__Arja__Math__patch1-Math-84-Arja-plausible.diff,,Arja,True,True,none,,overfitting,,NA,NA,NA,NA,NA,NA
Patches_ICSE__Doverfitting__Arja__Math__patch1-Math-85-Arja-plausible,Math-85,Math,85,overfitting,overfitting,Patches.zip:Patches/Patches_ICSE/Doverfitting/Arja/Math/patch1-Math-85-Arja-plausible.patch,data/normalized_patches/Patches_ICSE__Doverfitting__Arja__Math__patch1-Math-85-Arja-plausible.diff,,Arja,True,True,none,,overfitting,,NA,NA,NA,NA,NA,NA
Patches_ICSE__Doverfitting__Arja__Math__patch1-Math-95-Arja-plausible,Math-95,Math,95,overfitting,overfitting,Patches.zip:Patches/Patches_ICSE/Doverfitting/Arja/Math/patch1-Math-95-Arja-plausible.patch,data/normalized_patches/Patches_ICSE__Doverfitting__Arja__Math__patch1-Math-95-Arja-plausible.diff,,Arja,True,True,none,,overfitting,,NA,NA,NA,NA,NA,NA
Patches_ICSE__Doverfitting__Cardumen__Chart__patch1-Chart-13-Cardumen-plausible,Chart-13,Chart,13,overfitting,overfitting,Patches.zip:Patches/Patches_ICSE/Doverfitting/Cardumen/Chart/patch1-Chart-13-Cardumen-plausible.patch,data/normalized_patches/Patches_ICSE__Doverfitting__Cardumen__Chart__patch1-Chart-13-Cardumen-plausible.diff,,Cardumen,True,True,none,,overfitting,,NA,NA,NA,NA,NA,NA
Patches_ICSE__Doverfitting__Cardumen__Chart__patch1-Chart-24-Cardumen-plausible,Chart-24,Chart,24,overfitting,overfitting,Patches.zip:Patches/Patches_ICSE/Doverfitting/Cardumen/Chart/patch1-Chart-24-Cardumen-plausible.patch,data/normalized_patches/Patches_ICSE__Doverfitting__Cardumen__Chart__patch1-Chart-24-Cardumen-plausible.diff,,Cardumen,True,True,none,,overfitting,,NA,NA,NA,NA,NA,NA
Patches_ICSE__Doverfitting__Cardumen__Chart__patch1-Chart-6-Cardumen-plausible,Chart-6,Chart,6,overfitting,overfitting,Patches.zip:Patches/Patches_ICSE/Doverfitting/Cardumen/Chart/patch1-Chart-6-Cardumen-plausible.patch,data/normalized_patches/Patches_ICSE__Doverfitting__Cardumen__Chart__patch1-Chart-6-Cardumen-plausible.diff,,Cardumen,True,True,none,,overfitting,,NA,NA,NA,NA,NA,NA
Patches_ICSE__Doverfitting__Cardumen__Closure__patch1-Closure-62-Cardumen-plausible,Closure-62,Closure,62,overfitting,overfitting,Patches.zip:Patches/Patches_ICSE/Doverfitting/Cardumen/Closure/patch1-Closure-62-Cardumen-plausible.patch,data/normalized_patches/Patches_ICSE__Doverfitting__Cardumen__Closure__patch1-Closure-62-Cardumen-plausible.diff,,Cardumen,True,True,none,,overfitting,,NA,NA,NA,NA,NA,NA
Patches_ICSE__Doverfitting__Cardumen__Closure__patch1-Closure-63-Cardumen-plausible,Closure-63,Closure,63,overfitting,overfitting,Patches.zip:Patches/Patches_ICSE/Doverfitting/Cardumen/Closure/patch1-Closure-63-Cardumen-plausible.patch,data/normalized_patches/Patches_ICSE__Doverfitting__Cardumen__Closure__patch1-Closure-63-Cardumen-plausible.diff,,Cardumen,True,True,none,,overfitting,,NA,NA,NA,NA,NA,NA
Patches_ICSE__Doverfitting__Cardumen__Math__patch1-Math-5-Cardumen-plausible,Math-5,Math,5,overfitting,overfitting,Patches.zip:Patches/Patches_ICSE/Doverfitting/Cardumen/Math/patch1-Math-5-Cardumen-plausible.patch,data/normalized_patches/Patches_ICSE__Doverfitting__Cardumen__Math__patch1-Math-5-Cardumen-plausible.diff,,Cardumen,True,True,none,,overfitting,,NA,NA,NA,NA,NA,NA
Patches_ICSE__Doverfitting__Cardumen__Math__patch1-Math-63-Cardumen-plausible,Math-63,Math,63,overfitting,overfitting,Patches.zip:Patches/Patches_ICSE/Doverfitting/Cardumen/Math/patch1-Math-63-Cardumen-plausible.patch,data/normalized_patches/Patches_ICSE__Doverfitting__Cardumen__Math__patch1-Math-63-Cardumen-plausible.diff,,Cardumen,True,True,none,,overfitting,,NA,NA,NA,NA,NA,NA
Patches_ICSE__Doverfitting__Cardumen__Math__patch1-Math-73-Cardumen-plausible,Math-73,Math,73,overfitting,overfitting,Patches.zip:Patches/Patches_ICSE/Doverfitting/Cardumen/Math/patch1-Math-73-Cardumen-plausible.patch,data/normalized_patches/Patches_ICSE__Doverfitting__Cardumen__Math__patch1-Math-73-Cardumen-plausible.diff,,Cardumen,True,True,none,,overfitting,,NA,NA,NA,NA,NA,NA
Patches_ICSE__Doverfitting__Cardumen__Math__patch1-Math-85-Cardumen-plausible,Math-85,Math,85,overfitting,overfitting,Patches.zip:Patches/Patches_ICSE/Doverfitting/Cardumen/Math/patch1-Math-85-Cardumen-plausible.patch,data/normalized_patches/Patches_ICSE__Doverfitting__Cardumen__Math__patch1-Math-85-Cardumen-plausible.diff,,Cardumen,True,True,none,,overfitting,,NA,NA,NA,NA,NA,NA
Patches_ICSE__Doverfitting__Cardumen__Math__patch1-Math-95-Cardumen-plausible,Math-95,Math,95,overfitting,overfitting,Patches.zip:Patches/Patches_ICSE/Doverfitting/Cardumen/Math/patch1-Math-95-Cardumen-plausible.patch,data/normalized_patches/Patches_ICSE__Doverfitting__Cardumen__Math__patch1-Math-95-Cardumen-plausible.diff,,Cardumen,True,True,none,,overfitting,,NA,NA,NA,NA,NA,NA
Patches_ICSE__Doverfitting__DynaMoth__Chart__patch1-Chart-1-DynaMoth-plausible,Chart-1,Chart,1,overfitting,overfitting,Patches.zip:Patches/Patches_ICSE/Doverfitting/DynaMoth/Chart/patch1-Chart-1-DynaMoth-plausible.patch,data/normalized_patches/Patches_ICSE__Doverfitting__DynaMoth__Chart__patch1-Chart-1-DynaMoth-plausible.diff,,DynaMoth,True,True,none,,overfitting,,NA,NA,NA,NA,NA,NA
Patches_ICSE__Doverfitting__DynaMoth__Chart__patch1-Chart-13-DynaMoth-plausible,Chart-13,Chart,13,overfitting,overfitting,Patches.zip:Patches/Patches_ICSE/Doverfitting/DynaMoth/Chart/patch1-Chart-13-DynaMoth-plausible.patch,data/normalized_patches/Patches_ICSE__Doverfitting__DynaMoth__Chart__patch1-Chart-13-DynaMoth-plausible.diff,,DynaMoth,True,True,none,,overfitting,,NA,NA,NA,NA,NA,NA
Patches_ICSE__Doverfitting__DynaMoth__Chart__patch1-Chart-15-DynaMoth-plausible,Chart-15,Chart,15,overfitting,overfitting,Patches.zip:Patches/Patches_ICSE/Doverfitting/DynaMoth/Chart/patch1-Chart-15-DynaMoth-plausible.patch,data/normalized_patches/Patches_ICSE__Doverfitting__DynaMoth__Chart__patch1-Chart-15-DynaMoth-plausible.diff,,DynaMoth,True,True,none,,overfitting,,NA,NA,NA,NA,NA,NA
Patches_ICSE__Doverfitting__DynaMoth__Chart__patch1-Chart-18-DynaMoth-plausible,Chart-18,Chart,18,overfitting,overfitting,Patches.zip:Patches/Patches_ICSE/Doverfitting/DynaMoth/Chart/patch1-Chart-18-DynaMoth-plausible.patch,data/normalized_patches/Patches_ICSE__Doverfitting__DynaMoth__Chart__patch1-Chart-18-DynaMoth-plausible.diff,,DynaMoth,True,True,none,,overfitting,,NA,NA,NA,NA,NA,NA
Patches_ICSE__Doverfitting__DynaMoth__Chart__patch1-Chart-25-DynaMoth-plausible,Chart-25,Chart,25,overfitting,overfitting,Patches.zip:Patches/Patches_ICSE/Doverfitting/DynaMoth/Chart/patch1-Chart-25-DynaMoth-plausible.patch,data/normalized_patches/Patches_ICSE__Doverfitting__DynaMoth__Chart__patch1-Chart-25-DynaMoth-plausible.diff,,DynaMoth,True,True,none,,overfitting,,NA,NA,NA,NA,NA,NA
Patches_ICSE__Doverfitting__DynaMoth__Chart__patch1-Chart-5-DynaMoth-plausible,Chart-5,Chart,5,overfitting,overfitting,Patches.zip:Patches/Patches_ICSE/Doverfitting/DynaMoth/Chart/patch1-Chart-5-DynaMoth-plausible.patch,data/normalized_patches/Patches_ICSE__Doverfitting__DynaMoth__Chart__patch1-Chart-5-DynaMoth-plausible.diff,,DynaMoth,True,True,none,,overfitting,,NA,NA,NA,NA,NA,NA
Patches_ICSE__Doverfitting__DynaMoth__Lang__patch1-Lang-51-DynaMoth-plausible,Lang-51,Lang,51,overfitting,overfitting,Patches.zip:Patches/Patches_ICSE/Doverfitting/DynaMoth/Lang/patch1-Lang-51-DynaMoth-plausible.patch,data/normalized_patches/Patches_ICSE__Doverfitting__DynaMoth__Lang__patch1-Lang-51-DynaMoth-plausible.diff,,DynaMoth,True,True,none,,overfitting,,NA,NA,NA,NA,NA,NA
Patches_ICSE__Doverfitting__DynaMoth__Lang__patch1-Lang-63-DynaMoth-plausible,Lang-63,Lang,63,overfitting,overfitting,Patches.zip:Patches/Patches_ICSE/Doverfitting/DynaMoth/Lang/patch1-Lang-63-DynaMoth-plausible.patch,data/normalized_patches/Patches_ICSE__Doverfitting__DynaMoth__Lang__patch1-Lang-63-DynaMoth-plausible.diff,,DynaMoth,True,True,none,,overfitting,,NA,NA,NA,NA,NA,NA
Patches_ICSE__Doverfitting__DynaMoth__Math__patch1-Math-105-DynaMoth-plausible,Math-105,Math,105,overfitting,overfitting,Patches.zip:Patches/Patches_ICSE/Doverfitting/DynaMoth/Math/patch1-Math-105-DynaMoth-plausible.patch,data/normalized_patches/Patches_ICSE__Doverfitting__DynaMoth__Math__patch1-Math-105-DynaMoth-plausible.diff,,DynaMoth,True,True,none,,overfitting,,NA,NA,NA,NA,NA,NA
Patches_ICSE__Doverfitting__DynaMoth__Math__patch1-Math-20-DynaMoth-plausible,Math-20,Math,20,overfitting,overfitting,Patches.zip:Patches/Patches_ICSE/Doverfitting/DynaMoth/Math/patch1-Math-20-DynaMoth-plausible.patch,data/normalized_patches/Patches_ICSE__Doverfitting__DynaMoth__Math__patch1-Math-20-DynaMoth-plausible.diff,,DynaMoth,True,True,none,,overfitting,,NA,NA,NA,NA,NA,NA
Patches_ICSE__Doverfitting__DynaMoth__Math__patch1-Math-32-DynaMoth-plausible,Math-32,Math,32,overfitting,overfitting,Patches.zip:Patches/Patches_ICSE/Doverfitting/DynaMoth/Math/patch1-Math-32-DynaMoth-plausible.patch,data/normalized_patches/Patches_ICSE__Doverfitting__DynaMoth__Math__patch1-Math-32-DynaMoth-plausible.diff,,DynaMoth,True,True,none,,overfitting,,NA,NA,NA,NA,NA,NA
Patches_ICSE__Doverfitting__DynaMoth__Math__patch1-Math-41-DynaMoth-plausible,Math-41,Math,41,overfitting,overfitting,Patches.zip:Patches/Patches_ICSE/Doverfitting/DynaMoth/Math/patch1-Math-41-DynaMoth-plausible.patch,data/normalized_patches/Patches_ICSE__Doverfitting__DynaMoth__Math__patch1-Math-41-DynaMoth-plausible.diff,,DynaMoth,True,True,none,,overfitting,,NA,NA,NA,NA,NA,NA
Patches_ICSE__Doverfitting__DynaMoth__Math__patch1-Math-49-DynaMoth-plausible,Math-49,Math,49,overfitting,overfitting,Patches.zip:Patches/Patches_ICSE/Doverfitting/DynaMoth/Math/patch1-Math-49-DynaMoth-plausible.patch,data/normalized_patches/Patches_ICSE__Doverfitting__DynaMoth__Math__patch1-Math-49-DynaMoth-plausible.diff,,DynaMoth,True,True,none,,overfitting,,NA,NA,NA,NA,NA,NA
Patches_ICSE__Doverfitting__DynaMoth__Math__patch1-Math-58-DynaMoth-plausible,Math-58,Math,58,overfitting,overfitting,Patches.zip:Patches/Patches_ICSE/Doverfitting/DynaMoth/Math/patch1-Math-58-DynaMoth-plausible.patch,data/normalized_patches/Patches_ICSE__Doverfitting__DynaMoth__Math__patch1-Math-58-DynaMoth-plausible.diff,,DynaMoth,True,True,none,,overfitting,,NA,NA,NA,NA,NA,NA
Patches_ICSE__Doverfitting__DynaMoth__Math__patch1-Math-71-DynaMoth-plausible,Math-71,Math,71,overfitting,overfitting,Patches.zip:Patches/Patches_ICSE/Doverfitting/DynaMoth/Math/patch1-Math-71-DynaMoth-plausible.patch,data/normalized_patches/Patches_ICSE__Doverfitting__DynaMoth__Math__patch1-Math-71-DynaMoth-plausible.diff,,DynaMoth,True,True,none,,overfitting,,NA,NA,NA,NA,NA,NA
Patches_ICSE__Doverfitting__DynaMoth__Math__patch1-Math-8-DynaMoth-plausible,Math-8,Math,8,overfitting,overfitting,Patches.zip:Patches/Patches_ICSE/Doverfitting/DynaMoth/Math/patch1-Math-8-DynaMoth-plausible.patch,data/normalized_patches/Patches_ICSE__Doverfitting__DynaMoth__Math__patch1-Math-8-DynaMoth-plausible.diff,,DynaMoth,True,True,none,,overfitting,,NA,NA,NA,NA,NA,NA
Patches_ICSE__Doverfitting__DynaMoth__Math__patch1-Math-80-DynaMoth-plausible,Math-80,Math,80,overfitting,overfitting,Patches.zip:Patches/Patches_ICSE/Doverfitting/DynaMoth/Math/patch1-Math-80-DynaMoth-plausible.patch,data/normalized_patches/Patches_ICSE__Doverfitting__DynaMoth__Math__patch1-Math-80-DynaMoth-plausible.diff,,DynaMoth,True,True,none,,overfitting,,NA,NA,NA,NA,NA,NA
Patches_ICSE__Doverfitting__DynaMoth__Math__patch1-Math-81-DynaMoth-plausible,Math-81,Math,81,overfitting,overfitting,Patches.zip:Patches/Patches_ICSE/Doverfitting/DynaMoth/Math/patch1-Math-81-DynaMoth-plausible.patch,data/normalized_patches/Patches_ICSE__Doverfitting__DynaMoth__Math__patch1-Math-81-DynaMoth-plausible.diff,,DynaMoth,True,True,none,,overfitting,,NA,NA,NA,NA,NA,NA
Patches_ICSE__Doverfitting__DynaMoth__Math__patch1-Math-82-DynaMoth-plausible,Math-82,Math,82,overfitting,overfitting,Patches.zip:Patches/Patches_ICSE/Doverfitting/DynaMoth/Math/patch1-Math-82-DynaMoth-plausible.patch,data/normalized_patches/Patches_ICSE__Doverfitting__DynaMoth__Math__patch1-Math-82-DynaMoth-plausible.diff,,DynaMoth,True,True,none,,overfitting,,NA,NA,NA,NA,NA,NA
Patches_ICSE__Doverfitting__DynaMoth__Math__patch1-Math-85-DynaMoth-plausible,Math-85,Math,85,overfitting,overfitting,Patches.zip:Patches/Patches_ICSE/Doverfitting/DynaMoth/Math/patch1-Math-85-DynaMoth-plausible.patch,data/normalized_patches/Patches_ICSE__Doverfitting__DynaMoth__Math__patch1-Math-85-DynaMoth-plausible.diff,,DynaMoth,True,True,none,,overfitting,,NA,NA,NA,NA,NA,NA
Patches_ICSE__Doverfitting__DynaMoth__Time__patch1-Time-11-DynaMoth-plausible,Time-11,Time,11,overfitting,overfitting,Patches.zip:Patches/Patches_ICSE/Doverfitting/DynaMoth/Time/patch1-Time-11-DynaMoth-plausible.patch,data/normalized_patches/Patches_ICSE__Doverfitting__DynaMoth__Time__patch1-Time-11-DynaMoth-plausible.diff,,DynaMoth,True,True,none,,overfitting,,NA,NA,NA,NA,NA,NA
Patches_ICSE__Doverfitting__FixMiner__Chart__patch1-Chart-13-FixMiner-plausible,Chart-13,Chart,13,overfitting,overfitting,Patches.zip:Patches/Patches_ICSE/Doverfitting/FixMiner/Chart/patch1-Chart-13-FixMiner-plausible.patch,data/normalized_patches/Patches_ICSE__Doverfitting__FixMiner__Chart__patch1-Chart-13-FixMiner-plausible.diff,DUP0007,FixMiner,True,True,none,,overfitting,,NA,NA,NA,NA,NA,NA
Patches_ICSE__Doverfitting__FixMiner__Chart__patch1-Chart-14-FixMiner-plausible,Chart-14,Chart,14,overfitting,overfitting,Patches.zip:Patches/Patches_ICSE/Doverfitting/FixMiner/Chart/patch1-Chart-14-FixMiner-plausible.patch,data/normalized_patches/Patches_ICSE__Doverfitting__FixMiner__Chart__patch1-Chart-14-FixMiner-plausible.diff,DUP0008,FixMiner,True,True,none,,overfitting,,NA,NA,NA,NA,NA,NA
Patches_ICSE__Doverfitting__FixMiner__Chart__patch1-Chart-15-FixMiner-plausible,Chart-15,Chart,15,overfitting,overfitting,Patches.zip:Patches/Patches_ICSE/Doverfitting/FixMiner/Chart/patch1-Chart-15-FixMiner-plausible.patch,data/normalized_patches/Patches_ICSE__Doverfitting__FixMiner__Chart__patch1-Chart-15-FixMiner-plausible.diff,DUP0009,FixMiner,True,True,none,,overfitting,,NA,NA,NA,NA,NA,NA
Patches_ICSE__Doverfitting__FixMiner__Chart__patch1-Chart-17-FixMiner-plausible,Chart-17,Chart,17,overfitting,overfitting,Patches.zip:Patches/Patches_ICSE/Doverfitting/FixMiner/Chart/patch1-Chart-17-FixMiner-plausible.patch,data/normalized_patches/Patches_ICSE__Doverfitting__FixMiner__Chart__patch1-Chart-17-FixMiner-plausible.diff,DUP0011,FixMiner,True,True,none,,overfitting,,NA,NA,NA,NA,NA,NA
Patches_ICSE__Doverfitting__FixMiner__Chart__patch1-Chart-25-FixMiner-plausible,Chart-25,Chart,25,overfitting,overfitting,Patches.zip:Patches/Patches_ICSE/Doverfitting/FixMiner/Chart/patch1-Chart-25-FixMiner-plausible.patch,data/normalized_patches/Patches_ICSE__Doverfitting__FixMiner__Chart__patch1-Chart-25-FixMiner-plausible.diff,DUP0016,FixMiner,True,True,none,,overfitting,,NA,NA,NA,NA,NA,NA
Patches_ICSE__Doverfitting__FixMiner__Chart__patch1-Chart-26-FixMiner-plausible,Chart-26,Chart,26,overfitting,overfitting,Patches.zip:Patches/Patches_ICSE/Doverfitting/FixMiner/Chart/patch1-Chart-26-FixMiner-plausible.patch,data/normalized_patches/Patches_ICSE__Doverfitting__FixMiner__Chart__patch1-Chart-26-FixMiner-plausible.diff,DUP0017,FixMiner,True,True,none,,overfitting,,NA,NA,NA,NA,NA,NA
Patches_ICSE__Doverfitting__FixMiner__Chart__patch1-Chart-3-FixMiner-plausible,Chart-3,Chart,3,overfitting,overfitting,Patches.zip:Patches/Patches_ICSE/Doverfitting/FixMiner/Chart/patch1-Chart-3-FixMiner-plausible.patch,data/normalized_patches/Patches_ICSE__Doverfitting__FixMiner__Chart__patch1-Chart-3-FixMiner-plausible.diff,DUP0019,FixMiner,True,True,none,,overfitting,,NA,NA,NA,NA,NA,NA
Patches_ICSE__Doverfitting__FixMiner__Chart__patch1-Chart-7-FixMiner-plausible,Chart-7,Chart,7,overfitting,overfitting,Patches.zip:Patches/Patches_ICSE/Doverfitting/FixMiner/Chart/patch1-Chart-7-FixMiner-plausible.patch,data/normalized_patches/Patches_ICSE__Doverfitting__FixMiner__Chart__patch1-Chart-7-FixMiner-plausible.diff,DUP0021,FixMiner,True,True,none,,overfitting,,NA,NA,NA,NA,NA,NA
Patches_ICSE__Doverfitting__FixMiner__Closure__patch1-Closure-129-FixMiner-plausible,Closure-129,Closure,129,overfitting,overfitting,Patches.zip:Patches/Patches_ICSE/Doverfitting/FixMiner/Closure/patch1-Closure-129-FixMiner-plausible.patch,data/normalized_patches/Patches_ICSE__Doverfitting__FixMiner__Closure__patch1-Closure-129-FixMiner-plausible.diff,DUP0026,FixMiner,True,True,none,,overfitting,,NA,NA,NA,NA,NA,NA
Patches_ICSE__Doverfitting__FixMiner__Closure__patch1-Closure-19-FixMiner-plausible,Closure-19,Closure,19,overfitting,overfitting,Patches.zip:Patches/Patches_ICSE/Doverfitting/FixMiner/Closure/patch1-Closure-19-FixMiner-plausible.patch,data/normalized_patches/Patches_ICSE__Doverfitting__FixMiner__Closure__patch1-Closure-19-FixMiner-plausible.diff,,FixMiner,True,True,none,,overfitting,,NA,NA,NA,NA,NA,NA
Patches_ICSE__Doverfitting__FixMiner__Lang__patch1-Lang-57-FixMiner-plausible,Lang-57,Lang,57,overfitting,overfitting,Patches.zip:Patches/Patches_ICSE/Doverfitting/FixMiner/Lang/patch1-Lang-57-FixMiner-plausible.patch,data/normalized_patches/Patches_ICSE__Doverfitting__FixMiner__Lang__patch1-Lang-57-FixMiner-plausible.diff,DUP0043,FixMiner,True,True,none,,overfitting,,NA,NA,NA,NA,NA,NA
Patches_ICSE__Doverfitting__FixMiner__Lang__patch1-Lang-63-FixMiner-plausible,Lang-63,Lang,63,overfitting,overfitting,Patches.zip:Patches/Patches_ICSE/Doverfitting/FixMiner/Lang/patch1-Lang-63-FixMiner-plausible.patch,data/normalized_patches/Patches_ICSE__Doverfitting__FixMiner__Lang__patch1-Lang-63-FixMiner-plausible.diff,DUP0046,FixMiner,True,True,none,,overfitting,,NA,NA,NA,NA,NA,NA
Patches_ICSE__Doverfitting__FixMiner__Math__patch1-Math-20-FixMiner-plausible,Math-20,Math,20,overfitting,overfitting,Patches.zip:Patches/Patches_ICSE/Doverfitting/FixMiner/Math/patch1-Math-20-FixMiner-plausible.patch,data/normalized_patches/Patches_ICSE__Doverfitting__FixMiner__Math__patch1-Math-20-FixMiner-plausible.diff,,FixMiner,True,True,none,,overfitting,,NA,NA,NA,NA,NA,NA
Patches_ICSE__Doverfitting__FixMiner__Math__patch1-Math-50-FixMiner-plausible,Math-50,Math,50,overfitting,overfitting,Patches.zip:Patches/Patches_ICSE/Doverfitting/FixMiner/Math/patch1-Math-50-FixMiner-plausible.patch,data/normalized_patches/Patches_ICSE__Doverfitting__FixMiner__Math__patch1-Math-50-FixMiner-plausible.diff,DUP0058,FixMiner,True,True,none,,overfitting,,NA,NA,NA,NA,NA,NA
Patches_ICSE__Doverfitting__FixMiner__Math__patch1-Math-63-FixMiner-plausible,Math-63,Math,63,overfitting,overfitting,Patches.zip:Patches/Patches_ICSE/Doverfitting/FixMiner/Math/patch1-Math-63-FixMiner-plausible.patch,data/normalized_patches/Patches_ICSE__Doverfitting__FixMiner__Math__patch1-Math-63-FixMiner-plausible.diff,DUP0066,FixMiner,True,True,none,,overfitting,,NA,NA,NA,NA,NA,NA
Patches_ICSE__Doverfitting__FixMiner__Math__patch1-Math-80-FixMiner-plausible,Math-80,Math,80,overfitting,overfitting,Patches.zip:Patches/Patches_ICSE/Doverfitting/FixMiner/Math/patch1-Math-80-FixMiner-plausible.patch,data/normalized_patches/Patches_ICSE__Doverfitting__FixMiner__Math__patch1-Math-80-FixMiner-plausible.diff,DUP0074,FixMiner,True,True,none,,overfitting,,NA,NA,NA,NA,NA,NA
Patches_ICSE__Doverfitting__FixMiner__Math__patch1-Math-81-FixMiner-plausible,Math-81,Math,81,overfitting,overfitting,Patches.zip:Patches/Patches_ICSE/Doverfitting/FixMiner/Math/patch1-Math-81-FixMiner-plausible.patch,data/normalized_patches/Patches_ICSE__Doverfitting__FixMiner__Math__patch1-Math-81-FixMiner-plausible.diff,DUP0075,FixMiner,True,True,none,,overfitting,,NA,NA,NA,NA,NA,NA
Patches_ICSE__Doverfitting__FixMiner__Math__patch1-Math-84-FixMiner-plausible,Math-84,Math,84,overfitting,overfitting,Patches.zip:Patches/Patches_ICSE/Doverfitting/FixMiner/Math/patch1-Math-84-FixMiner-plausible.patch,data/normalized_patches/Patches_ICSE__Doverfitting__FixMiner__Math__patch1-Math-84-FixMiner-plausible.diff,DUP0078,FixMiner,True,True,none,,overfitting,,NA,NA,NA,NA,NA,NA
Patches_ICSE__Doverfitting__FixMiner__Math__patch1-Math-85-FixMiner-plausible,Math-85,Math,85,overfitting,overfitting,Patches.zip:Patches/Patches_ICSE/Doverfitting/FixMiner/Math/patch1-Math-85-FixMiner-plausible.patch,data/normalized_patches/Patches_ICSE__Doverfitting__FixMiner__Math__patch1-Math-85-FixMiner-plausible.diff,DUP0080,FixMiner,True,True,none,,overfitting,,NA,NA,NA,NA,NA,NA
Patches_ICSE__Doverfitting__FixMiner__Time__patch1-Time-11-FixMiner-plausible,Time-11,Time,11,overfitting,overfitting,Patches.zip:Patches/Patches_ICSE/Doverfitting/FixMiner/Time/patch1-Time-11-FixMiner-plausible.patch,data/normalized_patches/Patches_ICSE__Doverfitting__FixMiner__Time__patch1-Time-11-FixMiner-plausible.diff,,FixMiner,True,True,none,,overfitting,,NA,NA,NA,NA,NA,NA
Patches_ICSE__Doverfitting__GenProg__Chart__patch1-Chart-1-GenProg-plausible,Chart-1,Chart,1,overfitting,overfitting,Patches.zip:Patches/Patches_ICSE/Doverfitting/GenProg/Chart/patch1-Chart-1-GenProg-plausible.patch,data/normalized_patches/Patches_ICSE__Doverfitting__GenProg__Chart__patch1-Chart-1-GenProg-plausible.diff,,GenProg,True,True,none,,overfitting,,NA,NA,NA,NA,NA,NA
Patches_ICSE__Doverfitting__GenProg__Chart__patch1-Chart-12-GenProg-plausible,Chart-12,Chart,12,overfitting,overfitting,Patches.zip:Patches/Patches_ICSE/Doverfitting/GenProg/Chart/patch1-Chart-12-GenProg-plausible.patch,data/normalized_patches/Patches_ICSE__Doverfitting__GenProg__Chart__patch1-Chart-12-GenProg-plausible.diff,,GenProg,True,True,none,,overfitting,,NA,NA,NA,NA,NA,NA
Patches_ICSE__Doverfitting__GenProg__Chart__patch1-Chart-13-GenProg-plausible,Chart-13,Chart,13,overfitting,overfitting,Patches.zip:Patches/Patches_ICSE/Doverfitting/GenProg/Chart/patch1-Chart-13-GenProg-plausible.patch,data/normalized_patches/Patches_ICSE__Doverfitting__GenProg__Chart__patch1-Chart-13-GenProg-plausible.diff,,GenProg,True,True,none,,overfitting,,NA,NA,NA,NA,NA,NA
Patches_ICSE__Doverfitting__GenProg__Chart__patch1-Chart-25-GenProg-plausible,Chart-25,Chart,25,overfitting,overfitting,Patches.zip:Patches/Patches_ICSE/Doverfitting/GenProg/Chart/patch1-Chart-25-GenProg-plausible.patch,data/normalized_patches/Patches_ICSE__Doverfitting__GenProg__Chart__patch1-Chart-25-GenProg-plausible.diff,,GenProg,True,True,none,,overfitting,,NA,NA,NA,NA,NA,NA
Patches_ICSE__Doverfitting__GenProg__Chart__patch1-Chart-3-GenProg-plausible,Chart-3,Chart,3,overfitting,overfitting,Patches.zip:Patches/Patches_ICSE/Doverfitting/GenProg/Chart/patch1-Chart-3-GenProg-plausible.patch,data/normalized_patches/Patches_ICSE__Doverfitting__GenProg__Chart__patch1-Chart-3-GenProg-plausible.diff,,GenProg,True,True,none,,overfitting,,NA,NA,NA,NA,NA,NA
Patches_ICSE__Doverfitting__GenProg__Closure__patch1-Closure-10-GenProg-plausible,Closure-10,Closure,10,overfitting,overfitting,Patches.zip:Patches/Patches_ICSE/Doverfitting/GenProg/Closure/patch1-Closure-10-GenProg-plausible.patch,data/normalized_patches/Patches_ICSE__Doverfitting__GenProg__Closure__patch1-Closure-10-GenProg-plausible.diff,,GenProg,True,True,none,,overfitting,,NA,NA,NA,NA,NA,NA
Patches_ICSE__Doverfitting__GenProg__Closure__patch1-Closure-112-GenProg-plausible,Closure-112,Closure,112,overfitting,overfitting,Patches.zip:Patches/Patches_ICSE/Doverfitting/GenProg/Closure/patch1-Closure-112-GenProg-plausible.patch,data/normalized_patches/Patches_ICSE__Doverfitting__GenProg__Closure__patch1-Closure-112-GenProg-plausible.diff,,GenProg,True,True,none,,overfitting,,NA,NA,NA,NA,NA,NA
Patches_ICSE__Doverfitting__GenProg__Closure__patch1-Closure-114-GenProg-plausible,Closure-114,Closure,114,overfitting,overfitting,Patches.zip:Patches/Patches_ICSE/Doverfitting/GenProg/Closure/patch1-Closure-114-GenProg-plausible.patch,data/normalized_patches/Patches_ICSE__Doverfitting__GenProg__Closure__patch1-Closure-114-GenProg-plausible.diff,,GenProg,True,True,none,,overfitting,,NA,NA,NA,NA,NA,NA
Patches_ICSE__Doverfitting__GenProg__Closure__patch1-Closure-124-GenProg-plausible,Closure-124,Closure,124,overfitting,overfitting,Patches.zip:Patches/Patches_ICSE/Doverfitting/GenProg/Closure/patch1-Closure-124-GenProg-plausible.patch,data/normalized_patches/Patches_ICSE__Doverfitting__GenProg__Closure__patch1-Closure-124-GenProg-plausible.diff,,GenProg,True,True,none,,overfitting,,NA,NA,NA,NA,NA,NA
Patches_ICSE__Doverfitting__GenProg__Closure__patch1-Closure-129-GenProg-plausible,Closure-129,Closure,129,overfitting,overfitting,Patches.zip:Patches/Patches_ICSE/Doverfitting/GenProg/Closure/patch1-Closure-129-GenProg-plausible.patch,data/normalized_patches/Patches_ICSE__Doverfitting__GenProg__Closure__patch1-Closure-129-GenProg-plausible.diff,DUP0027,GenProg,True,True,none,,overfitting,,NA,NA,NA,NA,NA,NA
Patches_ICSE__Doverfitting__GenProg__Closure__patch1-Closure-130-GenProg-plausible,Closure-130,Closure,130,overfitting,overfitting,Patches.zip:Patches/Patches_ICSE/Doverfitting/GenProg/Closure/patch1-Closure-130-GenProg-plausible.patch,data/normalized_patches/Patches_ICSE__Doverfitting__GenProg__Closure__patch1-Closure-130-GenProg-plausible.diff,DUP0028,GenProg,True,True,none,,overfitting,,NA,NA,NA,NA,NA,NA
Patches_ICSE__Doverfitting__GenProg__Closure__patch1-Closure-21-GenProg-plausible,Closure-21,Closure,21,overfitting,overfitting,Patches.zip:Patches/Patches_ICSE/Doverfitting/GenProg/Closure/patch1-Closure-21-GenProg-plausible.patch,data/normalized_patches/Patches_ICSE__Doverfitting__GenProg__Closure__patch1-Closure-21-GenProg-plausible.diff,,GenProg,True,True,none,,overfitting,,NA,NA,NA,NA,NA,NA
Patches_ICSE__Doverfitting__GenProg__Closure__patch1-Closure-22-GenProg-plausible,Closure-22,Closure,22,overfitting,overfitting,Patches.zip:Patches/Patches_ICSE/Doverfitting/GenProg/Closure/patch1-Closure-22-GenProg-plausible.patch,data/normalized_patches/Patches_ICSE__Doverfitting__GenProg__Closure__patch1-Closure-22-GenProg-plausible.diff,,GenProg,True,True,none,,overfitting,,NA,NA,NA,NA,NA,NA
Patches_ICSE__Doverfitting__GenProg__Closure__patch1-Closure-55-GenProg-plausible,Closure-55,Closure,55,overfitting,overfitting,Patches.zip:Patches/Patches_ICSE/Doverfitting/GenProg/Closure/patch1-Closure-55-GenProg-plausible.patch,data/normalized_patches/Patches_ICSE__Doverfitting__GenProg__Closure__patch1-Closure-55-GenProg-plausible.diff,,GenProg,True,True,none,,overfitting,,NA,NA,NA,NA,NA,NA
Patches_ICSE__Doverfitting__GenProg__Closure__patch1-Closure-59-GenProg-plausible,Closure-59,Closure,59,overfitting,overfitting,Patches.zip:Patches/Patches_ICSE/Doverfitting/GenProg/Closure/patch1-Closure-59-GenProg-plausible.patch,data/normalized_patches/Patches_ICSE__Doverfitting__GenProg__Closure__patch1-Closure-59-GenProg-plausible.diff,,GenProg,True,True,none,,overfitting,,NA,NA,NA,NA,NA,NA
Patches_ICSE__Doverfitting__GenProg__Closure__patch1-Closure-67-GenProg-plausible,Closure-67,Closure,67,overfitting,overfitting,Patches.zip:Patches/Patches_ICSE/Doverfitting/GenProg/Closure/patch1-Closure-67-GenProg-plausible.patch,data/normalized_patches/Patches_ICSE__Doverfitting__GenProg__Closure__patch1-Closure-67-GenProg-plausible.diff,,GenProg,True,True,none,,overfitting,,NA,NA,NA,NA,NA,NA
Patches_ICSE__Doverfitting__GenProg__Closure__patch1-Closure-75-GenProg-plausible,Closure-75,Closure,75,overfitting,overfitting,Patches.zip:Patches/Patches_ICSE/Doverfitting/GenProg/Closure/patch1-Closure-75-GenProg-plausible.patch,data/normalized_patches/Patches_ICSE__Doverfitting__GenProg__Closure__patch1-Closure-75-GenProg-plausible.diff,,GenProg,True,True,none,,overfitting,,NA,NA,NA,NA,NA,NA
Patches_ICSE__Doverfitting__GenProg__Closure__patch1-Closure-78-GenProg-plausible,Closure-78,Closure,78,overfitting,overfitting,Patches.zip:Patches/Patches_ICSE/Doverfitting/GenProg/Closure/patch1-Closure-78-GenProg-plausible.patch,data/normalized_patches/Patches_ICSE__Doverfitting__GenProg__Closure__patch1-Closure-78-GenProg-plausible.diff,,GenProg,True,True,none,,overfitting,,NA,NA,NA,NA,NA,NA
Patches_ICSE__Doverfitting__GenProg__Lang__patch1-Lang-7-GenProg-plausible,Lang-7,Lang,7,overfitting,overfitting,Patches.zip:Patches/Patches_ICSE/Doverfitting/GenProg/Lang/patch1-Lang-7-GenProg-plausible.patch,data/normalized_patches/Patches_ICSE__Doverfitting__GenProg__Lang__patch1-Lang-7-GenProg-plausible.diff,,GenProg,True,True,none,,overfitting,,NA,NA,NA,NA,NA,NA
Patches_ICSE__Doverfitting__GenProg__Math__patch1-Math-2-GenProg-plausible,Math-2,Math,2,overfitting,overfitting,Patches.zip:Patches/Patches_ICSE/Doverfitting/GenProg/Math/patch1-Math-2-GenProg-plausible.patch,data/normalized_patches/Patches_ICSE__Doverfitting__GenProg__Math__patch1-Math-2-GenProg-plausible.diff,,GenProg,True,True,none,,overfitting,,NA,NA,NA,NA,NA,NA
Patches_ICSE__Doverfitting__GenProg__Math__patch1-Math-28-GenProg-plausible,Math-28,Math,28,overfitting,overfitting,Patches.zip:Patches/Patches_ICSE/Doverfitting/GenProg/Math/patch1-Math-28-GenProg-plausible.patch,data/normalized_patches/Patches_ICSE__Doverfitting__GenProg__Math__patch1-Math-28-GenProg-plausible.diff,DUP0050,GenProg,True,True,none,,overfitting,,NA,NA,NA,NA,NA,NA
Patches_ICSE__Doverfitting__GenProg__Math__patch1-Math-31-GenProg-plausible,Math-31,Math,31,overfitting,overfitting,Patches.zip:Patches/Patches_ICSE/Doverfitting/GenProg/Math/patch1-Math-31-GenProg-plausible.patch,data/normalized_patches/Patches_ICSE__Doverfitting__GenProg__Math__patch1-Math-31-GenProg-plausible.diff,,GenProg,True,True,none,,overfitting,,NA,NA,NA,NA,NA,NA
Patches_ICSE__Doverfitting__GenProg__Math__patch1-Math-40-GenProg-plausible,Math-40,Math,40,overfitting,overfitting,Patches.zip:Patches/Patches_ICSE/Doverfitting/GenProg/Math/patch1-Math-40-GenProg-plausible.patch,data/normalized_patches/Patches_ICSE__Doverfitting__GenProg__Math__patch1-Math-40-GenProg-plausible.diff,,GenProg,True,True,none,,overfitting,,NA,NA,NA,NA,NA,NA
Patches_ICSE__Doverfitting__GenProg__Math__patch1-Math-80-GenProg-plausible,Math-80,Math,80,overfitting,overfitting,Patches.zip:Patches/Patches_ICSE/Doverfitting/GenProg/Math/patch1-Math-80-GenProg-plausible.patch,data/normalized_patches/Patches_ICSE__Doverfitting__GenProg__Math__patch1-Math-80-GenProg-plausible.diff,,GenProg,True,True,none,,overfitting,,NA,NA,NA,NA,NA,NA
Patches_ICSE__Doverfitting__GenProg__Math__patch1-Math-81-GenProg-plausible,Math-81,Math,81,overfitting,overfitting,Patches.zip:Patches/Patches_ICSE/Doverfitting/GenProg/Math/patch1-Math-81-GenProg-plausible.patch,data/normalized_patches/Patches_ICSE__Doverfitting__GenProg__Math__patch1-Math-81-GenProg-plausible.diff,,GenProg,True,True,none,,overfitting,,NA,NA,NA,NA,NA,NA
Patches_ICSE__Doverfitting__GenProg__Math__patch1-Math-82-GenProg-plausible,Math-82,Math,82,overfitting,overfitting,Patches.zip:Patches/Patches_ICSE/Doverfitting/GenProg/Math/patch1-Math-82-GenProg-plausible.patch,data/normalized_patches/Patches_ICSE__Doverfitting__GenProg__Math__patch1-Math-82-GenProg-plausible.diff,DUP0076,GenProg,True,True,none,,overfitting,,NA,NA,NA,NA,NA,NA
Patches_ICSE__Doverfitting__GenProg__Math__patch1-Math-85-GenProg-plausible,Math-85,Math,85,overfitting,overfitting,Patches.zip:Patches/Patches_ICSE/Doverfitting/GenProg/Math/patch1-Math-85-GenProg-plausible.patch,data/normalized_patches/Patches_ICSE__Doverfitting__GenProg__Math__patch1-Math-85-GenProg-plausible.diff,,GenProg,True,True,none,,overfitting,,NA,NA,NA,NA,NA,NA
Patches_ICSE__Doverfitting__GenProg__Math__patch1-Math-95-GenProg-plausible,Math-95,Math,95,overfitting,overfitting,Patches.zip:Patches/Patches_ICSE/Doverfitting/GenProg/Math/patch1-Math-95-GenProg-plausible.patch,data/normalized_patches/Patches_ICSE__Doverfitting__GenProg__Math__patch1-Math-95-GenProg-plausible.diff,,GenProg,True,True,none,,overfitting,,NA,NA,NA,NA,NA,NA
Patches_ICSE__Doverfitting__Kali__Chart__patch1-Chart-1-Kali-plausible,Chart-1,Chart,1,overfitting,overfitting,Patches.zip:Patches/Patches_ICSE/Doverfitting/Kali/Chart/patch1-Chart-1-Kali-plausible.patch,data/normalized_patches/Patches_ICSE__Doverfitting__Kali__Chart__patch1-Chart-1-Kali-plausible.diff,,Kali,True,True,none,,overfitting,,NA,NA,NA,NA,NA,NA
Patches_ICSE__Doverfitting__Kali__Chart__patch1-Chart-12-Kali-plausible,Chart-12,Chart,12,overfitting,overfitting,Patches.zip:Patches/Patches_ICSE/Doverfitting/Kali/Chart/patch1-Chart-12-Kali-plausible.patch,data/normalized_patches/Patches_ICSE__Doverfitting__Kali__Chart__patch1-Chart-12-Kali-plausible.diff,,Kali,True,True,none,,overfitting,,NA,NA,NA,NA,NA,NA
Patches_ICSE__Doverfitting__Kali__Chart__patch1-Chart-15-Kali-plausible,Chart-15,Chart,15,overfitting,overfitting,Patches.zip:Patches/Patches_ICSE/Doverfitting/Kali/Chart/patch1-Chart-15-Kali-plausible.patch,data/normalized_patches/Patches_ICSE__Doverfitting__Kali__Chart__patch1-Chart-15-Kali-plausible.diff,,Kali,True,True,none,,overfitting,,NA,NA,NA,NA,NA,NA
Patches_ICSE__Doverfitting__Kali__Chart__patch1-Chart-25-Kali-plausible,Chart-25,Chart,25,overfitting,overfitting,Patches.zip:Patches/Patches_ICSE/Doverfitting/Kali/Chart/patch1-Chart-25-Kali-plausible.patch,data/normalized_patches/Patches_ICSE__Doverfitting__Kali__Chart__patch1-Chart-25-Kali-plausible.diff,,Kali,True,True,none,,overfitting,,NA,NA,NA,NA,NA,NA
Patches_ICSE__Doverfitting__Kali__Chart__patch1-Chart-26-Kali-plausible,Chart-26,Chart,26,overfitting,overfitting,Patches.zip:Patches/Patches_ICSE/Doverfitting/Kali/Chart/patch1-Chart-26-Kali-plausible.patch,data/normalized_patches/Patches_ICSE__Doverfitting__Kali__Chart__patch1-Chart-26-Kali-plausible.diff,,Kali,True,True,none,,overfitting,,NA,NA,NA,NA,NA,NA
Patches_ICSE__Doverfitting__Kali__Chart__patch1-Chart-5-Kali-plausible,Chart-5,Chart,5,overfitting,overfitting,Patches.zip:Patches/Patches_ICSE/Doverfitting/Kali/Chart/patch1-Chart-5-Kali-plausible.patch,data/normalized_patches/Patches_ICSE__Doverfitting__Kali__Chart__patch1-Chart-5-Kali-plausible.diff,,Kali,True,True,none,,overfitting,,NA,NA,NA,NA,NA,NA
Patches_ICSE__Doverfitting__Kali__Closure__patch1-Closure-1-Kali-plausible,Closure-1,Closure,1,overfitting,overfitting,Patches.zip:Patches/Patches_ICSE/Doverfitting/Kali/Closure/patch1-Closure-1-Kali-plausible.patch,data/normalized_patches/Patches_ICSE__Doverfitting__Kali__Closure__patch1-Closure-1-Kali-plausible.diff,,Kali,True,True,none,,overfitting,,NA,NA,NA,NA,NA,NA
Patches_ICSE__Doverfitting__Kali__Closure__patch1-Closure-10-Kali-plausible,Closure-10,Closure,10,overfitting,overfitting,Patches.zip:Patches/Patches_ICSE/Doverfitting/Kali/Closure/patch1-Closure-10-Kali-plausible.patch,data/normalized_patches/Patches_ICSE__Doverfitting__Kali__Closure__patch1-Closure-10-Kali-plausible.diff,,Kali,True,True,none,,overfitting,,NA,NA,NA,NA,NA,NA
Patches_ICSE__Doverfitting__Kali__Closure__patch1-Closure-112-Kali-plausible,Closure-112,Closure,112,overfitting,overfitting,Patches.zip:Patches/Patches_ICSE/Doverfitting/Kali/Closure/patch1-Closure-112-Kali-plausible.patch,data/normalized_patches/Patches_ICSE__Doverfitting__Kali__Closure__patch1-Closure-112-Kali-plausible.diff,,Kali,True,True,none,,overfitting,,NA,NA,NA,NA,NA,NA
Patches_ICSE__Doverfitting__Kali__Closure__patch1-Closure-114-Kali-plausible,Closure-114,Closure,114,overfitting,overfitting,Patches.zip:Patches/Patches_ICSE/Doverfitting/Kali/Closure/patch1-Closure-114-Kali-plausible.patch,data/normalized_patches/Patches_ICSE__Doverfitting__Kali__Closure__patch1-Closure-114-Kali-plausible.diff,,Kali,True,True,none,,overfitting,,NA,NA,NA,NA,NA,NA
Patches_ICSE__Doverfitting__Kali__Closure__patch1-Closure-117-Kali-plausible,Closure-117,Closure,117,overfitting,overfitting,Patches.zip:Patches/Patches_ICSE/Doverfitting/Kali/Closure/patch1-Closure-117-Kali-plausible.patch,data/normalized_patches/Patches_ICSE__Doverfitting__Kali__Closure__patch1-Closure-117-Kali-plausible.diff,,Kali,True,True,none,,overfitting,,NA,NA,NA,NA,NA,NA
Patches_ICSE__Doverfitting__Kali__Closure__patch1-Closure-119-Kali-plausible,Closure-119,Closure,119,overfitting,overfitting,Patches.zip:Patches/Patches_ICSE/Doverfitting/Kali/Closure/patch1-Closure-119-Kali-plausible.patch,data/normalized_patches/Patches_ICSE__Doverfitting__Kali__Closure__patch1-Closure-119-Kali-plausible.diff,,Kali,True,True,none,,overfitting,,NA,NA,NA,NA,NA,NA
Patches_ICSE__Doverfitting__Kali__Closure__patch1-Closure-12-Kali-plausible,Closure-12,Closure,12,overfitting,overfitting,Patches.zip:Patches/Patches_ICSE/Doverfitting/Kali/Closure/patch1-Closure-12-Kali-plausible.patch,data/normalized_patches/Patches_ICSE__Doverfitting__Kali__Closure__patch1-Closure-12-Kali-plausible.diff,,Kali,True,True,none,,overfitting,,NA,NA,NA,NA,NA,NA
Patches_ICSE__Doverfitting__Kali__Closure__patch1-Closure-120-Kali-plausible,Closure-120,Closure,120,overfitting,overfitting,Patches.zip:Patches/Patches_ICSE/Doverfitting/Kali/Closure/patch1-Closure-120-Kali-plausible.patch,data/normalized_patches/Patches_ICSE__Doverfitting__Kali__Closure__patch1-Closure-120-Kali-plausible.diff,,Kali,True,True,none,,overfitting,,NA,NA,NA,NA,NA,NA
Patches_ICSE__Doverfitting__Kali__Closure__patch1-Closure-121-Kali-plausible,Closure-121,Closure,121,overfitting,overfitting,Patches.zip:Patches/Patches_ICSE/Doverfitting/Kali/Closure/patch1-Closure-121-Kali-plausible.patch,data/normalized_patches/Patches_ICSE__Doverfitting__Kali__Closure__patch1-Closure-121-Kali-plausible.diff,,Kali,True,True,none,,overfitting,,NA,NA,NA,NA,NA,NA
Patches_ICSE__Doverfitting__Kali__Closure__patch1-Closure-122-Kali-plausible,Closure-122,Closure,122,overfitting,overfitting,Patches.zip:Patches/Patches_ICSE/Doverfitting/Kali/Closure/patch1-Closure-122-Kali-plausible.patch,data/normalized_patches/Patches_ICSE__Doverfitting__Kali__Closure__patch1-Closure-122-Kali-plausible.diff,,Kali,True,True,none,,overfitting,,NA,NA,NA,NA,NA,NA
Patches_ICSE__Doverfitting__Kali__Closure__patch1-Closure-124-Kali-plausible,Closure-124,Closure,124,overfitting,overfitting,Patches.zip:Patches/Patches_ICSE/Doverfitting/Kali/Closure/patch1-Closure-124-Kali-plausible.patch,data/normalized_patches/Patches_ICSE__Doverfitting__Kali__Closure__patch1-Closure-124-Kali-plausible.diff,,Kali,True,True,none,,overfitting,,NA,NA,NA,NA,NA,NA
Patches_ICSE__Doverfitting__Kali__Closure__patch1-Closure-125-Kali-plausible,Closure-125,Closure,125,overfitting,overfitting,Patches.zip:Patches/Patches_ICSE/Doverfitting/Kali/Closure/patch1-Closure-125-Kali-plausible.patch,data/normalized_patches/Patches_ICSE__Doverfitting__Kali__Closure__patch1-Closure-125-Kali-plausible.diff,,Kali,True,True,none,,overfitting,,NA,NA,NA,NA,NA,NA
Patches_ICSE__Doverfitting__Kali__Closure__patch1-Closure-127-Kali-plausible,Closure-127,Closure,127,overfitting,overfitting,Patches.zip:Patches/Patches_ICSE/Doverfitting/Kali/Closure/patch1-Closure-127-Kali-plausible.patch,data/normalized_patches/Patches_ICSE__Doverfitting__Kali__Closure__patch1-Closure-127-Kali-plausible.diff,,Kali,True,True,none,,overfitting,,NA,NA,NA,NA,NA,NA
Patches_ICSE__Doverfitting__Kali__Closure__patch1-Closure-129-Kali-plausible,Closure-129,Closure,129,overfitting,overfitting,Patches.zip:Patches/Patches_ICSE/Doverfitting/Kali/Closure/patch1-Closure-129-Kali-plausible.patch,data/normalized_patches/Patches_ICSE__Doverfitting__Kali__Closure__patch1-Closure-129-Kali-plausible.diff,,Kali,True,True,none,,overfitting,,NA,NA,NA,NA,NA,NA
Patches_ICSE__Doverfitting__Kali__Closure__patch1-Closure-130-Kali-plausible,Closure-130,Closure,130,overfitting,overfitting,Patches.zip:Patches/Patches_ICSE/Doverfitting/Kali/Closure/patch1-Closure-130-Kali-plausible.patch,data/normalized_patches/Patches_ICSE__Doverfitting__Kali__Closure__patch1-Closure-130-Kali-plausible.diff,,Kali,True,True,none,,overfitting,,NA,NA,NA,NA,NA,NA
Patches_ICSE__Doverfitting__Kali__Closure__patch1-Closure-131-Kali-plausible,Closure-131,Closure,131,overfitting,overfitting,Patches.zip:Patches/Patches_ICSE/Doverfitting/Kali/Closure/patch1-Closure-131-Kali-plausible.patch,data/normalized_patches/Patches_ICSE__Doverfitting__Kali__Closure__patch1-Closure-131-Kali-plausible.diff,,Kali,True,True,none,,overfitting,,NA,NA,NA,NA,NA,NA
Patches_ICSE__Doverfitting__Kali__Closure__patch1-Closure-132-Kali-plausible,Closure-132,Closure,132,overfitting,overfitting,Patches.zip:Patches/Patches_ICSE/Doverfitting/Kali/Closure/patch1-Closure-132-Kali-plausible.patch,data/normalized_patches/Patches_ICSE__Doverfitting__Kali__Closure__patch1-Closure-132-Kali-plausible.diff,,Kali,True,True,none,,overfitting,,NA,NA,NA,NA,NA,NA
Patches_ICSE__Doverfitting__Kali__Closure__patch1-Closure-15-Kali-plausible,Closure-15,Closure,15,overfitting,overfitting,Patches.zip:Patches/Patches_ICSE/Doverfitting/Kali/Closure/patch1-Closure-15-Kali-plausible.patch,data/normalized_patches/Patches_ICSE__Doverfitting__Kali__Closure__patch1-Closure-15-Kali-plausible.diff,,Kali,True,True,none,,overfitting,,NA,NA,NA,NA,NA,NA
Patches_ICSE__Doverfitting__Kali__Closure__patch1-Closure-20-Kali-plausible,Closure-20,Closure,20,overfitting,overfitting,Patches.zip:Patches/Patches_ICSE/Doverfitting/Kali/Closure/patch1-Closure-20-Kali-plausible.patch,data/normalized_patches/Patches_ICSE__Doverfitting__Kali__Closure__patch1-Closure-20-Kali-plausible.diff,,Kali,True,True,none,,overfitting,,NA,NA,NA,NA,NA,NA
Patches_ICSE__Doverfitting__Kali__Closure__patch1-Closure-21-Kali-plausible,Closure-21,Closure,21,overfitting,overfitting,Patches.zip:Patches/Patches_ICSE/Doverfitting/Kali/Closure/patch1-Closure-21-Kali-plausible.patch,data/normalized_patches/Patches_ICSE__Doverfitting__Kali__Closure__patch1-Closure-21-Kali-plausible.diff,,Kali,True,True,none,,overfitting,,NA,NA,NA,NA,NA,NA
Patches_ICSE__Doverfitting__Kali__Closure__patch1-Closure-22-Kali-plausible,Closure-22,Closure,22,overfitting,overfitting,Patches.zip:Patches/Patches_ICSE/Doverfitting/Kali/Closure/patch1-Closure-22-Kali-plausible.patch,data/normalized_patches/Patches_ICSE__Doverfitting__Kali__Closure__patch1-Closure-22-Kali-plausible.diff,,Kali,True,True,none,,overfitting,,NA,NA,NA,NA,NA,NA
Patches_ICSE__Doverfitting__Kali__Closure__patch1-Closure-26-Kali-plausible,Closure-26,Closure,26,overfitting,overfitting,Patches.zip:Patches/Patches_ICSE/Doverfitting/Kali/Closure/patch1-Closure-26-Kali-plausible.patch,data/normalized_patches/Patches_ICSE__Doverfitting__Kali__Closure__patch1-Closure-26-Kali-plausible.diff,,Kali,True,True,none,,overfitting,,NA,NA,NA,NA,NA,NA
Patches_ICSE__Doverfitting__Kali__Closure__patch1-Closure-29-Kali-plausible,Closure-29,Closure,29,overfitting,overfitting,Patches.zip:Patches/Patches_ICSE/Doverfitting/Kali/Closure/patch1-Closure-29-Kali-plausible.patch,data/normalized_patches/Patches_ICSE__Doverfitting__Kali__Closure__patch1-Closure-29-Kali-plausible.diff,,Kali,True,True,none,,overfitting,,NA,NA,NA,NA,NA,NA
Patches_ICSE__Doverfitting__Kali__Closure__patch1-Closure-3-Kali-plausible,Closure-3,Closure,3,overfitting,overfitting,Patches.zip:Patches/Patches_ICSE/Doverfitting/Kali/Closure/patch1-Closure-3-Kali-plausible.patch,data/normalized_patches/Patches_ICSE__Doverfitting__Kali__Closure__patch1-Closure-3-Kali-plausible.diff,,Kali,True,True,none,,overfitting,,NA,NA,NA,NA,NA,NA
Patches_ICSE__Doverfitting__Kali__Closure__patch1-Closure-30-Kali-plausible,Closure-30,Closure,30,overfitting,overfitting,Patches.zip:Patches/Patches_ICSE/Doverfitting/Kali/Closure/patch1-Closure-30-Kali-plausible.patch,data/normalized_patches/Patches_ICSE__Doverfitting__Kali__Closure__patch1-Closure-30-Kali-plausible.diff,,Kali,True,True,none,,overfitting,,NA,NA,NA,NA,NA,NA
Patches_ICSE__Doverfitting__Kali__Closure__patch1-Closure-31-Kali-plausible,Closure-31,Closure,31,overfitting,overfitting,Patches.zip:Patches/Patches_ICSE/Doverfitting/Kali/Closure/patch1-Closure-31-Kali-plausible.patch,data/normalized_patches/Patches_ICSE__Doverfitting__Kali__Closure__patch1-Closure-31-Kali-plausible.diff,,Kali,True,True,none,,overfitting,,NA,NA,NA,NA,NA,NA
Patches_ICSE__Doverfitting__Kali__Closure__patch1-Closure-33-Kali-plausible,Closure-33,Closure,33,overfitting,overfitting,Patches.zip:Patches/Patches_ICSE/Doverfitting/Kali/Closure/patch1-Closure-33-Kali-plausible.patch,data/normalized_patches/Patches_ICSE__Doverfitting__Kali__Closure__patch1-Closure-33-Kali-plausible.diff,,Kali,True,True,none,,overfitting,,NA,NA,NA,NA,NA,NA
Patches_ICSE__Doverfitting__Kali__Closure__patch1-Closure-36-Kali-plausible,Closure-36,Closure,36,overfitting,overfitting,Patches.zip:Patches/Patches_ICSE/Doverfitting/Kali/Closure/patch1-Closure-36-Kali-plausible.patch,data/normalized_patches/Patches_ICSE__Doverfitting__Kali__Closure__patch1-Closure-36-Kali-plausible.diff,,Kali,True,True,none,,overfitting,,NA,NA,NA,NA,NA,NA
Patches_ICSE__Doverfitting__Kali__Closure__patch1-Closure-45-Kali-plausible,Closure-45,Closure,45,overfitting,overfitting,Patches.zip:Patches/Patches_ICSE/Doverfitting/Kali/Closure/patch1-Closure-45-Kali-plausible.patch,data/normalized_patches/Patches_ICSE__Doverfitting__Kali__Closure__patch1-Closure-45-Kali-plausible.diff,,Kali,True,True,none,,overfitting,,NA,NA,NA,NA,NA,NA
Patches_ICSE__Doverfitting__Kali__Closure__patch1-Closure-46-Kali-plausible,Closure-46,Closure,46,overfitting,overfitting,Patches.zip:Patches/Patches_ICSE/Doverfitting/Kali/Closure/patch1-Closure-46-Kali-plausible.patch,data/normalized_patches/Patches_ICSE__Doverfitting__Kali__Closure__patch1-Closure-46-Kali-plausible.diff,DUP0030,Kali,True,True,none,,overfitting,,NA,NA,NA,NA,NA,NA
Patches_ICSE__Doverfitting__Kali__Closure__patch1-Closure-49-Kali-plausible,Closure-49,Closure,49,overfitting,overfitting,Patches.zip:Patches/Patches_ICSE/Doverfitting/Kali/Closure/patch1-Closure-49-Kali-plausible.patch,data/normalized_patches/Patches_ICSE__Doverfitting__Kali__Closure__patch1-Closure-49-Kali-plausible.diff,,Kali,True,True,none,,overfitting,,NA,NA,NA,NA,NA,NA
Patches_ICSE__Doverfitting__Kali__Closure__patch1-Closure-5-Kali-plausible,Closure-5,Closure,5,overfitting,overfitting,Patches.zip:Patches/Patches_ICSE/Doverfitting/Kali/Closure/patch1-Closure-5-Kali-plausible.patch,data/normalized_patches/Patches_ICSE__Doverfitting__Kali__Closure__patch1-Closure-5-Kali-plausible.diff,,Kali,True,True,none,,overfitting,,NA,NA,NA,NA,NA,NA
Patches_ICSE__Doverfitting__Kali__Closure__patch1-Closure-50-Kali-plausible,Closure-50,Closure,50,overfitting,overfitting,Patches.zip:Patches/Patches_ICSE/Doverfitting/Kali/Closure/patch1-Closure-50-Kali-plausible.patch,data/normalized_patches/Patches_ICSE__Doverfitting__Kali__Closure__patch1-Closure-50-Kali-plausible.diff,,Kali,True,True,none,,overfitting,,NA,NA,NA,NA,NA,NA
Patches_ICSE__Doverfitting__Kali__Closure__patch1-Closure-55-Kali-plausible,Closure-55,Closure,55,overfitting,overfitting,Patches.zip:Patches/Patches_ICSE/Doverfitting/Kali/Closure/patch1-Closure-55-Kali-plausible.patch,data/normalized_patches/Patches_ICSE__Doverfitting__Kali__Closure__patch1-Closure-55-Kali-plausible.diff,,Kali,True,True,none,,overfitting,,NA,NA,NA,NA,NA,NA
Patches_ICSE__Doverfitting__Kali__Closure__patch1-Closure-59-Kali-plausible,Closure-59,Closure,59,overfitting,overfitting,Patches.zip:Patches/Patches_ICSE/Doverfitting/Kali/Closure/patch1-Closure-59-Kali-plausible.patch,data/normalized_patches/Patches_ICSE__Doverfitting__Kali__Closure__patch1-Closure-59-Kali-plausible.diff,,Kali,True,True,none,,overfitting,,NA,NA,NA,NA,NA,NA
Patches_ICSE__Doverfitting__Kali__Closure__patch1-Closure-61-Kali-plausible,Closure-61,Closure,61,overfitting,overfitting,Patches.zip:Patches/Patches_ICSE/Doverfitting/Kali/Closure/patch1-Closure-61-Kali-plausible.patch,data/normalized_patches/Patches_ICSE__Doverfitting__Kali__Closure__patch1-Closure-61-Kali-plausible.diff,,Kali,True,True,none,,overfitting,,NA,NA,NA,NA,NA,NA
Patches_ICSE__Doverfitting__Kali__Closure__patch1-Closure-64-Kali-plausible,Closure-64,Closure,64,overfitting,overfitting,Patches.zip:Patches/Patches_ICSE/Doverfitting/Kali/Closure/patch1-Closure-64-Kali-plausible.patch,data/normalized_patches/Patches_ICSE__Doverfitting__Kali__Closure__patch1-Closure-64-Kali-plausible.diff,,Kali,True,True,none,,overfitting,,NA,NA,NA,NA,NA,NA
Patches_ICSE__Doverfitting__Kali__Closure__patch1-Closure-67-Kali-plausible,Closure-67,Closure,67,overfitting,overfitting,Patches.zip:Patches/Patches_ICSE/Doverfitting/Kali/Closure/patch1-Closure-67-Kali-plausible.patch,data/normalized_patches/Patches_ICSE__Doverfitting__Kali__Closure__patch1-Closure-67-Kali-plausible.diff,,Kali,True,True,none,,overfitting,,NA,NA,NA,NA,NA,NA
Patches_ICSE__Doverfitting__Kali__Closure__patch1-Closure-68-Kali-plausible,Closure-68,Closure,68,overfitting,overfitting,Patches.zip:Patches/Patches_ICSE/Doverfitting/Kali/Closure/patch1-Closure-68-Kali-plausible.patch,data/normalized_patches/Patches_ICSE__Doverfitting__Kali__Closure__patch1-Closure-68-Kali-plausible.diff,,Kali,True,True,none,,overfitting,,NA,NA,NA,NA,NA,NA
Patches_ICSE__Doverfitting__Kali__Closure__patch1-Closure-7-Kali-plausible,Closure-7,Closure,7,overfitting,overfitting,Patches.zip:Patches/Patches_ICSE/Doverfitting/Kali/Closure/patch1-Closure-7-Kali-plausible.patch,data/normalized_patches/Patches_ICSE__Doverfitting__Kali__Closure__patch1-Closure-7-Kali-plausible.diff,,Kali,True,True,none,,overfitting,,NA,NA,NA,NA,NA,NA
Patches_ICSE__Doverfitting__Kali__Closure__patch1-Closure-72-Kali-plausible,Closure-72,Closure,72,overfitting,overfitting,Patches.zip:Patches/Patches_ICSE/Doverfitting/Kali/Closure/patch1-Closure-72-Kali-plausible.patch,data/normalized_patches/Patches_ICSE__Doverfitting__Kali__Closure__patch1-Closure-72-Kali-plausible.diff,,Kali,True,True,none,,overfitting,,NA,NA,NA,NA,NA,NA
Patches_ICSE__Doverfitting__Kali__Closure__patch1-Closure-75-Kali-plausible,Closure-75,Closure,75,overfitting,overfitting,Patches.zip:Patches/Patches_ICSE/Doverfitting/Kali/Closure/patch1-Closure-75-Kali-plausible.patch,data/normalized_patches/Patches_ICSE__Doverfitting__Kali__Closure__patch1-Closure-75-Kali-plausible.diff,,Kali,True,True,none,,overfitting,,NA,NA,NA,NA,NA,NA
Patches_ICSE__Doverfitting__Kali__Closure__patch1-Closure-76-Kali-plausible,Closure-76,Closure,76,overfitting,overfitting,Patches.zip:Patches/Patches_ICSE/Doverfitting/Kali/Closure/patch1-Closure-76-Kali-plausible.patch,data/normalized_patches/Patches_ICSE__Doverfitting__Kali__Closure__patch1-Closure-76-Kali-plausible.diff,,Kali,True,True,none,,overfitting,,NA,NA,NA,NA,NA,NA
Patches_ICSE__Doverfitting__Kali__Closure__patch1-Closure-78-Kali-plausible,Closure-78,Closure,78,overfitting,overfitting,Patches.zip:Patches/Patches_ICSE/Doverfitting/Kali/Closure/patch1-Closure-78-Kali-plausible.patch,data/normalized_patches/Patches_ICSE__Doverfitting__Kali__Closure__patch1-Closure-78-Kali-plausible.diff,,Kali,True,True,none,,overfitting,,NA,NA,NA,NA,NA,NA
Patches_ICSE__Doverfitting__Kali__Closure__patch1-Closure-8-Kali-plausible,Closure-8,Closure,8,overfitting,overfitting,Patches.zip:Patches/Patches_ICSE/Doverfitting/Kali/Closure/patch1-Closure-8-Kali-plausible.patch,data/normalized_patches/Patches_ICSE__Doverfitting__Kali__Closure__patch1-Closure-8-Kali-plausible.diff,,Kali,True,True,none,,overfitting,,NA,NA,NA,NA,NA,NA
Patches_ICSE__Doverfitting__Kali__Math__patch1-Math-2-Kali-plausible,Math-2,Math,2,overfitting,overfitting,Patches.zip:Patches/Patches_ICSE/Doverfitting/Kali/Math/patch1-Math-2-Kali-plausible.patch,data/normalized_patches/Patches_ICSE__Doverfitting__Kali__Math__patch1-Math-2-Kali-plausible.diff,,Kali,True,True,none,,overfitting,,NA,NA,NA,NA,NA,NA
Patches_ICSE__Doverfitting__Kali__Math__patch1-Math-28-Kali-plausible,Math-28,Math,28,overfitting,overfitting,Patches.zip:Patches/Patches_ICSE/Doverfitting/Kali/Math/patch1-Math-28-Kali-plausible.patch,data/normalized_patches/Patches_ICSE__Doverfitting__Kali__Math__patch1-Math-28-Kali-plausible.diff,DUP0051,Kali,True,True,none,,overfitting,,NA,NA,NA,NA,NA,NA
Patches_ICSE__Doverfitting__Kali__Math__patch1-Math-31-Kali-plausible,Math-31,Math,31,overfitting,overfitting,Patches.zip:Patches/Patches_ICSE/Doverfitting/Kali/Math/patch1-Math-31-Kali-plausible.patch,data/normalized_patches/Patches_ICSE__Doverfitting__Kali__Math__patch1-Math-31-Kali-plausible.diff,,Kali,True,True,none,,overfitting,,NA,NA,NA,NA,NA,NA
Patches_ICSE__Doverfitting__Kali__Math__patch1-Math-32-Kali-plausible,Math-32,Math,32,overfitting,overfitting,Patches.zip:Patches/Patches_ICSE/Doverfitting/Kali/Math/patch1-Math-32-Kali-plausible.patch,data/normalized_patches/Patches_ICSE__Doverfitting__Kali__Math__patch1-Math-32-Kali-plausible.diff,DUP0052,Kali,True,True,none,,overfitting,,NA,NA,NA,NA,NA,NA
Patches_ICSE__Doverfitting__Kali__Math__patch1-Math-49-Kali-plausible,Math-49,Math,49,overfitting,overfitting,Patches.zip:Patches/Patches_ICSE/Doverfitting/Kali/Math/patch1-Math-49-Kali-plausible.patch,data/normalized_patches/Patches_ICSE__Doverfitting__Kali__Math__patch1-Math-49-Kali-plausible.diff,DUP0054,Kali,True,True,none,,overfitting,,NA,NA,NA,NA,NA,NA
Patches_ICSE__Doverfitting__Kali__Math__patch1-Math-80-Kali-plausible,Math-80,Math,80,overfitting,overfitting,Patches.zip:Patches/Patches_ICSE/Doverfitting/Kali/Math/patch1-Math-80-Kali-plausible.patch,data/normalized_patches/Patches_ICSE__Doverfitting__Kali__Math__patch1-Math-80-Kali-plausible.diff,,Kali,True,True,none,,overfitting,,NA,NA,NA,NA,NA,NA
Patches_ICSE__Doverfitting__Kali__Math__patch1-Math-81-Kali-plausible,Math-81,Math,81,overfitting,overfitting,Patches.zip:Patches/Patches_ICSE/Doverfitting/Kali/Math/patch1-Math-81-Kali-plausible.patch,data/normalized_patches/Patches_ICSE__Doverfitting__Kali__Math__patch1-Math-81-Kali-plausible.diff,,Kali,True,True,none,,overfitting,,NA,NA,NA,NA,NA,NA
Patches_ICSE__Doverfitting__Kali__Math__patch1-Math-84-Kali-plausible,Math-84,Math,84,overfitting,overfitting,Patches.zip:Patches/Patches_ICSE/Doverfitting/Kali/Math/patch1-Math-84-Kali-plausible.patch,data/normalized_patches/Patches_ICSE__Doverfitting__Kali__Math__patch1-Math-84-Kali-plausible.diff,,Kali,True,True,none,,overfitting,,NA,NA,NA,NA,NA,NA
Patches_ICSE__Doverfitting__Kali__Math__patch1-Math-95-Kali-plausible,Math-95,Math,95,overfitting,overfitting,Patches.zip:Patches/Patches_ICSE/Doverfitting/Kali/Math/patch1-Math-95-Kali-plausible.patch,data/normalized_patches/Patches_ICSE__Doverfitting__Kali__Math__patch1-Math-95-Kali-plausible.diff,,Kali,True,True,none,,overfitting,,NA,NA,NA,NA,NA,NA
Patches_ICSE__Doverfitting__Nopol__Chart__patch1-Chart-13-Nopol-plausible,Chart-13,Chart,13,overfitting,overfitting,Patches.zip:Patches/Patches_ICSE/Doverfitting/Nopol/Chart/patch1-Chart-13-Nopol-plausible.patch,data/normalized_patches/Patches_ICSE__Doverfitting__Nopol__Chart__patch1-Chart-13-Nopol-plausible.diff,,Nopol,True,True,none,,overfitting,,NA,NA,NA,NA,NA,NA
Patches_ICSE__Doverfitting__Nopol__Chart__patch1-Chart-17-Nopol-plausible,Chart-17,Chart,17,overfitting,overfitting,Patches.zip:Patches/Patches_ICSE/Doverfitting/Nopol/Chart/patch1-Chart-17-Nopol-plausible.patch,data/normalized_patches/Patches_ICSE__Doverfitting__Nopol__Chart__patch1-Chart-17-Nopol-plausible.diff,,Nopol,True,True,none,,overfitting,,NA,NA,NA,NA,NA,NA
Patches_ICSE__Doverfitting__Nopol__Chart__patch1-Chart-21-Nopol-plausible,Chart-21,Chart,21,overfitting,overfitting,Patches.zip:Patches/Patches_ICSE/Doverfitting/Nopol/Chart/patch1-Chart-21-Nopol-plausible.patch,data/normalized_patches/Patches_ICSE__Doverfitting__Nopol__Chart__patch1-Chart-21-Nopol-plausible.diff,,Nopol,True,True,none,,overfitting,,NA,NA,NA,NA,NA,NA
Patches_ICSE__Doverfitting__Nopol__Chart__patch1-Chart-25-Nopol-plausible,Chart-25,Chart,25,overfitting,overfitting,Patches.zip:Patches/Patches_ICSE/Doverfitting/Nopol/Chart/patch1-Chart-25-Nopol-plausible.patch,data/normalized_patches/Patches_ICSE__Doverfitting__Nopol__Chart__patch1-Chart-25-Nopol-plausible.diff,,Nopol,True,True,none,,overfitting,,NA,NA,NA,NA,NA,NA
Patches_ICSE__Doverfitting__Nopol__Chart__patch1-Chart-5-Nopol-plausible,Chart-5,Chart,5,overfitting,overfitting,Patches.zip:Patches/Patches_ICSE/Doverfitting/Nopol/Chart/patch1-Chart-5-Nopol-plausible.patch,data/normalized_patches/Patches_ICSE__Doverfitting__Nopol__Chart__patch1-Chart-5-Nopol-plausible.diff,,Nopol,True,True,none,,overfitting,,NA,NA,NA,NA,NA,NA
Patches_ICSE__Doverfitting__Nopol__Chart__patch1-Chart-9-Nopol-plausible,Chart-9,Chart,9,overfitting,overfitting,Patches.zip:Patches/Patches_ICSE/Doverfitting/Nopol/Chart/patch1-Chart-9-Nopol-plausible.patch,data/normalized_patches/Patches_ICSE__Doverfitting__Nopol__Chart__patch1-Chart-9-Nopol-plausible.diff,,Nopol,True,True,none,,overfitting,,NA,NA,NA,NA,NA,NA
Patches_ICSE__Doverfitting__Nopol__Lang__patch1-Lang-44-Nopol-plausible,Lang-44,Lang,44,overfitting,overfitting,Patches.zip:Patches/Patches_ICSE/Doverfitting/Nopol/Lang/patch1-Lang-44-Nopol-plausible.patch,data/normalized_patches/Patches_ICSE__Doverfitting__Nopol__Lang__patch1-Lang-44-Nopol-plausible.diff,,Nopol,True,True,none,,overfitting,,NA,NA,NA,NA,NA,NA
Patches_ICSE__Doverfitting__Nopol__Lang__patch1-Lang-51-Nopol-plausible,Lang-51,Lang,51,overfitting,overfitting,Patches.zip:Patches/Patches_ICSE/Doverfitting/Nopol/Lang/patch1-Lang-51-Nopol-plausible.patch,data/normalized_patches/Patches_ICSE__Doverfitting__Nopol__Lang__patch1-Lang-51-Nopol-plausible.diff,,Nopol,True,True,none,,overfitting,,NA,NA,NA,NA,NA,NA
Patches_ICSE__Doverfitting__Nopol__Lang__patch1-Lang-53-Nopol-plausible,Lang-53,Lang,53,overfitting,overfitting,Patches.zip:Patches/Patches_ICSE/Doverfitting/Nopol/Lang/patch1-Lang-53-Nopol-plausible.patch,data/normalized_patches/Patches_ICSE__Doverfitting__Nopol__Lang__patch1-Lang-53-Nopol-plausible.diff,,Nopol,True,True,none,,overfitting,,NA,NA,NA,NA,NA,NA
Patches_ICSE__Doverfitting__Nopol__Lang__patch1-Lang-55-Nopol-plausible,Lang-55,Lang,55,overfitting,overfitting,Patches.zip:Patches/Patches_ICSE/Doverfitting/Nopol/Lang/patch1-Lang-55-Nopol-plausible.patch,data/normalized_patches/Patches_ICSE__Doverfitting__Nopol__Lang__patch1-Lang-55-Nopol-plausible.diff,,Nopol,True,True,none,,overfitting,,NA,NA,NA,NA,NA,NA
Patches_ICSE__Doverfitting__Nopol__Lang__patch1-Lang-58-Nopol-plausible,Lang-58,Lang,58,overfitting,overfitting,Patches.zip:Patches/Patches_ICSE/Doverfitting/Nopol/Lang/patch1-Lang-58-Nopol-plausible.patch,data/normalized_patches/Patches_ICSE__Doverfitting__Nopol__Lang__patch1-Lang-58-Nopol-plausible.diff,,Nopol,True,True,none,,overfitting,,NA,NA,NA,NA,NA,NA
Patches_ICSE__Doverfitting__Nopol__Math__patch1-Math-105-Nopol-plausible,Math-105,Math,105,overfitting,overfitting,Patches.zip:Patches/Patches_ICSE/Doverfitting/Nopol/Math/patch1-Math-105-Nopol-plausible.patch,data/normalized_patches/Patches_ICSE__Doverfitting__Nopol__Math__patch1-Math-105-Nopol-plausible.diff,,Nopol,True,True,none,,overfitting,,NA,NA,NA,NA,NA,NA
Patches_ICSE__Doverfitting__Nopol__Math__patch1-Math-18-Nopol-plausible,Math-18,Math,18,overfitting,overfitting,Patches.zip:Patches/Patches_ICSE/Doverfitting/Nopol/Math/patch1-Math-18-Nopol-plausible.patch,data/normalized_patches/Patches_ICSE__Doverfitting__Nopol__Math__patch1-Math-18-Nopol-plausible.diff,,Nopol,True,True,none,,overfitting,,NA,NA,NA,NA,NA,NA
Patches_ICSE__Doverfitting__Nopol__Math__patch1-Math-2-Nopol-plausible,Math-2,Math,2,overfitting,overfitting,Patches.zip:Patches/Patches_ICSE/Doverfitting/Nopol/Math/patch1-Math-2-Nopol-plausible.patch,data/normalized_patches/Patches_ICSE__Doverfitting__Nopol__Math__patch1-Math-2-Nopol-plausible.diff,,Nopol,True,True,none,,overfitting,,NA,NA,NA,NA,NA,NA
Patches_ICSE__Doverfitting__Nopol__Math__patch1-Math-20-Nopol-plausible,Math-20,Math,20,overfitting,overfitting,Patches.zip:Patches/Patches_ICSE/Doverfitting/Nopol/Math/patch1-Math-20-Nopol-plausible.patch,data/normalized_patches/Patches_ICSE__Doverfitting__Nopol__Math__patch1-Math-20-Nopol-plausible.diff,,Nopol,True,True,none,,overfitting,,NA,NA,NA,NA,NA,NA
Patches_ICSE__Doverfitting__Nopol__Math__patch1-Math-33-Nopol-plausible,Math-33,Math,33,overfitting,overfitting,Patches.zip:Patches/Patches_ICSE/Doverfitting/Nopol/Math/patch1-Math-33-Nopol-plausible.patch,data/normalized_patches/Patches_ICSE__Doverfitting__Nopol__Math__patch1-Math-33-Nopol-plausible.diff,,Nopol,True,True,none,,overfitting,,NA,NA,NA,NA,NA,NA
Patches_ICSE__Doverfitting__Nopol__Math__patch1-Math-4-Nopol-plausible,Math-4,Math,4,overfitting,overfitting,Patches.zip:Patches/Patches_ICSE/Doverfitting/Nopol/Math/patch1-Math-4-Nopol-plausible.patch,data/normalized_patches/Patches_ICSE__Doverfitting__Nopol__Math__patch1-Math-4-Nopol-plausible.diff,,Nopol,True,True,none,,overfitting,,NA,NA,NA,NA,NA,NA
Patches_ICSE__Doverfitting__Nopol__Math__patch1-Math-41-Nopol-plausible,Math-41,Math,41,overfitting,overfitting,Patches.zip:Patches/Patches_ICSE/Doverfitting/Nopol/Math/patch1-Math-41-Nopol-plausible.patch,data/normalized_patches/Patches_ICSE__Doverfitting__Nopol__Math__patch1-Math-41-Nopol-plausible.diff,,Nopol,True,True,none,,overfitting,,NA,NA,NA,NA,NA,NA
Patches_ICSE__Doverfitting__Nopol__Math__patch1-Math-42-Nopol-plausible,Math-42,Math,42,overfitting,overfitting,Patches.zip:Patches/Patches_ICSE/Doverfitting/Nopol/Math/patch1-Math-42-Nopol-plausible.patch,data/normalized_patches/Patches_ICSE__Doverfitting__Nopol__Math__patch1-Math-42-Nopol-plausible.diff,,Nopol,True,True,none,,overfitting,,NA,NA,NA,NA,NA,NA
Patches_ICSE__Doverfitting__Nopol__Math__patch1-Math-49-Nopol-plausible,Math-49,Math,49,overfitting,overfitting,Patches.zip:Patches/Patches_ICSE/Doverfitting/Nopol/Math/patch1-Math-49-Nopol-plausible.patch,data/normalized_patches/Patches_ICSE__Doverfitting__Nopol__Math__patch1-Math-49-Nopol-plausible.diff,,Nopol,True,True,none,,overfitting,,NA,NA,NA,NA,NA,NA
Patches_ICSE__Doverfitting__Nopol__Math__patch1-Math-58-Nopol-plausible,Math-58,Math,58,overfitting,overfitting,Patches.zip:Patches/Patches_ICSE/Doverfitting/Nopol/Math/patch1-Math-58-Nopol-plausible.patch,data/normalized_patches/Patches_ICSE__Doverfitting__Nopol__Math__patch1-Math-58-Nopol-plausible.diff,,Nopol,True,True,none,,overfitting,,NA,NA,NA,NA,NA,NA
Patches_ICSE__Doverfitting__Nopol__Math__patch1-Math-69-Nopol-plausible,Math-69,Math,69,overfitting,overfitting,Patches.zip:Patches/Patches_ICSE/Doverfitting/Nopol/Math/patch1-Math-69-Nopol-plausible.patch,data/normalized_patches/Patches_ICSE__Doverfitting__Nopol__Math__patch1-Math-69-Nopol-plausible.diff,,Nopol,True,True,none,,overfitting,,NA,NA,NA,NA,NA,NA
Patches_ICSE__Doverfitting__Nopol__Math__patch1-Math-7-Nopol-plausible,Math-7,Math,7,overfitting,overfitting,Patches.zip:Patches/Patches_ICSE/Doverfitting/Nopol/Math/patch1-Math-7-Nopol-plausible.patch,data/normalized_patches/Patches_ICSE__Doverfitting__Nopol__Math__patch1-Math-7-Nopol-plausible.diff,,Nopol,True,True,none,,overfitting,,NA,NA,NA,NA,NA,NA
Patches_ICSE__Doverfitting__Nopol__Math__patch1-Math-73-Nopol-plausible,Math-73,Math,73,overfitting,overfitting,Patches.zip:Patches/Patches_ICSE/Doverfitting/Nopol/Math/patch1-Math-73-Nopol-plausible.patch,data/normalized_patches/Patches_ICSE__Doverfitting__Nopol__Math__patch1-Math-73-Nopol-plausible.diff,,Nopol,True,True,none,,overfitting,,NA,NA,NA,NA,NA,NA
Patches_ICSE__Doverfitting__Nopol__Math__patch1-Math-78-Nopol-plausible,Math-78,Math,78,overfitting,overfitting,Patches.zip:Patches/Patches_ICSE/Doverfitting/Nopol/Math/patch1-Math-78-Nopol-plausible.patch,data/normalized_patches/Patches_ICSE__Doverfitting__Nopol__Math__patch1-Math-78-Nopol-plausible.diff,,Nopol,True,True,none,,overfitting,,NA,NA,NA,NA,NA,NA
Patches_ICSE__Doverfitting__Nopol__Math__patch1-Math-80-Nopol-plausible,Math-80,Math,80,overfitting,overfitting,Patches.zip:Patches/Patches_ICSE/Doverfitting/Nopol/Math/patch1-Math-80-Nopol-plausible.patch,data/normalized_patches/Patches_ICSE__Doverfitting__Nopol__Math__patch1-Math-80-Nopol-plausible.diff,,Nopol,True,True,none,,overfitting,,NA,NA,NA,NA,NA,NA
Patches_ICSE__Doverfitting__Nopol__Math__patch1-Math-81-Nopol-plausible,Math-81,Math,81,overfitting,overfitting,Patches.zip:Patches/Patches_ICSE/Doverfitting/Nopol/Math/patch1-Math-81-Nopol-plausible.patch,data/normalized_patches/Patches_ICSE__Doverfitting__Nopol__Math__patch1-Math-81-Nopol-plausible.diff,,Nopol,True,True,none,,overfitting,,NA,NA,NA,NA,NA,NA
Patches_ICSE__Doverfitting__Nopol__Math__patch1-Math-82-Nopol-plausible,Math-82,Math,82,overfitting,overfitting,Patches.zip:Patches/Patches_ICSE/Doverfitting/Nopol/Math/patch1-Math-82-Nopol-plausible.patch,data/normalized_patches/Patches_ICSE__Doverfitting__Nopol__Math__patch1-Math-82-Nopol-plausible.diff,,Nopol,True,True,none,,overfitting,,NA,NA,NA,NA,NA,NA
Patches_ICSE__Doverfitting__Nopol__Math__patch1-Math-87-Nopol-plausible,Math-87,Math,87,overfitting,overfitting,Patches.zip:Patches/Patches_ICSE/Doverfitting/Nopol/Math/patch1-Math-87-Nopol-plausible.patch,data/normalized_patches/Patches_ICSE__Doverfitting__Nopol__Math__patch1-Math-87-Nopol-plausible.diff,,Nopol,True,True,none,,overfitting,,NA,NA,NA,NA,NA,NA
Patches_ICSE__Doverfitting__Nopol__Time__patch1-Time-14-Nopol-plausible,Time-14,Time,14,overfitting,overfitting,Patches.zip:Patches/Patches_ICSE/Doverfitting/Nopol/Time/patch1-Time-14-Nopol-plausible.patch,data/normalized_patches/Patches_ICSE__Doverfitting__Nopol__Time__patch1-Time-14-Nopol-plausible.diff,,Nopol,True,True,none,,overfitting,,NA,NA,NA,NA,NA,NA
Patches_ICSE__Doverfitting__RSRepair__Chart__patch1-Chart-12-RSRepair-plausible,Chart-12,Chart,12,overfitting,overfitting,Patches.zip:Patches/Patches_ICSE/Doverfitting/RSRepair/Chart/patch1-Chart-12-RSRepair-plausible.patch,data/normalized_patches/Patches_ICSE__Doverfitting__RSRepair__Chart__patch1-Chart-12-RSRepair-plausible.diff,,RSRepair,True,True,none,,overfitting,,NA,NA,NA,NA,NA,NA
Patches_ICSE__Doverfitting__RSRepair__Chart__patch1-Chart-13-RSRepair-plausible,Chart-13,Chart,13,overfitting,overfitting,Patches.zip:Patches/Patches_ICSE/Doverfitting/RSRepair/Chart/patch1-Chart-13-RSRepair-plausible.patch,data/normalized_patches/Patches_ICSE__Doverfitting__RSRepair__Chart__patch1-Chart-13-RSRepair-plausible.diff,,RSRepair,True,True,none,,overfitting,,NA,NA,NA,NA,NA,NA
Patches_ICSE__Doverfitting__RSRepair__Chart__patch1-Chart-25-RSRepair-plausible,Chart-25,Chart,25,overfitting,overfitting,Patches.zip:Patches/Patches_ICSE/Doverfitting/RSRepair/Chart/patch1-Chart-25-RSRepair-plausible.patch,data/normalized_patches/Patches_ICSE__Doverfitting__RSRepair__Chart__patch1-Chart-25-RSRepair-plausible.diff,,RSRepair,True,True,none,,overfitting,,NA,NA,NA,NA,NA,NA
Patches_ICSE__Doverfitting__RSRepair__Chart__patch1-Chart-5-RSRepair-plausible,Chart-5,Chart,5,overfitting,overfitting,Patches.zip:Patches/Patches_ICSE/Doverfitting/RSRepair/Chart/patch1-Chart-5-RSRepair-plausible.patch,data/normalized_patches/Patches_ICSE__Doverfitting__RSRepair__Chart__patch1-Chart-5-RSRepair-plausible.diff,,RSRepair,True,True,none,,overfitting,,NA,NA,NA,NA,NA,NA
Patches_ICSE__Doverfitting__RSRepair__Closure__patch1-Closure-10-RSRepair-plausible,Closure-10,Closure,10,overfitting,overfitting,Patches.zip:Patches/Patches_ICSE/Doverfitting/RSRepair/Closure/patch1-Closure-10-RSRepair-plausible.patch,data/normalized_patches/Patches_ICSE__Doverfitting__RSRepair__Closure__patch1-Closure-10-RSRepair-plausible.diff,,RSRepair,True,True,none,,overfitting,,NA,NA,NA,NA,NA,NA
Patches_ICSE__Doverfitting__RSRepair__Closure__patch1-Closure-112-RSRepair-plausible,Closure-112,Closure,112,overfitting,overfitting,Patches.zip:Patches/Patches_ICSE/Doverfitting/RSRepair/Closure/patch1-Closure-112-RSRepair-plausible.patch,data/normalized_patches/Patches_ICSE__Doverfitting__RSRepair__Closure__patch1-Closure-112-RSRepair-plausible.diff,,RSRepair,True,True,none,,overfitting,,NA,NA,NA,NA,NA,NA
Patches_ICSE__Doverfitting__RSRepair__Closure__patch1-Closure-114-RSRepair-plausible,Closure-114,Closure,114,overfitting,overfitting,Patches.zip:Patches/Patches_ICSE/Doverfitting/RSRepair/Closure/patch1-Closure-114-RSRepair-plausible.patch,data/normalized_patches/Patches_ICSE__Doverfitting__RSRepair__Closure__patch1-Closure-114-RSRepair-plausible.diff,,RSRepair,True,True,none,,overfitting,,NA,NA,NA,NA,NA,NA
Patches_ICSE__Doverfitting__RSRepair__Closure__patch1-Closure-120-RSRepair-plausible,Closure-120,Closure,120,overfitting,overfitting,Patches.zip:Patches/Patches_ICSE/Doverfitting/RSRepair/Closure/patch1-Closure-120-RSRepair-plausible.patch,data/normalized_patches/Patches_ICSE__Doverfitting__RSRepair__Closure__patch1-Closure-120-RSRepair-plausible.diff,,RSRepair,True,True,none,,overfitting,,NA,NA,NA,NA,NA,NA
Patches_ICSE__Doverfitting__RSRepair__Closure__patch1-Closure-121-RSRepair-plausible,Closure-121,Closure,121,overfitting,overfitting,Patches.zip:Patches/Patches_ICSE/Doverfitting/RSRepair/Closure/patch1-Closure-121-RSRepair-plausible.patch,data/normalized_patches/Patches_ICSE__Doverfitting__RSRepair__Closure__patch1-Closure-121-RSRepair-plausible.diff,,RSRepair,True,True,none,,overfitting,,NA,NA,NA,NA,NA,NA
Patches_ICSE__Doverfitting__RSRepair__Closure__patch1-Closure-124-RSRepair-plausible,Closure-124,Closure,124,overfitting,overfitting,Patches.zip:Patches/Patches_ICSE/Doverfitting/RSRepair/Closure/patch1-Closure-124-RSRepair-plausible.patch,data/normalized_patches/Patches_ICSE__Doverfitting__RSRepair__Closure__patch1-Closure-124-RSRepair-plausible.diff,,RSRepair,True,True,none,,overfitting,,NA,NA,NA,NA,NA,NA
Patches_ICSE__Doverfitting__RSRepair__Closure__patch1-Closure-127-RSRepair-plausible,Closure-127,Closure,127,overfitting,overfitting,Patches.zip:Patches/Patches_ICSE/Doverfitting/RSRepair/Closure/patch1-Closure-127-RSRepair-plausible.patch,data/normalized_patches/Patches_ICSE__Doverfitting__RSRepair__Closure__patch1-Closure-127-RSRepair-plausible.diff,,RSRepair,True,True,none,,overfitting,,NA,NA,NA,NA,NA,NA
Patches_ICSE__Doverfitting__RSRepair__Closure__patch1-Closure-129-RSRepair-plausible,Closure-129,Closure,129,overfitting,overfitting,Patches.zip:Patches/Patches_ICSE/Doverfitting/RSRepair/Closure/patch1-Closure-129-RSRepair-plausible.patch,data/normalized_patches/Patches_ICSE__Doverfitting__RSRepair__Closure__patch1-Closure-129-RSRepair-plausible.diff,DUP0027,RSRepair,True,True,none,,overfitting,,NA,NA,NA,NA,NA,NA
Patches_ICSE__Doverfitting__RSRepair__Closure__patch1-Closure-130-RSRepair-plausible,Closure-130,Closure,130,overfitting,overfitting,Patches.zip:Patches/Patches_ICSE/Doverfitting/RSRepair/Closure/patch1-Closure-130-RSRepair-plausible.patch,data/normalized_patches/Patches_ICSE__Doverfitting__RSRepair__Closure__patch1-Closure-130-RSRepair-plausible.diff,DUP0028,RSRepair,True,True,none,,overfitting,,NA,NA,NA,NA,NA,NA
Patches_ICSE__Doverfitting__RSRepair__Closure__patch1-Closure-21-RSRepair-plausible,Closure-21,Closure,21,overfitting,overfitting,Patches.zip:Patches/Patches_ICSE/Doverfitting/RSRepair/Closure/patch1-Closure-21-RSRepair-plausible.patch,data/normalized_patches/Patches_ICSE__Doverfitting__RSRepair__Closure__patch1-Closure-21-RSRepair-plausible.diff,,RSRepair,True,True,none,,overfitting,,NA,NA,NA,NA,NA,NA
Patches_ICSE__Doverfitting__RSRepair__Closure__patch1-Closure-22-RSRepair-plausible,Closure-22,Closure,22,overfitting,overfitting,Patches.zip:Patches/Patches_ICSE/Doverfitting/RSRepair/Closure/patch1-Closure-22-RSRepair-plausible.patch,data/normalized_patches/Patches_ICSE__Doverfitting__RSRepair__Closure__patch1-Closure-22-RSRepair-plausible.diff,,RSRepair,True,True,none,,overfitting,,NA,NA,NA,NA,NA,NA
Patches_ICSE__Doverfitting__RSRepair__Closure__patch1-Closure-31-RSRepair-plausible,Closure-31,Closure,31,overfitting,overfitting,Patches.zip:Patches/Patches_ICSE/Doverfitting/RSRepair/Closure/patch1-Closure-31-RSRepair-plausible.patch,data/normalized_patches/Patches_ICSE__Doverfitting__RSRepair__Closure__patch1-Closure-31-RSRepair-plausible.diff,,RSRepair,True,True,none,,overfitting,,NA,NA,NA,NA,NA,NA
Patches_ICSE__Doverfitting__RSRepair__Closure__patch1-Closure-33-RSRepair-plausible,Closure-33,Closure,33,overfitting,overfitting,Patches.zip:Patches/Patches_ICSE/Doverfitting/RSRepair/Closure/patch1-Closure-33-RSRepair-plausible.patch,data/normalized_patches/Patches_ICSE__Doverfitting__RSRepair__Closure__patch1-Closure-33-RSRepair-plausible.diff,,RSRepair,True,True,none,,overfitting,,NA,NA,NA,NA,NA,NA
Patches_ICSE__Doverfitting__RSRepair__Closure__patch1-Closure-45-RSRepair-plausible,Closure-45,Closure,45,overfitting,overfitting,Patches.zip:Patches/Patches_ICSE/Doverfitting/RSRepair/Closure/patch1-Closure-45-RSRepair-plausible.patch,data/normalized_patches/Patches_ICSE__Doverfitting__RSRepair__Closure__patch1-Closure-45-RSRepair-plausible.diff,DUP0029,RSRepair,True,True,none,,overfitting,,NA,NA,NA,NA,NA,NA
Patches_ICSE__Doverfitting__RSRepair__Closure__patch1-Closure-55-RSRepair-plausible,Closure-55,Closure,55,overfitting,overfitting,Patches.zip:Patches/Patches_ICSE/Doverfitting/RSRepair/Closure/patch1-Closure-55-RSRepair-plausible.patch,data/normalized_patches/Patches_ICSE__Doverfitting__RSRepair__Closure__patch1-Closure-55-RSRepair-plausible.diff,,RSRepair,True,True,none,,overfitting,,NA,NA,NA,NA,NA,NA
Patches_ICSE__Doverfitting__RSRepair__Closure__patch1-Closure-59-RSRepair-plausible,Closure-59,Closure,59,overfitting,overfitting,Patches.zip:Patches/Patches_ICSE/Doverfitting/RSRepair/Closure/patch1-Closure-59-RSRepair-plausible.patch,data/normalized_patches/Patches_ICSE__Doverfitting__RSRepair__Closure__patch1-Closure-59-RSRepair-plausible.diff,,RSRepair,True,True,none,,overfitting,,NA,NA,NA,NA,NA,NA
Patches_ICSE__Doverfitting__RSRepair__Closure__patch1-Closure-61-RSRepair-plausible,Closure-61,Closure,61,overfitting,overfitting,Patches.zip:Patches/Patches_ICSE/Doverfitting/RSRepair/Closure/patch1-Closure-61-RSRepair-plausible.patch,data/normalized_patches/Patches_ICSE__Doverfitting__RSRepair__Closure__patch1-Closure-61-RSRepair-plausible.diff,,RSRepair,True,True,none,,overfitting,,NA,NA,NA,NA,NA,NA
Patches_ICSE__Doverfitting__RSRepair__Closure__patch1-Closure-67-RSRepair-plausible,Closure-67,Closure,67,overfitting,overfitting,Patches.zip:Patches/Patches_ICSE/Doverfitting/RSRepair/Closure/patch1-Closure-67-RSRepair-plausible.patch,data/normalized_patches/Patches_ICSE__Doverfitting__RSRepair__Closure__patch1-Closure-67-RSRepair-plausible.diff,,RSRepair,True,True,none,,overfitting,,NA,NA,NA,NA,NA,NA
Patches_ICSE__Doverfitting__RSRepair__Closure__patch1-Closure-75-RSRepair-plausible,Closure-75,Closure,75,overfitting,overfitting,Patches.zip:Patches/Patches_ICSE/Doverfitting/RSRepair/Closure/patch1-Closure-75-RSRepair-plausible.patch,data/normalized_patches/Patches_ICSE__Doverfitting__RSRepair__Closure__patch1-Closure-75-RSRepair-plausible.diff,,RSRepair,True,True,none,,overfitting,,NA,NA,NA,NA,NA,NA
Patches_ICSE__Doverfitting__RSRepair__Closure__patch1-Closure-78-RSRepair-plausible,Closure-78,Closure,78,overfitting,overfitting,Patches.zip:Patches/Patches_ICSE/Doverfitting/RSRepair/Closure/patch1-Closure-78-RSRepair-plausible.patch,data/normalized_patches/Patches_ICSE__Doverfitting__RSRepair__Closure__patch1-Closure-78-RSRepair-plausible.diff,,RSRepair,True,True,none,,overfitting,,NA,NA,NA,NA,NA,NA
Patches_ICSE__Doverfitting__RSRepair__Lang__patch1-Lang-13-RSRepair-plausible,Lang-13,Lang,13,overfitting,overfitting,Patches.zip:Patches/Patches_ICSE/Doverfitting/RSRepair/Lang/patch1-Lang-13-RSRepair-plausible.patch,data/normalized_patches/Patches_ICSE__Doverfitting__RSRepair__Lang__patch1-Lang-13-RSRepair-plausible.diff,,RSRepair,True,True,none,,overfitting,,NA,NA,NA,NA,NA,NA
Patches_ICSE__Doverfitting__RSRepair__Lang__patch1-Lang-16-RSRepair-plausible,Lang-16,Lang,16,overfitting,overfitting,Patches.zip:Patches/Patches_ICSE/Doverfitting/RSRepair/Lang/patch1-Lang-16-RSRepair-plausible.patch,data/normalized_patches/Patches_ICSE__Doverfitting__RSRepair__Lang__patch1-Lang-16-RSRepair-plausible.diff,DUP0037,RSRepair,True,True,none,,overfitting,,NA,NA,NA,NA,NA,NA
Patches_ICSE__Doverfitting__RSRepair__Lang__patch1-Lang-7-RSRepair-plausible,Lang-7,Lang,7,overfitting,overfitting,Patches.zip:Patches/Patches_ICSE/Doverfitting/RSRepair/Lang/patch1-Lang-7-RSRepair-plausible.patch,data/normalized_patches/Patches_ICSE__Doverfitting__RSRepair__Lang__patch1-Lang-7-RSRepair-plausible.diff,,RSRepair,True,True,none,,overfitting,,NA,NA,NA,NA,NA,NA
Patches_ICSE__Doverfitting__RSRepair__Math__patch1-Math-103-RSRepair-plausible,Math-103,Math,103,overfitting,overfitting,Patches.zip:Patches/Patches_ICSE/Doverfitting/RSRepair/Math/patch1-Math-103-RSRepair-plausible.patch,data/normalized_patches/Patches_ICSE__Doverfitting__RSRepair__Math__patch1-Math-103-RSRepair-plausible.diff,,RSRepair,True,True,none,,overfitting,,NA,NA,NA,NA,NA,NA
Patches_ICSE__Doverfitting__RSRepair__Math__patch1-Math-2-RSRepair-plausible,Math-2,Math,2,overfitting,overfitting,Patches.zip:Patches/Patches_ICSE/Doverfitting/RSRepair/Math/patch1-Math-2-RSRepair-plausible.patch,data/normalized_patches/Patches_ICSE__Doverfitting__RSRepair__Math__patch1-Math-2-RSRepair-plausible.diff,DUP0049,RSRepair,True,True,none,,overfitting,,NA,NA,NA,NA,NA,NA
Patches_ICSE__Doverfitting__RSRepair__Math__patch1-Math-28-RSRepair-plausible,Math-28,Math,28,overfitting,overfitting,Patches.zip:Patches/Patches_ICSE/Doverfitting/RSRepair/Math/patch1-Math-28-RSRepair-plausible.patch,data/normalized_patches/Patches_ICSE__Doverfitting__RSRepair__Math__patch1-Math-28-RSRepair-plausible.diff,,RSRepair,True,True,none,,overfitting,,NA,NA,NA,NA,NA,NA
Patches_ICSE__Doverfitting__RSRepair__Math__patch1-Math-33-RSRepair-plausible,Math-33,Math,33,overfitting,overfitting,Patches.zip:Patches/Patches_ICSE/Doverfitting/RSRepair/Math/patch1-Math-33-RSRepair-plausible.patch,data/normalized_patches/Patches_ICSE__Doverfitting__RSRepair__Math__patch1-Math-33-RSRepair-plausible.diff,,RSRepair,True,True,none,,overfitting,,NA,NA,NA,NA,NA,NA
Patches_ICSE__Doverfitting__RSRepair__Math__patch1-Math-40-RSRepair-plausible,Math-40,Math,40,overfitting,overfitting,Patches.zip:Patches/Patches_ICSE/Doverfitting/RSRepair/Math/patch1-Math-40-RSRepair-plausible.patch,data/normalized_patches/Patches_ICSE__Doverfitting__RSRepair__Math__patch1-Math-40-RSRepair-plausible.diff,,RSRepair,True,True,none,,overfitting,,NA,NA,NA,NA,NA,NA
Patches_ICSE__Doverfitting__RSRepair__Math__patch1-Math-58-RSRepair-plausible,Math-58,Math,58,overfitting,overfitting,Patches.zip:Patches/Patches_ICSE/Doverfitting/RSRepair/Math/patch1-Math-58-RSRepair-plausible.patch,data/normalized_patches/Patches_ICSE__Doverfitting__RSRepair__Math__patch1-Math-58-RSRepair-plausible.diff,,RSRepair,True,True,none,,overfitting,,NA,NA,NA,NA,NA,NA
Patches_ICSE__Doverfitting__RSRepair__Math__patch1-Math-80-RSRepair-plausible,Math-80,Math,80,overfitting,overfitting,Patches.zip:Patches/Patches_ICSE/Doverfitting/RSRepair/Math/patch1-Math-80-RSRepair-plausible.patch,data/normalized_patches/Patches_ICSE__Doverfitting__RSRepair__Math__patch1-Math-80-RSRepair-plausible.diff,,RSRepair,True,True,none,,overfitting,,NA,NA,NA,NA,NA,NA
Patches_ICSE__Doverfitting__RSRepair__Math__patch1-Math-81-RSRepair-plausible,Math-81,Math,81,overfitting,overfitting,Patches.zip:Patches/Patches_ICSE/Doverfitting/RSRepair/Math/patch1-Math-81-RSRepair-plausible.patch,data/normalized_patches/Patches_ICSE__Doverfitting__RSRepair__Math__patch1-Math-81-RSRepair-plausible.diff,,RSRepair,True,True,none,,overfitting,,NA,NA,NA,NA,NA,NA
Patches_ICSE__Doverfitting__RSRepair__Math__patch1-Math-82-RSRepair-plausible,Math-82,Math,82,overfitting,overfitting,Patches.zip:Patches/Patches_ICSE/Doverfitting/RSRepair/Math/patch1-Math-82-RSRepair-plausible.patch,data/normalized_patches/Patches_ICSE__Doverfitting__RSRepair__Math__patch1-Math-82-RSRepair-plausible.diff,DUP0076,RSRepair,True,True,none,,overfitting,,NA,NA,NA,NA,NA,NA
Patches_ICSE__Doverfitting__RSRepair__Math__patch1-Math-84-RSRepair-plausible,Math-84,Math,84,overfitting,overfitting,Patches.zip:Patches/Patches_ICSE/Doverfitting/RSRepair/Math/patch1-Math-84-RSRepair-plausible.patch,data/normalized_patches/Patches_ICSE__Doverfitting__RSRepair__Math__patch1-Math-84-RSRepair-plausible.diff,,RSRepair,True,True,none,,overfitting,,NA,NA,NA,NA,NA,NA
Patches_ICSE__Doverfitting__RSRepair__Math__patch1-Math-85-RSRepair-plausible,Math-85,Math,85,overfitting,overfitting,Patches.zip:Patches/Patches_ICSE/Doverfitting/RSRepair/Math/patch1-Math-85-RSRepair-plausible.patch,data/normalized_patches/Patches_ICSE__Doverfitting__RSRepair__Math__patch1-Math-85-RSRepair-plausible.diff,,RSRepair,True,True,none,,overfitting,,NA,NA,NA,NA,NA,NA
Patches_ICSE__Doverfitting__RSRepair__Math__patch1-Math-95-RSRepair-plausible,Math-95,Math,95,overfitting,overfitting,Patches.zip:Patches/Patches_ICSE/Doverfitting/RSRepair/Math/patch1-Math-95-RSRepair-plausible.patch,data/normalized_patches/Patches_ICSE__Doverfitting__RSRepair__Math__patch1-Math-95-RSRepair-plausible.diff,,RSRepair,True,True,none,,overfitting,,NA,NA,NA,NA,NA,NA
Patches_ICSE__Doverfitting__SimFix__Chart__patch1-Chart-12-SimFix-plausible,Chart-12,Chart,12,overfitting,overfitting,Patches.zip:Patches/Patches_ICSE/Doverfitting/SimFix/Chart/patch1-Chart-12-SimFix-plausible.patch,data/normalized_patches/Patches_ICSE__Doverfitting__SimFix__Chart__patch1-Chart-12-SimFix-plausible.diff,,SimFix,True,True,none,,overfitting,,NA,NA,NA,NA,NA,NA
Patches_ICSE__Doverfitting__SimFix__Chart__patch1-Chart-18-SimFix-plausible,Chart-18,Chart,18,overfitting,overfitting,Patches.zip:Patches/Patches_ICSE/Doverfitting/SimFix/Chart/patch1-Chart-18-SimFix-plausible.patch,data/normalized_patches/Patches_ICSE__Doverfitting__SimFix__Chart__patch1-Chart-18-SimFix-plausible.diff,,SimFix,True,True,none,,overfitting,,NA,NA,NA,NA,NA,NA
Patches_ICSE__Doverfitting__SimFix__Chart__patch1-Chart-22-SimFix-plausible,Chart-22,Chart,22,overfitting,overfitting,Patches.zip:Patches/Patches_ICSE/Doverfitting/SimFix/Chart/patch1-Chart-22-SimFix-plausible.patch,data/normalized_patches/Patches_ICSE__Doverfitting__SimFix__Chart__patch1-Chart-22-SimFix-plausible.diff,,SimFix,True,True,none,,overfitting,,NA,NA,NA,NA,NA,NA
Patches_ICSE__Doverfitting__SimFix__Chart__patch1-Chart-25-SimFix-plausible,Chart-25,Chart,25,overfitting,overfitting,Patches.zip:Patches/Patches_ICSE/Doverfitting/SimFix/Chart/patch1-Chart-25-SimFix-plausible.patch,data/normalized_patches/Patches_ICSE__Doverfitting__SimFix__Chart__patch1-Chart-25-SimFix-plausible.diff,,SimFix,True,True,none,,overfitting,,NA,NA,NA,NA,NA,NA
Patches_ICSE__Doverfitting__SimFix__Chart__patch1-Chart-3-SimFix-plausible,Chart-3,Chart,3,overfitting,overfitting,Patches.zip:Patches/Patches_ICSE/Doverfitting/SimFix/Chart/patch1-Chart-3-SimFix-plausible.patch,data/normalized_patches/Patches_ICSE__Doverfitting__SimFix__Chart__patch1-Chart-3-SimFix-plausible.diff,,SimFix,True,True,none,,overfitting,,NA,NA,NA,NA,NA,NA
Patches_ICSE__Doverfitting__SimFix__Closure__patch1-Closure-106-SimFix-plausible,Closure-106,Closure,106,overfitting,overfitting,Patches.zip:Patches/Patches_ICSE/Doverfitting/SimFix/Closure/patch1-Closure-106-SimFix-plausible.patch,data/normalized_patches/Patches_ICSE__Doverfitting__SimFix__Closure__patch1-Closure-106-SimFix-plausible.diff,DUP0022,SimFix,True,True,none,,overfitting,,NA,NA,NA,NA,NA,NA
Patches_ICSE__Doverfitting__SimFix__Closure__patch1-Closure-107-SimFix-plausible,Closure-107,Closure,107,overfitting,overfitting,Patches.zip:Patches/Patches_ICSE/Doverfitting/SimFix/Closure/patch1-Closure-107-SimFix-plausible.patch,data/normalized_patches/Patches_ICSE__Doverfitting__SimFix__Closure__patch1-Closure-107-SimFix-plausible.diff,,SimFix,True,True,none,,overfitting,,NA,NA,NA,NA,NA,NA
Patches_ICSE__Doverfitting__SimFix__Closure__patch1-Closure-108-SimFix-plausible,Closure-108,Closure,108,overfitting,overfitting,Patches.zip:Patches/Patches_ICSE/Doverfitting/SimFix/Closure/patch1-Closure-108-SimFix-plausible.patch,data/normalized_patches/Patches_ICSE__Doverfitting__SimFix__Closure__patch1-Closure-108-SimFix-plausible.diff,,SimFix,True,True,none,,overfitting,,NA,NA,NA,NA,NA,NA
Patches_ICSE__Doverfitting__SimFix__Closure__patch1-Closure-109-SimFix-plausible,Closure-109,Closure,109,overfitting,overfitting,Patches.zip:Patches/Patches_ICSE/Doverfitting/SimFix/Closure/patch1-Closure-109-SimFix-plausible.patch,data/normalized_patches/Patches_ICSE__Doverfitting__SimFix__Closure__patch1-Closure-109-SimFix-plausible.diff,,SimFix,True,True,none,,overfitting,,NA,NA,NA,NA,NA,NA
Patches_ICSE__Doverfitting__SimFix__Closure__patch1-Closure-126-SimFix-plausible,Closure-126,Closure,126,overfitting,overfitting,Patches.zip:Patches/Patches_ICSE/Doverfitting/SimFix/Closure/patch1-Closure-126-SimFix-plausible.patch,data/normalized_patches/Patches_ICSE__Doverfitting__SimFix__Closure__patch1-Closure-126-SimFix-plausible.diff,,SimFix,True,True,none,,overfitting,,NA,NA,NA,NA,NA,NA
Patches_ICSE__Doverfitting__SimFix__Closure__patch1-Closure-14-SimFix-plausible,Closure-14,Closure,14,overfitting,overfitting,Patches.zip:Patches/Patches_ICSE/Doverfitting/SimFix/Closure/patch1-Closure-14-SimFix-plausible.patch,data/normalized_patches/Patches_ICSE__Doverfitting__SimFix__Closure__patch1-Closure-14-SimFix-plausible.diff,,SimFix,True,True,none,,overfitting,,NA,NA,NA,NA,NA,NA
Patches_ICSE__Doverfitting__SimFix__Closure__patch1-Closure-21-SimFix-plausible,Closure-21,Closure,21,overfitting,overfitting,Patches.zip:Patches/Patches_ICSE/Doverfitting/SimFix/Closure/patch1-Closure-21-SimFix-plausible.patch,data/normalized_patches/Patches_ICSE__Doverfitting__SimFix__Closure__patch1-Closure-21-SimFix-plausible.diff,,SimFix,True,True,none,,overfitting,,NA,NA,NA,NA,NA,NA
Patches_ICSE__Doverfitting__SimFix__Closure__patch1-Closure-22-SimFix-plausible,Closure-22,Closure,22,overfitting,overfitting,Patches.zip:Patches/Patches_ICSE/Doverfitting/SimFix/Closure/patch1-Closure-22-SimFix-plausible.patch,data/normalized_patches/Patches_ICSE__Doverfitting__SimFix__Closure__patch1-Closure-22-SimFix-plausible.diff,,SimFix,True,True,none,,overfitting,,NA,NA,NA,NA,NA,NA
Patches_ICSE__Doverfitting__SimFix__Closure__patch1-Closure-26-SimFix-plausible,Closure-26,Closure,26,overfitting,overfitting,Patches.zip:Patches/Patches_ICSE/Doverfitting/SimFix/Closure/patch1-Closure-26-SimFix-plausible.patch,data/normalized_patches/Patches_ICSE__Doverfitting__SimFix__Closure__patch1-Closure-26-SimFix-plausible.diff,,SimFix,True,True,none,,overfitting,,NA,NA,NA,NA,NA,NA
Patches_ICSE__Doverfitting__SimFix__Closure__patch1-Closure-38-SimFix-plausible,Closure-38,Closure,38,overfitting,overfitting,Patches.zip:Patches/Patches_ICSE/Doverfitting/SimFix/Closure/patch1-Closure-38-SimFix-plausible.patch,data/normalized_patches/Patches_ICSE__Doverfitting__SimFix__Closure__patch1-Closure-38-SimFix-plausible.diff,,SimFix,True,True,none,,overfitting,,NA,NA,NA,NA,NA,NA
Patches_ICSE__Doverfitting__SimFix__Closure__patch1-Closure-46-SimFix-plausible,Closure-46,Closure,46,overfitting,overfitting,Patches.zip:Patches/Patches_ICSE/Doverfitting/SimFix/Closure/patch1-Closure-46-SimFix-plausible.patch,data/normalized_patches/Patches_ICSE__Doverfitting__SimFix__Closure__patch1-Closure-46-SimFix-plausible.diff,,SimFix,True,True,none,,overfitting,,NA,NA,NA,NA,NA,NA
Patches_ICSE__Doverfitting__SimFix__Closure__patch1-Closure-57-SimFix-plausible,Closure-57,Closure,57,overfitting,overfitting,Patches.zip:Patches/Patches_ICSE/Doverfitting/SimFix/Closure/patch1-Closure-57-SimFix-plausible.patch,data/normalized_patches/Patches_ICSE__Doverfitting__SimFix__Closure__patch1-Closure-57-SimFix-plausible.diff,,SimFix,True,True,none,,overfitting,,NA,NA,NA,NA,NA,NA
Patches_ICSE__Doverfitting__SimFix__Lang__patch1-Lang-1-SimFix-plausible,Lang-1,Lang,1,overfitting,overfitting,Patches.zip:Patches/Patches_ICSE/Doverfitting/SimFix/Lang/patch1-Lang-1-SimFix-plausible.patch,data/normalized_patches/Patches_ICSE__Doverfitting__SimFix__Lang__patch1-Lang-1-SimFix-plausible.diff,,SimFix,True,True,none,,overfitting,,NA,NA,NA,NA,NA,NA
Patches_ICSE__Doverfitting__SimFix__Lang__patch1-Lang-10-SimFix-plausible,Lang-10,Lang,10,overfitting,overfitting,Patches.zip:Patches/Patches_ICSE/Doverfitting/SimFix/Lang/patch1-Lang-10-SimFix-plausible.patch,data/normalized_patches/Patches_ICSE__Doverfitting__SimFix__Lang__patch1-Lang-10-SimFix-plausible.diff,,SimFix,True,True,none,,overfitting,,NA,NA,NA,NA,NA,NA
Patches_ICSE__Doverfitting__SimFix__Lang__patch1-Lang-12-SimFix-plausible,Lang-12,Lang,12,overfitting,overfitting,Patches.zip:Patches/Patches_ICSE/Doverfitting/SimFix/Lang/patch1-Lang-12-SimFix-plausible.patch,data/normalized_patches/Patches_ICSE__Doverfitting__SimFix__Lang__patch1-Lang-12-SimFix-plausible.diff,,SimFix,True,True,none,,overfitting,,NA,NA,NA,NA,NA,NA
Patches_ICSE__Doverfitting__SimFix__Lang__patch1-Lang-16-SimFix-plausible,Lang-16,Lang,16,overfitting,overfitting,Patches.zip:Patches/Patches_ICSE/Doverfitting/SimFix/Lang/patch1-Lang-16-SimFix-plausible.patch,data/normalized_patches/Patches_ICSE__Doverfitting__SimFix__Lang__patch1-Lang-16-SimFix-plausible.diff,,SimFix,True,True,none,,overfitting,,NA,NA,NA,NA,NA,NA
Patches_ICSE__Doverfitting__SimFix__Lang__patch1-Lang-27-SimFix-plausible,Lang-27,Lang,27,overfitting,overfitting,Patches.zip:Patches/Patches_ICSE/Doverfitting/SimFix/Lang/patch1-Lang-27-SimFix-plausible.patch,data/normalized_patches/Patches_ICSE__Doverfitting__SimFix__Lang__patch1-Lang-27-SimFix-plausible.diff,,SimFix,True,True,none,,overfitting,,NA,NA,NA,NA,NA,NA
Patches_ICSE__Doverfitting__SimFix__Lang__patch1-Lang-41-SimFix-plausible,Lang-41,Lang,41,overfitting,overfitting,Patches.zip:Patches/Patches_ICSE/Doverfitting/SimFix/Lang/patch1-Lang-41-SimFix-plausible.patch,data/normalized_patches/Patches_ICSE__Doverfitting__SimFix__Lang__patch1-Lang-41-SimFix-plausible.diff,,SimFix,True,True,none,,overfitting,,NA,NA,NA,NA,NA,NA
Patches_ICSE__Doverfitting__SimFix__Lang__patch1-Lang-45-SimFix-plausible,Lang-45,Lang,45,overfitting,overfitting,Patches.zip:Patches/Patches_ICSE/Doverfitting/SimFix/Lang/patch1-Lang-45-SimFix-plausible.patch,data/normalized_patches/Patches_ICSE__Doverfitting__SimFix__Lang__patch1-Lang-45-SimFix-plausible.diff,,SimFix,True,True,none,,overfitting,,NA,NA,NA,NA,NA,NA
Patches_ICSE__Doverfitting__SimFix__Lang__patch1-Lang-50-SimFix-plausible,Lang-50,Lang,50,overfitting,overfitting,Patches.zip:Patches/Patches_ICSE/Doverfitting/SimFix/Lang/patch1-Lang-50-SimFix-plausible.patch,data/normalized_patches/Patches_ICSE__Doverfitting__SimFix__Lang__patch1-Lang-50-SimFix-plausible.diff,,SimFix,True,True,none,,overfitting,,NA,NA,NA,NA,NA,NA
Patches_ICSE__Doverfitting__SimFix__Lang__patch1-Lang-61-SimFix-plausible,Lang-61,Lang,61,overfitting,overfitting,Patches.zip:Patches/Patches_ICSE/Doverfitting/SimFix/Lang/patch1-Lang-61-SimFix-plausible.patch,data/normalized_patches/Patches_ICSE__Doverfitting__SimFix__Lang__patch1-Lang-61-SimFix-plausible.diff,,SimFix,True,True,none,,overfitting,,NA,NA,NA,NA,NA,NA
Patches_ICSE__Doverfitting__SimFix__Lang__patch1-Lang-63-SimFix-plausible,Lang-63,Lang,63,overfitting,overfitting,Patches.zip:Patches/Patches_ICSE/Doverfitting/SimFix/Lang/patch1-Lang-63-SimFix-plausible.patch,data/normalized_patches/Patches_ICSE__Doverfitting__SimFix__Lang__patch1-Lang-63-SimFix-plausible.diff,,SimFix,True,True,none,,overfitting,,NA,NA,NA,NA,NA,NA
Patches_ICSE__Doverfitting__SimFix__Lang__patch1-Lang-9-SimFix-plausible,Lang-9,Lang,9,overfitting,overfitting,Patches.zip:Patches/Patches_ICSE/Doverfitting/SimFix/Lang/patch1-Lang-9-SimFix-plausible.patch,data/normalized_patches/Patches_ICSE__Doverfitting__SimFix__Lang__patch1-Lang-9-SimFix-plausible.diff,,SimFix,True,True,none,,overfitting,,NA,NA,NA,NA,NA,NA
Patches_ICSE__Doverfitting__SimFix__Math__patch1-Math-1-SimFix-plausible,Math-1,Math,1,overfitting,overfitting,Patches.zip:Patches/Patches_ICSE/Doverfitting/SimFix/Math/patch1-Math-1-SimFix-plausible.patch,data/normalized_patches/Patches_ICSE__Doverfitting__SimFix__Math__patch1-Math-1-SimFix-plausible.diff,,SimFix,True,True,none,,overfitting,,NA,NA,NA,NA,NA,NA
Patches_ICSE__Doverfitting__SimFix__Math__patch1-Math-43-SimFix-plausible,Math-43,Math,43,overfitting,overfitting,Patches.zip:Patches/Patches_ICSE/Doverfitting/SimFix/Math/patch1-Math-43-SimFix-plausible.patch,data/normalized_patches/Patches_ICSE__Doverfitting__SimFix__Math__patch1-Math-43-SimFix-plausible.diff,,SimFix,True,True,none,,overfitting,,NA,NA,NA,NA,NA,NA
Patches_ICSE__Doverfitting__SimFix__Math__patch1-Math-44-SimFix-plausible,Math-44,Math,44,overfitting,overfitting,Patches.zip:Patches/Patches_ICSE/Doverfitting/SimFix/Math/patch1-Math-44-SimFix-plausible.patch,data/normalized_patches/Patches_ICSE__Doverfitting__SimFix__Math__patch1-Math-44-SimFix-plausible.diff,,SimFix,True,True,none,,overfitting,,NA,NA,NA,NA,NA,NA
Patches_ICSE__Doverfitting__SimFix__Math__patch1-Math-50-SimFix-plausible,Math-50,Math,50,overfitting,overfitting,Patches.zip:Patches/Patches_ICSE/Doverfitting/SimFix/Math/patch1-Math-50-SimFix-plausible.patch,data/normalized_patches/Patches_ICSE__Doverfitting__SimFix__Math__patch1-Math-50-SimFix-plausible.diff,,SimFix,True,True,none,,overfitting,,NA,NA,NA,NA,NA,NA
Patches_ICSE__Doverfitting__SimFix__Math__patch1-Math-6-SimFix-plausible,Math-6,Math,6,overfitting,overfitting,Patches.zip:Patches/Patches_ICSE/Doverfitting/SimFix/Math/patch1-Math-6-SimFix-plausible.patch,data/normalized_patches/Patches_ICSE__Doverfitting__SimFix__Math__patch1-Math-6-SimFix-plausible.diff,,SimFix,True,True,none,,overfitting,,NA,NA,NA,NA,NA,NA
Patches_ICSE__Doverfitting__SimFix__Math__patch1-Math-63-SimFix-plausible,Math-63,Math,63,overfitting,overfitting,Patches.zip:Patches/Patches_ICSE/Doverfitting/SimFix/Math/patch1-Math-63-SimFix-plausible.patch,data/normalized_patches/Patches_ICSE__Doverfitting__SimFix__Math__patch1-Math-63-SimFix-plausible.diff,,SimFix,True,True,none,,overfitting,,NA,NA,NA,NA,NA,NA
Patches_ICSE__Doverfitting__SimFix__Math__patch1-Math-69-SimFix-plausible,Math-69,Math,69,overfitting,overfitting,Patches.zip:Patches/Patches_ICSE/Doverfitting/SimFix/Math/patch1-Math-69-SimFix-plausible.patch,data/normalized_patches/Patches_ICSE__Doverfitting__SimFix__Math__patch1-Math-69-SimFix-plausible.diff,,SimFix,True,True,none,,overfitting,,NA,NA,NA,NA,NA,NA
Patches_ICSE__Doverfitting__SimFix__Math__patch1-Math-73-SimFix-plausible,Math-73,Math,73,overfitting,overfitting,Patches.zip:Patches/Patches_ICSE/Doverfitting/SimFix/Math/patch1-Math-73-SimFix-plausible.patch,data/normalized_patches/Patches_ICSE__Doverfitting__SimFix__Math__patch1-Math-73-SimFix-plausible.diff,,SimFix,True,True,none,,overfitting,,NA,NA,NA,NA,NA,NA
Patches_ICSE__Doverfitting__SimFix__Math__patch1-Math-8-SimFix-plausible,Math-8,Math,8,overfitting,overfitting,Patches.zip:Patches/Patches_ICSE/Doverfitting/SimFix/Math/patch1-Math-8-SimFix-plausible.patch,data/normalized_patches/Patches_ICSE__Doverfitting__SimFix__Math__patch1-Math-8-SimFix-plausible.diff,,SimFix,True,True,none,,overfitting,,NA,NA,NA,NA,NA,NA
Patches_ICSE__Doverfitting__SimFix__Math__patch1-Math-80-SimFix-plausible,Math-80,Math,80,overfitting,overfitting,Patches.zip:Patches/Patches_ICSE/Doverfitting/SimFix/Math/patch1-Math-80-SimFix-plausible.patch,data/normalized_patches/Patches_ICSE__Doverfitting__SimFix__Math__patch1-Math-80-SimFix-plausible.diff,,SimFix,True,True,none,,overfitting,,NA,NA,NA,NA,NA,NA
Patches_ICSE__Doverfitting__SimFix__Math__patch1-Math-81-SimFix-plausible,Math-81,Math,81,overfitting,overfitting,Patches.zip:Patches/Patches_ICSE/Doverfitting/SimFix/Math/patch1-Math-81-SimFix-plausible.patch,data/normalized_patches/Patches_ICSE__Doverfitting__SimFix__Math__patch1-Math-81-SimFix-plausible.diff,,SimFix,True,True,none,,overfitting,,NA,NA,NA,NA,NA,NA
Patches_ICSE__Doverfitting__SimFix__Math__patch1-Math-82-SimFix-plausible,Math-82,Math,82,overfitting,overfitting,Patches.zip:Patches/Patches_ICSE/Doverfitting/SimFix/Math/patch1-Math-82-SimFix-plausible.patch,data/normalized_patches/Patches_ICSE__Doverfitting__SimFix__Math__patch1-Math-82-SimFix-plausible.diff,,SimFix,True,True,none,,overfitting,,NA,NA,NA,NA,NA,NA
Patches_ICSE__Doverfitting__SimFix__Math__patch1-Math-84-SimFix-plausible,Math-84,Math,84,overfitting,overfitting,Patches.zip:Patches/Patches_ICSE/Doverfitting/SimFix/Math/patch1-Math-84-SimFix-plausible.patch,data/normalized_patches/Patches_ICSE__Doverfitting__SimFix__Math__patch1-Math-84-SimFix-plausible.diff,,SimFix,True,True,none,,overfitting,,NA,NA,NA,NA,NA,NA
Patches_ICSE__Doverfitting__SimFix__Math__patch1-Math-85-SimFix-plausible,Math-85,Math,85,overfitting,overfitting,Patches.zip:Patches/Patches_ICSE/Doverfitting/SimFix/Math/patch1-Math-85-SimFix-plausible.patch,data/normalized_patches/Patches_ICSE__Doverfitting__SimFix__Math__patch1-Math-85-SimFix-plausible.diff,,SimFix,True,True,none,,overfitting,,NA,NA,NA,NA,NA,NA
Patches_ICSE__Doverfitting__SimFix__Math__patch1-Math-88-SimFix-plausible,Math-88,Math,88,overfitting,overfitting,Patches.zip:Patches/Patches_ICSE/Doverfitting/SimFix/Math/patch1-Math-88-SimFix-plausible.patch,data/normalized_patches/Patches_ICSE__Doverfitting__SimFix__Math__patch1-Math-88-SimFix-plausible.diff,,SimFix,True,True,none,,overfitting,,NA,NA,NA,NA,NA,NA
Patches_ICSE__Doverfitting__TBar__Chart__patch1-Chart-12-TBar-plausible,Chart-12,Chart,12,overfitting,overfitting,Patches.zip:Patches/Patches_ICSE/Doverfitting/TBar/Chart/patch1-Chart-12-TBar-plausible.patch,data/normalized_patches/Patches_ICSE__Doverfitting__TBar__Chart__patch1-Chart-12-TBar-plausible.diff,,TBar,True,True,none,,overfitting,,NA,NA,NA,NA,NA,NA
Patches_ICSE__Doverfitting__TBar__Chart__patch1-Chart-13-TBar-plausible,Chart-13,Chart,13,overfitting,overfitting,Patches.zip:Patches/Patches_ICSE/Doverfitting/TBar/Chart/patch1-Chart-13-TBar-plausible.patch,data/normalized_patches/Patches_ICSE__Doverfitting__TBar__Chart__patch1-Chart-13-TBar-plausible.diff,,TBar,True,True,none,,overfitting,,NA,NA,NA,NA,NA,NA
Patches_ICSE__Doverfitting__TBar__Chart__patch1-Chart-14-TBar-plausible,Chart-14,Chart,14,overfitting,overfitting,Patches.zip:Patches/Patches_ICSE/Doverfitting/TBar/Chart/patch1-Chart-14-TBar-plausible.patch,data/normalized_patches/Patches_ICSE__Doverfitting__TBar__Chart__patch1-Chart-14-TBar-plausible.diff,,TBar,True,True,none,,overfitting,,NA,NA,NA,NA,NA,NA
Patches_ICSE__Doverfitting__TBar__Chart__patch1-Chart-15-TBar-plausible,Chart-15,Chart,15,overfitting,overfitting,Patches.zip:Patches/Patches_ICSE/Doverfitting/TBar/Chart/patch1-Chart-15-TBar-plausible.patch,data/normalized_patches/Patches_ICSE__Doverfitting__TBar__Chart__patch1-Chart-15-TBar-plausible.diff,DUP0010,TBar,True,True,none,,overfitting,,NA,NA,NA,NA,NA,NA
Patches_ICSE__Doverfitting__TBar__Chart__patch1-Chart-25-TBar-plausible,Chart-25,Chart,25,overfitting,overfitting,Patches.zip:Patches/Patches_ICSE/Doverfitting/TBar/Chart/patch1-Chart-25-TBar-plausible.patch,data/normalized_patches/Patches_ICSE__Doverfitting__TBar__Chart__patch1-Chart-25-TBar-plausible.diff,DUP0015,TBar,True,True,none,,overfitting,,NA,NA,NA,NA,NA,NA
Patches_ICSE__Doverfitting__TBar__Chart__patch1-Chart-26-TBar-plausible,Chart-26,Chart,26,overfitting,overfitting,Patches.zip:Patches/Patches_ICSE/Doverfitting/TBar/Chart/patch1-Chart-26-TBar-plausible.patch,data/normalized_patches/Patches_ICSE__Doverfitting__TBar__Chart__patch1-Chart-26-TBar-plausible.diff,,TBar,True,True,none,,overfitting,,NA,NA,NA,NA,NA,NA
Patches_ICSE__Doverfitting__TBar__Chart__patch1-Chart-3-TBar-plausible,Chart-3,Chart,3,overfitting,overfitting,Patches.zip:Patches/Patches_ICSE/Doverfitting/TBar/Chart/patch1-Chart-3-TBar-plausible.patch,data/normalized_patches/Patches_ICSE__Doverfitting__TBar__Chart__patch1-Chart-3-TBar-plausible.diff,DUP0018,TBar,True,True,none,,overfitting,,NA,NA,NA,NA,NA,NA
Patches_ICSE__Doverfitting__TBar__Chart__patch1-Chart-5-TBar-plausible,Chart-5,Chart,5,overfitting,overfitting,Patches.zip:Patches/Patches_ICSE/Doverfitting/TBar/Chart/patch1-Chart-5-TBar-plausible.patch,data/normalized_patches/Patches_ICSE__Doverfitting__TBar__Chart__patch1-Chart-5-TBar-plausible.diff,,TBar,True,True,none,,overfitting,,NA,NA,NA,NA,NA,NA
Patches_ICSE__Doverfitting__TBar__Chart__patch1-Chart-7-TBar-plausible,Chart-7,Chart,7,overfitting,overfitting,Patches.zip:Patches/Patches_ICSE/Doverfitting/TBar/Chart/patch1-Chart-7-TBar-plausible.patch,data/normalized_patches/Patches_ICSE__Doverfitting__TBar__Chart__patch1-Chart-7-TBar-plausible.diff,,TBar,True,True,none,,overfitting,,NA,NA,NA,NA,NA,NA
Patches_ICSE__Doverfitting__TBar__Closure__patch1-Closure-107-TBar-plausible,Closure-107,Closure,107,overfitting,overfitting,Patches.zip:Patches/Patches_ICSE/Doverfitting/TBar/Closure/patch1-Closure-107-TBar-plausible.patch,data/normalized_patches/Patches_ICSE__Doverfitting__TBar__Closure__patch1-Closure-107-TBar-plausible.diff,,TBar,True,True,none,,overfitting,,NA,NA,NA,NA,NA,NA
Patches_ICSE__Doverfitting__TBar__Closure__patch1-Closure-109-TBar-plausible,Closure-109,Closure,109,overfitting,overfitting,Patches.zip:Patches/Patches_ICSE/Doverfitting/TBar/Closure/patch1-Closure-109-TBar-plausible.patch,data/normalized_patches/Patches_ICSE__Doverfitting__TBar__Closure__patch1-Closure-109-TBar-plausible.diff,DUP0023,TBar,True,True,none,,overfitting,,NA,NA,NA,NA,NA,NA
Patches_ICSE__Doverfitting__TBar__Closure__patch1-Closure-115-TBar-plausible,Closure-115,Closure,115,overfitting,overfitting,Patches.zip:Patches/Patches_ICSE/Doverfitting/TBar/Closure/patch1-Closure-115-TBar-plausible.patch,data/normalized_patches/Patches_ICSE__Doverfitting__TBar__Closure__patch1-Closure-115-TBar-plausible.diff,,TBar,True,True,none,,overfitting,,NA,NA,NA,NA,NA,NA
Patches_ICSE__Doverfitting__TBar__Closure__patch1-Closure-12-TBar-plausible,Closure-12,Closure,12,overfitting,overfitting,Patches.zip:Patches/Patches_ICSE/Doverfitting/TBar/Closure/patch1-Closure-12-TBar-plausible.patch,data/normalized_patches/Patches_ICSE__Doverfitting__TBar__Closure__patch1-Closure-12-TBar-plausible.diff,DUP0024,TBar,True,True,none,,overfitting,,NA,NA,NA,NA,NA,NA
Patches_ICSE__Doverfitting__TBar__Closure__patch1-Closure-126-TBar-plausible,Closure-126,Closure,126,overfitting,overfitting,Patches.zip:Patches/Patches_ICSE/Doverfitting/TBar/Closure/patch1-Closure-126-TBar-plausible.patch,data/normalized_patches/Patches_ICSE__Doverfitting__TBar__Closure__patch1-Closure-126-TBar-plausible.diff,,TBar,True,True,none,,overfitting,,NA,NA,NA,NA,NA,NA
Patches_ICSE__Doverfitting__TBar__Closure__patch1-Closure-133-TBar-plausible,Closure-133,Closure,133,overfitting,overfitting,Patches.zip:Patches/Patches_ICSE/Doverfitting/TBar/Closure/patch1-Closure-133-TBar-plausible.patch,data/normalized_patches/Patches_ICSE__Doverfitting__TBar__Closure__patch1-Closure-133-TBar-plausible.diff,,TBar,True,True,none,,overfitting,,NA,NA,NA,NA,NA,NA
Patches_ICSE__Doverfitting__TBar__Closure__patch1-Closure-21-TBar-plausible,Closure-21,Closure,21,overfitting,overfitting,Patches.zip:Patches/Patches_ICSE/Doverfitting/TBar/Closure/patch1-Closure-21-TBar-plausible.patch,data/normalized_patches/Patches_ICSE__Doverfitting__TBar__Closure__patch1-Closure-21-TBar-plausible.diff,,TBar,True,True,none,,overfitting,,NA,NA,NA,NA,NA,NA
Patches_ICSE__Doverfitting__TBar__Closure__patch1-Closure-22-TBar-plausible,Closure-22,Closure,22,overfitting,overfitting,Patches.zip:Patches/Patches_ICSE/Doverfitting/TBar/Closure/patch1-Closure-22-TBar-plausible.patch,data/normalized_patches/Patches_ICSE__Doverfitting__TBar__Closure__patch1-Closure-22-TBar-plausible.diff,,TBar,True,True,none,,overfitting,,NA,NA,NA,NA,NA,NA
Patches_ICSE__Doverfitting__TBar__Closure__patch1-Closure-66-TBar-plausible,Closure-66,Closure,66,overfitting,overfitting,Patches.zip:Patches/Patches_ICSE/Doverfitting/TBar/Closure/patch1-Closure-66-TBar-plausible.patch,data/normalized_patches/Patches_ICSE__Doverfitting__TBar__Closure__patch1-Closure-66-TBar-plausible.diff,DUP0033,TBar,True,True,none,,overfitting,,NA,NA,NA,NA,NA,NA
Patches_ICSE__Doverfitting__TBar__Lang__patch1-Lang-13-TBar-plausible,Lang-13,Lang,13,overfitting,overfitting,Patches.zip:Patches/Patches_ICSE/Doverfitting/TBar/Lang/patch1-Lang-13-TBar-plausible.patch,data/normalized_patches/Patches_ICSE__Doverfitting__TBar__Lang__patch1-Lang-13-TBar-plausible.diff,DUP0036,TBar,True,True,none,,overfitting,,NA,NA,NA,NA,NA,NA
Patches_ICSE__Doverfitting__TBar__Lang__patch1-Lang-18-TBar-plausible,Lang-18,Lang,18,overfitting,overfitting,Patches.zip:Patches/Patches_ICSE/Doverfitting/TBar/Lang/patch1-Lang-18-TBar-plausible.patch,data/normalized_patches/Patches_ICSE__Doverfitting__TBar__Lang__patch1-Lang-18-TBar-plausible.diff,DUP0038,TBar,True,True,none,,overfitting,,NA,NA,NA,NA,NA,NA
Patches_ICSE__Doverfitting__TBar__Lang__patch1-Lang-20-TBar-plausible,Lang-20,Lang,20,overfitting,overfitting,Patches.zip:Patches/Patches_ICSE/Doverfitting/TBar/Lang/patch1-Lang-20-TBar-plausible.patch,data/normalized_patches/Patches_ICSE__Doverfitting__TBar__Lang__patch1-Lang-20-TBar-plausible.diff,,TBar,True,True,none,,overfitting,,NA,NA,NA,NA,NA,NA
Patches_ICSE__Doverfitting__TBar__Lang__patch1-Lang-22-TBar-plausible,Lang-22,Lang,22,overfitting,overfitting,Patches.zip:Patches/Patches_ICSE/Doverfitting/TBar/Lang/patch1-Lang-22-TBar-plausible.patch,data/normalized_patches/Patches_ICSE__Doverfitting__TBar__Lang__patch1-Lang-22-TBar-plausible.diff,,TBar,True,True,none,,overfitting,,NA,NA,NA,NA,NA,NA
Patches_ICSE__Doverfitting__TBar__Lang__patch1-Lang-24-TBar-plausible,Lang-24,Lang,24,overfitting,overfitting,Patches.zip:Patches/Patches_ICSE/Doverfitting/TBar/Lang/patch1-Lang-24-TBar-plausible.patch,data/normalized_patches/Patches_ICSE__Doverfitting__TBar__Lang__patch1-Lang-24-TBar-plausible.diff,DUP0039,TBar,True,True,none,,overfitting,,NA,NA,NA,NA,NA,NA
Patches_ICSE__Doverfitting__TBar__Lang__patch1-Lang-27-TBar-plausible,Lang-27,Lang,27,overfitting,overfitting,Patches.zip:Patches/Patches_ICSE/Doverfitting/TBar/Lang/patch1-Lang-27-TBar-plausible.patch,data/normalized_patches/Patches_ICSE__Doverfitting__TBar__Lang__patch1-Lang-27-TBar-plausible.diff,,TBar,True,True,none,,overfitting,,NA,NA,NA,NA,NA,NA
Patches_ICSE__Doverfitting__TBar__Lang__patch1-Lang-39-TBar-plausible,Lang-39,Lang,39,overfitting,overfitting,Patches.zip:Patches/Patches_ICSE/Doverfitting/TBar/Lang/patch1-Lang-39-TBar-plausible.patch,data/normalized_patches/Patches_ICSE__Doverfitting__TBar__Lang__patch1-Lang-39-TBar-plausible.diff,,TBar,True,True,none,,overfitting,,NA,NA,NA,NA,NA,NA
Patches_ICSE__Doverfitting__TBar__Lang__patch1-Lang-41-TBar-plausible,Lang-41,Lang,41,overfitting,overfitting,Patches.zip:Patches/Patches_ICSE/Doverfitting/TBar/Lang/patch1-Lang-41-TBar-plausible.patch,data/normalized_patches/Patches_ICSE__Doverfitting__TBar__Lang__patch1-Lang-41-TBar-plausible.diff,DUP0040,TBar,True,True,none,,overfitting,,NA,NA,NA,NA,NA,NA
Patches_ICSE__Doverfitting__TBar__Lang__patch1-Lang-43-TBar-plausible,Lang-43,Lang,43,overfitting,overfitting,Patches.zip:Patches/Patches_ICSE/Doverfitting/TBar/Lang/patch1-Lang-43-TBar-plausible.patch,data/normalized_patches/Patches_ICSE__Doverfitting__TBar__Lang__patch1-Lang-43-TBar-plausible.diff,DUP0041,TBar,True,True,none,,overfitting,,NA,NA,NA,NA,NA,NA
Patches_ICSE__Doverfitting__TBar__Lang__patch1-Lang-44-TBar-plausible,Lang-44,Lang,44,overfitting,overfitting,Patches.zip:Patches/Patches_ICSE/Doverfitting/TBar/Lang/patch1-Lang-44-TBar-plausible.patch,data/normalized_patches/Patches_ICSE__Doverfitting__TBar__Lang__patch1-Lang-44-TBar-plausible.diff,,TBar,True,True,none,,overfitting,,NA,NA,NA,NA,NA,NA
Patches_ICSE__Doverfitting__TBar__Lang__patch1-Lang-45-TBar-plausible,Lang-45,Lang,45,overfitting,overfitting,Patches.zip:Patches/Patches_ICSE/Doverfitting/TBar/Lang/patch1-Lang-45-TBar-plausible.patch,data/normalized_patches/Patches_ICSE__Doverfitting__TBar__Lang__patch1-Lang-45-TBar-plausible.diff,DUP0042,TBar,True,True,none,,overfitting,,NA,NA,NA,NA,NA,NA
Patches_ICSE__Doverfitting__TBar__Lang__patch1-Lang-51-TBar-plausible,Lang-51,Lang,51,overfitting,overfitting,Patches.zip:Patches/Patches_ICSE/Doverfitting/TBar/Lang/patch1-Lang-51-TBar-plausible.patch,data/normalized_patches/Patches_ICSE__Doverfitting__TBar__Lang__patch1-Lang-51-TBar-plausible.diff,,TBar,True,True,none,,overfitting,,NA,NA,NA,NA,NA,NA
Patches_ICSE__Doverfitting__TBar__Lang__patch1-Lang-58-TBar-plausible,Lang-58,Lang,58,overfitting,overfitting,Patches.zip:Patches/Patches_ICSE/Doverfitting/TBar/Lang/patch1-Lang-58-TBar-plausible.patch,data/normalized_patches/Patches_ICSE__Doverfitting__TBar__Lang__patch1-Lang-58-TBar-plausible.diff,,TBar,True,True,none,,overfitting,,NA,NA,NA,NA,NA,NA
Patches_ICSE__Doverfitting__TBar__Lang__patch1-Lang-60-TBar-plausible,Lang-60,Lang,60,overfitting,overfitting,Patches.zip:Patches/Patches_ICSE/Doverfitting/TBar/Lang/patch1-Lang-60-TBar-plausible.patch,data/normalized_patches/Patches_ICSE__Doverfitting__TBar__Lang__patch1-Lang-60-TBar-plausible.diff,,TBar,True,True,none,,overfitting,,NA,NA,NA,NA,NA,NA
Patches_ICSE__Doverfitting__TBar__Lang__patch1-Lang-63-TBar-plausible,Lang-63,Lang,63,overfitting,overfitting,Patches.zip:Patches/Patches_ICSE/Doverfitting/TBar/Lang/patch1-Lang-63-TBar-plausible.patch,data/normalized_patches/Patches_ICSE__Doverfitting__TBar__Lang__patch1-Lang-63-TBar-plausible.diff,,TBar,True,True,none,,overfitting,,NA,NA,NA,NA,NA,NA
Patches_ICSE__Doverfitting__TBar__Math__patch1-Math-15-TBar-plausible,Math-15,Math,15,overfitting,overfitting,Patches.zip:Patches/Patches_ICSE/Doverfitting/TBar/Math/patch1-Math-15-TBar-plausible.patch,data/normalized_patches/Patches_ICSE__Doverfitting__TBar__Math__patch1-Math-15-TBar-plausible.diff,,TBar,True,True,none,,overfitting,,NA,NA,NA,NA,NA,NA
Patches_ICSE__Doverfitting__TBar__Math__patch1-Math-2-TBar-plausible,Math-2,Math,2,overfitting,overfitting,Patches.zip:Patches/Patches_ICSE/Doverfitting/TBar/Math/patch1-Math-2-TBar-plausible.patch,data/normalized_patches/Patches_ICSE__Doverfitting__TBar__Math__patch1-Math-2-TBar-plausible.diff,,TBar,True,True,none,,overfitting,,NA,NA,NA,NA,NA,NA
Patches_ICSE__Doverfitting__TBar__Math__patch1-Math-50-TBar-plausible,Math-50,Math,50,overfitting,overfitting,Patches.zip:Patches/Patches_ICSE/Doverfitting/TBar/Math/patch1-Math-50-TBar-plausible.patch,data/normalized_patches/Patches_ICSE__Doverfitting__TBar__Math__patch1-Math-50-TBar-plausible.diff,,TBar,True,True,none,,overfitting,,NA,NA,NA,NA,NA,NA
Patches_ICSE__Doverfitting__TBar__Math__patch1-Math-6-TBar-plausible,Math-6,Math,6,overfitting,overfitting,Patches.zip:Patches/Patches_ICSE/Doverfitting/TBar/Math/patch1-Math-6-TBar-plausible.patch,data/normalized_patches/Patches_ICSE__Doverfitting__TBar__Math__patch1-Math-6-TBar-plausible.diff,DUP0064,TBar,True,True,none,,overfitting,,NA,NA,NA,NA,NA,NA
Patches_ICSE__Doverfitting__TBar__Math__patch1-Math-62-TBar-plausible,Math-62,Math,62,overfitting,overfitting,Patches.zip:Patches/Patches_ICSE/Doverfitting/TBar/Math/patch1-Math-62-TBar-plausible.patch,data/normalized_patches/Patches_ICSE__Doverfitting__TBar__Math__patch1-Math-62-TBar-plausible.diff,DUP0065,TBar,True,True,none,,overfitting,,NA,NA,NA,NA,NA,NA
Patches_ICSE__Doverfitting__TBar__Math__patch1-Math-63-TBar-plausible,Math-63,Math,63,overfitting,overfitting,Patches.zip:Patches/Patches_ICSE/Doverfitting/TBar/Math/patch1-Math-63-TBar-plausible.patch,data/normalized_patches/Patches_ICSE__Doverfitting__TBar__Math__patch1-Math-63-TBar-plausible.diff,,TBar,True,True,none,,overfitting,,NA,NA,NA,NA,NA,NA
Patches_ICSE__Doverfitting__TBar__Math__patch1-Math-8-TBar-plausible,Math-8,Math,8,overfitting,overfitting,Patches.zip:Patches/Patches_ICSE/Doverfitting/TBar/Math/patch1-Math-8-TBar-plausible.patch,data/normalized_patches/Patches_ICSE__Doverfitting__TBar__Math__patch1-Math-8-TBar-plausible.diff,,TBar,True,True,none,,overfitting,,NA,NA,NA,NA,NA,NA
Patches_ICSE__Doverfitting__TBar__Math__patch1-Math-80-TBar-plausible,Math-80,Math,80,overfitting,overfitting,Patches.zip:Patches/Patches_ICSE/Doverfitting/TBar/Math/patch1-Math-80-TBar-plausible.patch,data/normalized_patches/Patches_ICSE__Doverfitting__TBar__Math__patch1-Math-80-TBar-plausible.diff,DUP0072,TBar,True,True,none,,overfitting,,NA,NA,NA,NA,NA,NA
Patches_ICSE__Doverfitting__TBar__Math__patch1-Math-81-TBar-plausible,Math-81,Math,81,overfitting,overfitting,Patches.zip:Patches/Patches_ICSE/Doverfitting/TBar/Math/patch1-Math-81-TBar-plausible.patch,data/normalized_patches/Patches_ICSE__Doverfitting__TBar__Math__patch1-Math-81-TBar-plausible.diff,,TBar,True,True,none,,overfitting,,NA,NA,NA,NA,NA,NA
Patches_ICSE__Doverfitting__TBar__Math__patch1-Math-82-TBar-plausible,Math-82,Math,82,overfitting,overfitting,Patches.zip:Patches/Patches_ICSE/Doverfitting/TBar/Math/patch1-Math-82-TBar-plausible.patch,data/normalized_patches/Patches_ICSE__Doverfitting__TBar__Math__patch1-Math-82-TBar-plausible.diff,,TBar,True,True,none,,overfitting,,NA,NA,NA,NA,NA,NA
Patches_ICSE__Doverfitting__TBar__Math__patch1-Math-84-TBar-plausible,Math-84,Math,84,overfitting,overfitting,Patches.zip:Patches/Patches_ICSE/Doverfitting/TBar/Math/patch1-Math-84-TBar-plausible.patch,data/normalized_patches/Patches_ICSE__Doverfitting__TBar__Math__patch1-Math-84-TBar-plausible.diff,,TBar,True,True,none,,overfitting,,NA,NA,NA,NA,NA,NA
Patches_ICSE__Doverfitting__TBar__Math__patch1-Math-85-TBar-plausible,Math-85,Math,85,overfitting,overfitting,Patches.zip:Patches/Patches_ICSE/Doverfitting/TBar/Math/patch1-Math-85-TBar-plausible.patch,data/normalized_patches/Patches_ICSE__Doverfitting__TBar__Math__patch1-Math-85-TBar-plausible.diff,DUP0080,TBar,True,True,none,,overfitting,,NA,NA,NA,NA,NA,NA
Patches_ICSE__Doverfitting__TBar__Math__patch1-Math-88-TBar-plausible,Math-88,Math,88,overfitting,overfitting,Patches.zip:Patches/Patches_ICSE/Doverfitting/TBar/Math/patch1-Math-88-TBar-plausible.patch,data/normalized_patches/Patches_ICSE__Doverfitting__TBar__Math__patch1-Math-88-TBar-plausible.diff,,TBar,True,True,none,,overfitting,,NA,NA,NA,NA,NA,NA
Patches_ICSE__Doverfitting__TBar__Math__patch1-Math-95-TBar-plausible,Math-95,Math,95,overfitting,overfitting,Patches.zip:Patches/Patches_ICSE/Doverfitting/TBar/Math/patch1-Math-95-TBar-plausible.patch,data/normalized_patches/Patches_ICSE__Doverfitting__TBar__Math__patch1-Math-95-TBar-plausible.diff,,TBar,True,True,none,,overfitting,,NA,NA,NA,NA,NA,NA
Patches_ICSE__Doverfitting__TBar__Math__patch1-Math-96-TBar-plausible,Math-96,Math,96,overfitting,overfitting,Patches.zip:Patches/Patches_ICSE/Doverfitting/TBar/Math/patch1-Math-96-TBar-plausible.patch,data/normalized_patches/Patches_ICSE__Doverfitting__TBar__Math__patch1-Math-96-TBar-plausible.diff,,TBar,True,True,none,,overfitting,,NA,NA,NA,NA,NA,NA
Patches_ICSE__Doverfitting__jGenProg__Chart__patch1-Chart-13-jGenProg-plausible,Chart-13,Chart,13,overfitting,overfitting,Patches.zip:Patches/Patches_ICSE/Doverfitting/jGenProg/Chart/patch1-Chart-13-jGenProg-plausible.patch,data/normalized_patches/Patches_ICSE__Doverfitting__jGenProg__Chart__patch1-Chart-13-jGenProg-plausible.diff,,jGenProg,True,True,none,,overfitting,,NA,NA,NA,NA,NA,NA
Patches_ICSE__Doverfitting__jGenProg__Chart__patch1-Chart-25-jGenProg-plausible,Chart-25,Chart,25,overfitting,overfitting,Patches.zip:Patches/Patches_ICSE/Doverfitting/jGenProg/Chart/patch1-Chart-25-jGenProg-plausible.patch,data/normalized_patches/Patches_ICSE__Doverfitting__jGenProg__Chart__patch1-Chart-25-jGenProg-plausible.diff,,jGenProg,True,True,none,,overfitting,,NA,NA,NA,NA,NA,NA
Patches_ICSE__Doverfitting__jGenProg__Chart__patch1-Chart-3-jGenProg-plausible,Chart-3,Chart,3,overfitting,overfitting,Patches.zip:Patches/Patches_ICSE/Doverfitting/jGenProg/Chart/patch1-Chart-3-jGenProg-plausible.patch,data/normalized_patches/Patches_ICSE__Doverfitting__jGenProg__Chart__patch1-Chart-3-jGenProg-plausible.diff,DUP0018,jGenProg,True,True,none,,overfitting,,NA,NA,NA,NA,NA,NA
Patches_ICSE__Doverfitting__jGenProg__Chart__patch1-Chart-5-jGenProg-plausible,Chart-5,Chart,5,overfitting,overfitting,Patches.zip:Patches/Patches_ICSE/Doverfitting/jGenProg/Chart/patch1-Chart-5-jGenProg-plausible.patch,data/normalized_patches/Patches_ICSE__Doverfitting__jGenProg__Chart__patch1-Chart-5-jGenProg-plausible.diff,,jGenProg,True,True,none,,overfitting,,NA,NA,NA,NA,NA,NA
Patches_ICSE__Doverfitting__jGenProg__Chart__patch1-Chart-7-jGenProg-plausible,Chart-7,Chart,7,overfitting,overfitting,Patches.zip:Patches/Patches_ICSE/Doverfitting/jGenProg/Chart/patch1-Chart-7-jGenProg-plausible.patch,data/normalized_patches/Patches_ICSE__Doverfitting__jGenProg__Chart__patch1-Chart-7-jGenProg-plausible.diff,,jGenProg,True,True,none,,overfitting,,NA,NA,NA,NA,NA,NA
Patches_ICSE__Doverfitting__jGenProg__Closure__patch1-Closure-21-jGenProg-plausible,Closure-21,Closure,21,overfitting,overfitting,Patches.zip:Patches/Patches_ICSE/Doverfitting/jGenProg/Closure/patch1-Closure-21-jGenProg-plausible.patch,data/normalized_patches/Patches_ICSE__Doverfitting__jGenProg__Closure__patch1-Closure-21-jGenProg-plausible.diff,,jGenProg,True,True,none,,overfitting,,NA,NA,NA,NA,NA,NA
Patches_ICSE__Doverfitting__jGenProg__Closure__patch1-Closure-22-jGenProg-plausible,Closure-22,Closure,22,overfitting,overfitting,Patches.zip:Patches/Patches_ICSE/Doverfitting/jGenProg/Closure/patch1-Closure-22-jGenProg-plausible.patch,data/normalized_patches/Patches_ICSE__Doverfitting__jGenProg__Closure__patch1-Closure-22-jGenProg-plausible.diff,,jGenProg,True,True,none,,overfitting,,NA,NA,NA,NA,NA,NA
Patches_ICSE__Doverfitting__jGenProg__Lang__patch1-Lang-27-jGenProg-plausible,Lang-27,Lang,27,overfitting,overfitting,Patches.zip:Patches/Patches_ICSE/Doverfitting/jGenProg/Lang/patch1-Lang-27-jGenProg-plausible.patch,data/normalized_patches/Patches_ICSE__Doverfitting__jGenProg__Lang__patch1-Lang-27-jGenProg-plausible.diff,,jGenProg,True,True,none,,overfitting,,NA,NA,NA,NA,NA,NA
Patches_ICSE__Doverfitting__jGenProg__Lang__patch1-Lang-39-jGenProg-plausible,Lang-39,Lang,39,overfitting,overfitting,Patches.zip:Patches/Patches_ICSE/Doverfitting/jGenProg/Lang/patch1-Lang-39-jGenProg-plausible.patch,data/normalized_patches/Patches_ICSE__Doverfitting__jGenProg__Lang__patch1-Lang-39-jGenProg-plausible.diff,,jGenProg,True,True,none,,overfitting,,NA,NA,NA,NA,NA,NA
Patches_ICSE__Doverfitting__jGenProg__Math__patch1-Math-50-jGenProg-plausible,Math-50,Math,50,overfitting,overfitting,Patches.zip:Patches/Patches_ICSE/Doverfitting/jGenProg/Math/patch1-Math-50-jGenProg-plausible.patch,data/normalized_patches/Patches_ICSE__Doverfitting__jGenProg__Math__patch1-Math-50-jGenProg-plausible.diff,,jGenProg,True,True,none,,overfitting,,NA,NA,NA,NA,NA,NA
Patches_ICSE__Doverfitting__jGenProg__Math__patch1-Math-60-jGenProg-plausible,Math-60,Math,60,overfitting,overfitting,Patches.zip:Patches/Patches_ICSE/Doverfitting/jGenProg/Math/patch1-Math-60-jGenProg-plausible.patch,data/normalized_patches/Patches_ICSE__Doverfitting__jGenProg__Math__patch1-Math-60-jGenProg-plausible.diff,,jGenProg,True,True,none,,overfitting,,NA,NA,NA,NA,NA,NA
Patches_ICSE__Doverfitting__jGenProg__Math__patch1-Math-73-jGenProg-plausible,Math-73,Math,73,overfitting,overfitting,Patches.zip:Patches/Patches_ICSE/Doverfitting/jGenProg/Math/patch1-Math-73-jGenProg-plausible.patch,data/normalized_patches/Patches_ICSE__Doverfitting__jGenProg__Math__patch1-Math-73-jGenProg-plausible.diff,,jGenProg,True,True,none,,overfitting,,NA,NA,NA,NA,NA,NA
Patches_ICSE__Doverfitting__jGenProg__Math__patch1-Math-8-jGenProg-plausible,Math-8,Math,8,overfitting,overfitting,Patches.zip:Patches/Patches_ICSE/Doverfitting/jGenProg/Math/patch1-Math-8-jGenProg-plausible.patch,data/normalized_patches/Patches_ICSE__Doverfitting__jGenProg__Math__patch1-Math-8-jGenProg-plausible.diff,,jGenProg,True,True,none,,overfitting,,NA,NA,NA,NA,NA,NA
Patches_ICSE__Doverfitting__jGenProg__Math__patch1-Math-81-jGenProg-plausible,Math-81,Math,81,overfitting,overfitting,Patches.zip:Patches/Patches_ICSE/Doverfitting/jGenProg/Math/patch1-Math-81-jGenProg-plausible.patch,data/normalized_patches/Patches_ICSE__Doverfitting__jGenProg__Math__patch1-Math-81-jGenProg-plausible.diff,,jGenProg,True,True,none,,overfitting,,NA,NA,NA,NA,NA,NA
Patches_ICSE__Doverfitting__jGenProg__Math__patch1-Math-84-jGenProg-plausible,Math-84,Math,84,overfitting,overfitting,Patches.zip:Patches/Patches_ICSE/Doverfitting/jGenProg/Math/patch1-Math-84-jGenProg-plausible.patch,data/normalized_patches/Patches_ICSE__Doverfitting__jGenProg__Math__patch1-Math-84-jGenProg-plausible.diff,,jGenProg,True,True,none,,overfitting,,NA,NA,NA,NA,NA,NA
Patches_ICSE__Doverfitting__jGenProg__Math__patch1-Math-85-jGenProg-plausible,Math-85,Math,85,overfitting,overfitting,Patches.zip:Patches/Patches_ICSE/Doverfitting/jGenProg/Math/patch1-Math-85-jGenProg-plausible.patch,data/normalized_patches/Patches_ICSE__Doverfitting__jGenProg__Math__patch1-Math-85-jGenProg-plausible.diff,,jGenProg,True,True,none,,overfitting,,NA,NA,NA,NA,NA,NA
Patches_ICSE__Doverfitting__jGenProg__Math__patch1-Math-95-jGenProg-plausible,Math-95,Math,95,overfitting,overfitting,Patches.zip:Patches/Patches_ICSE/Doverfitting/jGenProg/Math/patch1-Math-95-jGenProg-plausible.patch,data/normalized_patches/Patches_ICSE__Doverfitting__jGenProg__Math__patch1-Math-95-jGenProg-plausible.diff,,jGenProg,True,True,none,,overfitting,,NA,NA,NA,NA,NA,NA
Patches_ICSE__Doverfitting__jKali__Chart__patch1-Chart-1-jKali-plausible,Chart-1,Chart,1,overfitting,overfitting,Patches.zip:Patches/Patches_ICSE/Doverfitting/jKali/Chart/patch1-Chart-1-jKali-plausible.patch,data/normalized_patches/Patches_ICSE__Doverfitting__jKali__Chart__patch1-Chart-1-jKali-plausible.diff,,jKali,True,True,none,,overfitting,,NA,NA,NA,NA,NA,NA
Patches_ICSE__Doverfitting__jKali__Chart__patch1-Chart-13-jKali-plausible,Chart-13,Chart,13,overfitting,overfitting,Patches.zip:Patches/Patches_ICSE/Doverfitting/jKali/Chart/patch1-Chart-13-jKali-plausible.patch,data/normalized_patches/Patches_ICSE__Doverfitting__jKali__Chart__patch1-Chart-13-jKali-plausible.diff,,jKali,True,True,none,,overfitting,,NA,NA,NA,NA,NA,NA
Patches_ICSE__Doverfitting__jKali__Chart__patch1-Chart-25-jKali-plausible,Chart-25,Chart,25,overfitting,overfitting,Patches.zip:Patches/Patches_ICSE/Doverfitting/jKali/Chart/patch1-Chart-25-jKali-plausible.patch,data/normalized_patches/Patches_ICSE__Doverfitting__jKali__Chart__patch1-Chart-25-jKali-plausible.diff,,jKali,True,True,none,,overfitting,,NA,NA,NA,NA,NA,NA
Patches_ICSE__Doverfitting__jKali__Chart__patch1-Chart-5-jKali-plausible,Chart-5,Chart,5,overfitting,overfitting,Patches.zip:Patches/Patches_ICSE/Doverfitting/jKali/Chart/patch1-Chart-5-jKali-plausible.patch,data/normalized_patches/Patches_ICSE__Doverfitting__jKali__Chart__patch1-Chart-5-jKali-plausible.diff,,jKali,True,True,none,,overfitting,,NA,NA,NA,NA,NA,NA
Patches_ICSE__Doverfitting__jKali__Closure__patch1-Closure-101-jKali-plausible,Closure-101,Closure,101,overfitting,overfitting,Patches.zip:Patches/Patches_ICSE/Doverfitting/jKali/Closure/patch1-Closure-101-jKali-plausible.patch,data/normalized_patches/Patches_ICSE__Doverfitting__jKali__Closure__patch1-Closure-101-jKali-plausible.diff,,jKali,True,True,none,,overfitting,,NA,NA,NA,NA,NA,NA
Patches_ICSE__Doverfitting__jKali__Closure__patch1-Closure-21-jKali-plausible,Closure-21,Closure,21,overfitting,overfitting,Patches.zip:Patches/Patches_ICSE/Doverfitting/jKali/Closure/patch1-Closure-21-jKali-plausible.patch,data/normalized_patches/Patches_ICSE__Doverfitting__jKali__Closure__patch1-Closure-21-jKali-plausible.diff,,jKali,True,True,none,,overfitting,,NA,NA,NA,NA,NA,NA
Patches_ICSE__Doverfitting__jKali__Closure__patch1-Closure-22-jKali-plausible,Closure-22,Closure,22,overfitting,overfitting,Patches.zip:Patches/Patches_ICSE/Doverfitting/jKali/Closure/patch1-Closure-22-jKali-plausible.patch,data/normalized_patches/Patches_ICSE__Doverfitting__jKali__Closure__patch1-Closure-22-jKali-plausible.diff,,jKali,True,True,none,,overfitting,,NA,NA,NA,NA,NA,NA
Patches_ICSE__Doverfitting__jKali__Closure__patch1-Closure-45-jKali-plausible,Closure-45,Closure,45,overfitting,overfitting,Patches.zip:Patches/Patches_ICSE/Doverfitting/jKali/Closure/patch1-Closure-45-jKali-plausible.patch,data/normalized_patches/Patches_ICSE__Doverfitting__jKali__Closure__patch1-Closure-45-jKali-plausible.diff,,jKali,True,True,none,,overfitting,,NA,NA,NA,NA,NA,NA
Patches_ICSE__Doverfitting__jKali__Closure__patch1-Closure-46-jKali-plausible,Closure-46,Closure,46,overfitting,overfitting,Patches.zip:Patches/Patches_ICSE/Doverfitting/jKali/Closure/patch1-Closure-46-jKali-plausible.patch,data/normalized_patches/Patches_ICSE__Doverfitting__jKali__Closure__patch1-Closure-46-jKali-plausible.diff,DUP0030,jKali,True,True,none,,overfitting,,NA,NA,NA,NA,NA,NA
Patches_ICSE__Doverfitting__jKali__Closure__patch1-Closure-62-jKali-plausible,Closure-62,Closure,62,overfitting,overfitting,Patches.zip:Patches/Patches_ICSE/Doverfitting/jKali/Closure/patch1-Closure-62-jKali-plausible.patch,data/normalized_patches/Patches_ICSE__Doverfitting__jKali__Closure__patch1-Closure-62-jKali-plausible.diff,,jKali,True,True,none,,overfitting,,NA,NA,NA,NA,NA,NA
Patches_ICSE__Doverfitting__jKali__Closure__patch1-Closure-63-jKali-plausible,Closure-63,Closure,63,overfitting,overfitting,Patches.zip:Patches/Patches_ICSE/Doverfitting/jKali/Closure/patch1-Closure-63-jKali-plausible.patch,data/normalized_patches/Patches_ICSE__Doverfitting__jKali__Closure__patch1-Closure-63-jKali-plausible.diff,,jKali,True,True,none,,overfitting,,NA,NA,NA,NA,NA,NA
Patches_ICSE__Doverfitting__jKali__Lang__patch1-Lang-22-jKali-plausible,Lang-22,Lang,22,overfitting,overfitting,Patches.zip:Patches/Patches_ICSE/Doverfitting/jKali/Lang/patch1-Lang-22-jKali-plausible.patch,data/normalized_patches/Patches_ICSE__Doverfitting__jKali__Lang__patch1-Lang-22-jKali-plausible.diff,,jKali,True,True,none,,overfitting,,NA,NA,NA,NA,NA,NA
Patches_ICSE__Doverfitting__jKali__Lang__patch1-Lang-27-jKali-plausible,Lang-27,Lang,27,overfitting,overfitting,Patches.zip:Patches/Patches_ICSE/Doverfitting/jKali/Lang/patch1-Lang-27-jKali-plausible.patch,data/normalized_patches/Patches_ICSE__Doverfitting__jKali__Lang__patch1-Lang-27-jKali-plausible.diff,,jKali,True,True,none,,overfitting,,NA,NA,NA,NA,NA,NA
Patches_ICSE__Doverfitting__jKali__Math__patch1-Math-2-jKali-plausible,Math-2,Math,2,overfitting,overfitting,Patches.zip:Patches/Patches_ICSE/Doverfitting/jKali/Math/patch1-Math-2-jKali-plausible.patch,data/normalized_patches/Patches_ICSE__Doverfitting__jKali__Math__patch1-Math-2-jKali-plausible.diff,,jKali,True,True,none,,overfitting,,NA,NA,NA,NA,NA,NA
Patches_ICSE__Doverfitting__jKali__Math__patch1-Math-28-jKali-plausible,Math-28,Math,28,overfitting,overfitting,Patches.zip:Patches/Patches_ICSE/Doverfitting/jKali/Math/patch1-Math-28-jKali-plausible.patch,data/normalized_patches/Patches_ICSE__Doverfitting__jKali__Math__patch1-Math-28-jKali-plausible.diff,DUP0051,jKali,True,True,none,,overfitting,,NA,NA,NA,NA,NA,NA
Patches_ICSE__Doverfitting__jKali__Math__patch1-Math-29-jKali-plausible,Math-29,Math,29,overfitting,overfitting,Patches.zip:Patches/Patches_ICSE/Doverfitting/jKali/Math/patch1-Math-29-jKali-plausible.patch,data/normalized_patches/Patches_ICSE__Doverfitting__jKali__Math__patch1-Math-29-jKali-plausible.diff,,jKali,True,True,none,,overfitting,,NA,NA,NA,NA,NA,NA
Patches_ICSE__Doverfitting__jKali__Math__patch1-Math-32-jKali-plausible,Math-32,Math,32,overfitting,overfitting,Patches.zip:Patches/Patches_ICSE/Doverfitting/jKali/Math/patch1-Math-32-jKali-plausible.patch,data/normalized_patches/Patches_ICSE__Doverfitting__jKali__Math__patch1-Math-32-jKali-plausible.diff,DUP0052,jKali,True,True,none,,overfitting,,NA,NA,NA,NA,NA,NA
Patches_ICSE__Doverfitting__jKali__Math__patch1-Math-49-jKali-plausible,Math-49,Math,49,overfitting,overfitting,Patches.zip:Patches/Patches_ICSE/Doverfitting/jKali/Math/patch1-Math-49-jKali-plausible.patch,data/normalized_patches/Patches_ICSE__Doverfitting__jKali__Math__patch1-Math-49-jKali-plausible.diff,DUP0054,jKali,True,True,none,,overfitting,,NA,NA,NA,NA,NA,NA
Patches_ICSE__Doverfitting__jKali__Math__patch1-Math-71-jKali-plausible,Math-71,Math,71,overfitting,overfitting,Patches.zip:Patches/Patches_ICSE/Doverfitting/jKali/Math/patch1-Math-71-jKali-plausible.patch,data/normalized_patches/Patches_ICSE__Doverfitting__jKali__Math__patch1-Math-71-jKali-plausible.diff,,jKali,True,True,none,,overfitting,,NA,NA,NA,NA,NA,NA
Patches_ICSE__Doverfitting__jKali__Math__patch1-Math-8-jKali-plausible,Math-8,Math,8,overfitting,overfitting,Patches.zip:Patches/Patches_ICSE/Doverfitting/jKali/Math/patch1-Math-8-jKali-plausible.patch,data/normalized_patches/Patches_ICSE__Doverfitting__jKali__Math__patch1-Math-8-jKali-plausible.diff,,jKali,True,True,none,,overfitting,,NA,NA,NA,NA,NA,NA
Patches_ICSE__Doverfitting__jKali__Math__patch1-Math-80-jKali-plausible,Math-80,Math,80,overfitting,overfitting,Patches.zip:Patches/Patches_ICSE/Doverfitting/jKali/Math/patch1-Math-80-jKali-plausible.patch,data/normalized_patches/Patches_ICSE__Doverfitting__jKali__Math__patch1-Math-80-jKali-plausible.diff,,jKali,True,True,none,,overfitting,,NA,NA,NA,NA,NA,NA
Patches_ICSE__Doverfitting__jMutRepair__Chart__patch1-Chart-25-jMutRepair-plausible,Chart-25,Chart,25,overfitting,overfitting,Patches.zip:Patches/Patches_ICSE/Doverfitting/jMutRepair/Chart/patch1-Chart-25-jMutRepair-plausible.patch,data/normalized_patches/Patches_ICSE__Doverfitting__jMutRepair__Chart__patch1-Chart-25-jMutRepair-plausible.diff,,jMutRepair,True,True,none,,overfitting,,NA,NA,NA,NA,NA,NA
Patches_ICSE__Doverfitting__jMutRepair__Chart__patch1-Chart-26-jMutRepair-plausible,Chart-26,Chart,26,overfitting,overfitting,Patches.zip:Patches/Patches_ICSE/Doverfitting/jMutRepair/Chart/patch1-Chart-26-jMutRepair-plausible.patch,data/normalized_patches/Patches_ICSE__Doverfitting__jMutRepair__Chart__patch1-Chart-26-jMutRepair-plausible.diff,,jMutRepair,True,True,none,,overfitting,,NA,NA,NA,NA,NA,NA
Patches_ICSE__Doverfitting__jMutRepair__Chart__patch1-Chart-7-jMutRepair-plausible,Chart-7,Chart,7,overfitting,overfitting,Patches.zip:Patches/Patches_ICSE/Doverfitting/jMutRepair/Chart/patch1-Chart-7-jMutRepair-plausible.patch,data/normalized_patches/Patches_ICSE__Doverfitting__jMutRepair__Chart__patch1-Chart-7-jMutRepair-plausible.diff,,jMutRepair,True,True,none,,overfitting,,NA,NA,NA,NA,NA,NA
Patches_ICSE__Doverfitting__jMutRepair__Closure__patch1-Closure-126-jMutRepair-plausible,Closure-126,Closure,126,overfitting,overfitting,Patches.zip:Patches/Patches_ICSE/Doverfitting/jMutRepair/Closure/patch1-Closure-126-jMutRepair-plausible.patch,data/normalized_patches/Patches_ICSE__Doverfitting__jMutRepair__Closure__patch1-Closure-126-jMutRepair-plausible.diff,,jMutRepair,True,True,none,,overfitting,,NA,NA,NA,NA,NA,NA
Patches_ICSE__Doverfitting__jMutRepair__Closure__patch1-Closure-21-jMutRepair-plausible,Closure-21,Closure,21,overfitting,overfitting,Patches.zip:Patches/Patches_ICSE/Doverfitting/jMutRepair/Closure/patch1-Closure-21-jMutRepair-plausible.patch,data/normalized_patches/Patches_ICSE__Doverfitting__jMutRepair__Closure__patch1-Closure-21-jMutRepair-plausible.diff,,jMutRepair,True,True,none,,overfitting,,NA,NA,NA,NA,NA,NA
Patches_ICSE__Doverfitting__jMutRepair__Closure__patch1-Closure-22-jMutRepair-plausible,Closure-22,Closure,22,overfitting,overfitting,Patches.zip:Patches/Patches_ICSE/Doverfitting/jMutRepair/Closure/patch1-Closure-22-jMutRepair-plausible.patch,data/normalized_patches/Patches_ICSE__Doverfitting__jMutRepair__Closure__patch1-Closure-22-jMutRepair-plausible.diff,,jMutRepair,True,True,none,,overfitting,,NA,NA,NA,NA,NA,NA
Patches_ICSE__Doverfitting__jMutRepair__Lang__patch1-Lang-22-jMutRepair-plausible,Lang-22,Lang,22,overfitting,overfitting,Patches.zip:Patches/Patches_ICSE/Doverfitting/jMutRepair/Lang/patch1-Lang-22-jMutRepair-plausible.patch,data/normalized_patches/Patches_ICSE__Doverfitting__jMutRepair__Lang__patch1-Lang-22-jMutRepair-plausible.diff,,jMutRepair,True,True,none,,overfitting,,NA,NA,NA,NA,NA,NA
Patches_ICSE__Doverfitting__jMutRepair__Lang__patch1-Lang-27-jMutRepair-plausible,Lang-27,Lang,27,overfitting,overfitting,Patches.zip:Patches/Patches_ICSE/Doverfitting/jMutRepair/Lang/patch1-Lang-27-jMutRepair-plausible.patch,data/normalized_patches/Patches_ICSE__Doverfitting__jMutRepair__Lang__patch1-Lang-27-jMutRepair-plausible.diff,,jMutRepair,True,True,none,,overfitting,,NA,NA,NA,NA,NA,NA
Patches_ICSE__Doverfitting__jMutRepair__Math__patch1-Math-2-jMutRepair-plausible,Math-2,Math,2,overfitting,overfitting,Patches.zip:Patches/Patches_ICSE/Doverfitting/jMutRepair/Math/patch1-Math-2-jMutRepair-plausible.patch,data/normalized_patches/Patches_ICSE__Doverfitting__jMutRepair__Math__patch1-Math-2-jMutRepair-plausible.diff,,jMutRepair,True,True,none,,overfitting,,NA,NA,NA,NA,NA,NA
Patches_ICSE__Doverfitting__jMutRepair__Math__patch1-Math-28-jMutRepair-plausible,Math-28,Math,28,overfitting,overfitting,Patches.zip:Patches/Patches_ICSE/Doverfitting/jMutRepair/Math/patch1-Math-28-jMutRepair-plausible.patch,data/normalized_patches/Patches_ICSE__Doverfitting__jMutRepair__Math__patch1-Math-28-jMutRepair-plausible.diff,,jMutRepair,True,True,none,,overfitting,,NA,NA,NA,NA,NA,NA
Patches_ICSE__Doverfitting__jMutRepair__Math__patch1-Math-50-jMutRepair-plausible,Math-50,Math,50,overfitting,overfitting,Patches.zip:Patches/Patches_ICSE/Doverfitting/jMutRepair/Math/patch1-Math-50-jMutRepair-plausible.patch,data/normalized_patches/Patches_ICSE__Doverfitting__jMutRepair__Math__patch1-Math-50-jMutRepair-plausible.diff,,jMutRepair,True,True,none,,overfitting,,NA,NA,NA,NA,NA,NA
Patches_ICSE__Doverfitting__jMutRepair__Math__patch1-Math-52-jMutRepair-plausible,Math-52,Math,52,overfitting,overfitting,Patches.zip:Patches/Patches_ICSE/Doverfitting/jMutRepair/Math/patch1-Math-52-jMutRepair-plausible.patch,data/normalized_patches/Patches_ICSE__Doverfitting__jMutRepair__Math__patch1-Math-52-jMutRepair-plausible.diff,,jMutRepair,True,True,none,,overfitting,,NA,NA,NA,NA,NA,NA
Patches_ICSE__Doverfitting__jMutRepair__Math__patch1-Math-57-jMutRepair-plausible,Math-57,Math,57,overfitting,overfitting,Patches.zip:Patches/Patches_ICSE/Doverfitting/jMutRepair/Math/patch1-Math-57-jMutRepair-plausible.patch,data/normalized_patches/Patches_ICSE__Doverfitting__jMutRepair__Math__patch1-Math-57-jMutRepair-plausible.diff,,jMutRepair,True,True,none,,overfitting,,NA,NA,NA,NA,NA,NA
Patches_ICSE__Doverfitting__jMutRepair__Math__patch1-Math-80-jMutRepair-plausible,Math-80,Math,80,overfitting,overfitting,Patches.zip:Patches/Patches_ICSE/Doverfitting/jMutRepair/Math/patch1-Math-80-jMutRepair-plausible.patch,data/normalized_patches/Patches_ICSE__Doverfitting__jMutRepair__Math__patch1-Math-80-jMutRepair-plausible.diff,,jMutRepair,True,True,none,,overfitting,,NA,NA,NA,NA,NA,NA
Patches_ICSE__Doverfitting__jMutRepair__Math__patch1-Math-81-jMutRepair-plausible,Math-81,Math,81,overfitting,overfitting,Patches.zip:Patches/Patches_ICSE/Doverfitting/jMutRepair/Math/patch1-Math-81-jMutRepair-plausible.patch,data/normalized_patches/Patches_ICSE__Doverfitting__jMutRepair__Math__patch1-Math-81-jMutRepair-plausible.diff,,jMutRepair,True,True,none,,overfitting,,NA,NA,NA,NA,NA,NA
Patches_ICSE__Doverfitting__jMutRepair__Math__patch1-Math-84-jMutRepair-plausible,Math-84,Math,84,overfitting,overfitting,Patches.zip:Patches/Patches_ICSE/Doverfitting/jMutRepair/Math/patch1-Math-84-jMutRepair-plausible.patch,data/normalized_patches/Patches_ICSE__Doverfitting__jMutRepair__Math__patch1-Math-84-jMutRepair-plausible.diff,,jMutRepair,True,True,none,,overfitting,,NA,NA,NA,NA,NA,NA
Patches_ICSE__Doverfitting__jMutRepair__Math__patch1-Math-88-jMutRepair-plausible,Math-88,Math,88,overfitting,overfitting,Patches.zip:Patches/Patches_ICSE/Doverfitting/jMutRepair/Math/patch1-Math-88-jMutRepair-plausible.patch,data/normalized_patches/Patches_ICSE__Doverfitting__jMutRepair__Math__patch1-Math-88-jMutRepair-plausible.diff,,jMutRepair,True,True,none,,overfitting,,NA,NA,NA,NA,NA,NA
Patches_ICSE__Doverfitting__kPAR__Chart__patch1-Chart-13-kPAR-plausible,Chart-13,Chart,13,overfitting,overfitting,Patches.zip:Patches/Patches_ICSE/Doverfitting/kPAR/Chart/patch1-Chart-13-kPAR-plausible.patch,data/normalized_patches/Patches_ICSE__Doverfitting__kPAR__Chart__patch1-Chart-13-kPAR-plausible.diff,DUP0007,kPAR,True,True,none,,overfitting,,NA,NA,NA,NA,NA,NA
Patches_ICSE__Doverfitting__kPAR__Chart__patch1-Chart-14-kPAR-plausible,Chart-14,Chart,14,overfitting,overfitting,Patches.zip:Patches/Patches_ICSE/Doverfitting/kPAR/Chart/patch1-Chart-14-kPAR-plausible.patch,data/normalized_patches/Patches_ICSE__Doverfitting__kPAR__Chart__patch1-Chart-14-kPAR-plausible.diff,DUP0008,kPAR,True,True,none,,overfitting,,NA,NA,NA,NA,NA,NA
Patches_ICSE__Doverfitting__kPAR__Chart__patch1-Chart-15-kPAR-plausible,Chart-15,Chart,15,overfitting,overfitting,Patches.zip:Patches/Patches_ICSE/Doverfitting/kPAR/Chart/patch1-Chart-15-kPAR-plausible.patch,data/normalized_patches/Patches_ICSE__Doverfitting__kPAR__Chart__patch1-Chart-15-kPAR-plausible.diff,DUP0009,kPAR,True,True,none,,overfitting,,NA,NA,NA,NA,NA,NA
Patches_ICSE__Doverfitting__kPAR__Chart__patch1-Chart-17-kPAR-plausible,Chart-17,Chart,17,overfitting,overfitting,Patches.zip:Patches/Patches_ICSE/Doverfitting/kPAR/Chart/patch1-Chart-17-kPAR-plausible.patch,data/normalized_patches/Patches_ICSE__Doverfitting__kPAR__Chart__patch1-Chart-17-kPAR-plausible.diff,DUP0011,kPAR,True,True,none,,overfitting,,NA,NA,NA,NA,NA,NA
Patches_ICSE__Doverfitting__kPAR__Chart__patch1-Chart-25-kPAR-plausible,Chart-25,Chart,25,overfitting,overfitting,Patches.zip:Patches/Patches_ICSE/Doverfitting/kPAR/Chart/patch1-Chart-25-kPAR-plausible.patch,data/normalized_patches/Patches_ICSE__Doverfitting__kPAR__Chart__patch1-Chart-25-kPAR-plausible.diff,DUP0016,kPAR,True,True,none,,overfitting,,NA,NA,NA,NA,NA,NA
Patches_ICSE__Doverfitting__kPAR__Chart__patch1-Chart-26-kPAR-plausible,Chart-26,Chart,26,overfitting,overfitting,Patches.zip:Patches/Patches_ICSE/Doverfitting/kPAR/Chart/patch1-Chart-26-kPAR-plausible.patch,data/normalized_patches/Patches_ICSE__Doverfitting__kPAR__Chart__patch1-Chart-26-kPAR-plausible.diff,DUP0017,kPAR,True,True,none,,overfitting,,NA,NA,NA,NA,NA,NA
Patches_ICSE__Doverfitting__kPAR__Chart__patch1-Chart-3-kPAR-plausible,Chart-3,Chart,3,overfitting,overfitting,Patches.zip:Patches/Patches_ICSE/Doverfitting/kPAR/Chart/patch1-Chart-3-kPAR-plausible.patch,data/normalized_patches/Patches_ICSE__Doverfitting__kPAR__Chart__patch1-Chart-3-kPAR-plausible.diff,DUP0019,kPAR,True,True,none,,overfitting,,NA,NA,NA,NA,NA,NA
Patches_ICSE__Doverfitting__kPAR__Chart__patch1-Chart-5-kPAR-plausible,Chart-5,Chart,5,overfitting,overfitting,Patches.zip:Patches/Patches_ICSE/Doverfitting/kPAR/Chart/patch1-Chart-5-kPAR-plausible.patch,data/normalized_patches/Patches_ICSE__Doverfitting__kPAR__Chart__patch1-Chart-5-kPAR-plausible.diff,,kPAR,True,True,none,,overfitting,,NA,NA,NA,NA,NA,NA
Patches_ICSE__Doverfitting__kPAR__Chart__patch1-Chart-7-kPAR-plausible,Chart-7,Chart,7,overfitting,overfitting,Patches.zip:Patches/Patches_ICSE/Doverfitting/kPAR/Chart/patch1-Chart-7-kPAR-plausible.patch,data/normalized_patches/Patches_ICSE__Doverfitting__kPAR__Chart__patch1-Chart-7-kPAR-plausible.diff,DUP0021,kPAR,True,True,none,,overfitting,,NA,NA,NA,NA,NA,NA
Patches_ICSE__Doverfitting__kPAR__Closure__patch1-Closure-109-kPAR-plausible,Closure-109,Closure,109,overfitting,overfitting,Patches.zip:Patches/Patches_ICSE/Doverfitting/kPAR/Closure/patch1-Closure-109-kPAR-plausible.patch,data/normalized_patches/Patches_ICSE__Doverfitting__kPAR__Closure__patch1-Closure-109-kPAR-plausible.diff,DUP0023,kPAR,True,True,none,,overfitting,,NA,NA,NA,NA,NA,NA
Patches_ICSE__Doverfitting__kPAR__Closure__patch1-Closure-115-kPAR-plausible,Closure-115,Closure,115,overfitting,overfitting,Patches.zip:Patches/Patches_ICSE/Doverfitting/kPAR/Closure/patch1-Closure-115-kPAR-plausible.patch,data/normalized_patches/Patches_ICSE__Doverfitting__kPAR__Closure__patch1-Closure-115-kPAR-plausible.diff,,kPAR,True,True,none,,overfitting,,NA,NA,NA,NA,NA,NA
Patches_ICSE__Doverfitting__kPAR__Closure__patch1-Closure-126-kPAR-plausible,Closure-126,Closure,126,overfitting,overfitting,Patches.zip:Patches/Patches_ICSE/Doverfitting/kPAR/Closure/patch1-Closure-126-kPAR-plausible.patch,data/normalized_patches/Patches_ICSE__Doverfitting__kPAR__Closure__patch1-Closure-126-kPAR-plausible.diff,,kPAR,True,True,none,,overfitting,,NA,NA,NA,NA,NA,NA
Patches_ICSE__Doverfitting__kPAR__Closure__patch1-Closure-129-kPAR-plausible,Closure-129,Closure,129,overfitting,overfitting,Patches.zip:Patches/Patches_ICSE/Doverfitting/kPAR/Closure/patch1-Closure-129-kPAR-plausible.patch,data/normalized_patches/Patches_ICSE__Doverfitting__kPAR__Closure__patch1-Closure-129-kPAR-plausible.diff,DUP0026,kPAR,True,True,none,,overfitting,,NA,NA,NA,NA,NA,NA
Patches_ICSE__Doverfitting__kPAR__Closure__patch1-Closure-35-kPAR-plausible,Closure-35,Closure,35,overfitting,overfitting,Patches.zip:Patches/Patches_ICSE/Doverfitting/kPAR/Closure/patch1-Closure-35-kPAR-plausible.patch,data/normalized_patches/Patches_ICSE__Doverfitting__kPAR__Closure__patch1-Closure-35-kPAR-plausible.diff,,kPAR,True,True,none,,overfitting,,NA,NA,NA,NA,NA,NA
Patches_ICSE__Doverfitting__kPAR__Closure__patch1-Closure-46-kPAR-plausible,Closure-46,Closure,46,overfitting,overfitting,Patches.zip:Patches/Patches_ICSE/Doverfitting/kPAR/Closure/patch1-Closure-46-kPAR-plausible.patch,data/normalized_patches/Patches_ICSE__Doverfitting__kPAR__Closure__patch1-Closure-46-kPAR-plausible.diff,,kPAR,True,True,none,,overfitting,,NA,NA,NA,NA,NA,NA
Patches_ICSE__Doverfitting__kPAR__Closure__patch1-Closure-62-kPAR-plausible,Closure-62,Closure,62,overfitting,overfitting,Patches.zip:Patches/Patches_ICSE/Doverfitting/kPAR/Closure/patch1-Closure-62-kPAR-plausible.patch,data/normalized_patches/Patches_ICSE__Doverfitting__kPAR__Closure__patch1-Closure-62-kPAR-plausible.diff,,kPAR,True,True,none,,overfitting,,NA,NA,NA,NA,NA,NA
Patches_ICSE__Doverfitting__kPAR__Closure__patch1-Closure-63-kPAR-plausible,Closure-63,Closure,63,overfitting,overfitting,Patches.zip:Patches/Patches_ICSE/Doverfitting/kPAR/Closure/patch1-Closure-63-kPAR-plausible.patch,data/normalized_patches/Patches_ICSE__Doverfitting__kPAR__Closure__patch1-Closure-63-kPAR-plausible.diff,,kPAR,True,True,none,,overfitting,,NA,NA,NA,NA,NA,NA
Patches_ICSE__Doverfitting__kPAR__Lang__patch1-Lang-10-kPAR-plausible,Lang-10,Lang,10,overfitting,overfitting,Patches.zip:Patches/Patches_ICSE/Doverfitting/kPAR/Lang/patch1-Lang-10-kPAR-plausible.patch,data/normalized_patches/Patches_ICSE__Doverfitting__kPAR__Lang__patch1-Lang-10-kPAR-plausible.diff,,kPAR,True,True,none,,overfitting,,NA,NA,NA,NA,NA,NA
Patches_ICSE__Doverfitting__kPAR__Lang__patch1-Lang-16-kPAR-plausible,Lang-16,Lang,16,overfitting,overfitting,Patches.zip:Patches/Patches_ICSE/Doverfitting/kPAR/Lang/patch1-Lang-16-kPAR-plausible.patch,data/normalized_patches/Patches_ICSE__Doverfitting__kPAR__Lang__patch1-Lang-16-kPAR-plausible.diff,,kPAR,True,True,none,,overfitting,,NA,NA,NA,NA,NA,NA
Patches_ICSE__Doverfitting__kPAR__Lang__patch1-Lang-18-kPAR-plausible,Lang-18,Lang,18,overfitting,overfitting,Patches.zip:Patches/Patches_ICSE/Doverfitting/kPAR/Lang/patch1-Lang-18-kPAR-plausible.patch,data/normalized_patches/Patches_ICSE__Doverfitting__kPAR__Lang__patch1-Lang-18-kPAR-plausible.diff,DUP0038,kPAR,True,True,none,,overfitting,,NA,NA,NA,NA,NA,NA
Patches_ICSE__Doverfitting__kPAR__Lang__patch1-Lang-20-kPAR-plausible,Lang-20,Lang,20,overfitting,overfitting,Patches.zip:Patches/Patches_ICSE/Doverfitting/kPAR/Lang/patch1-Lang-20-kPAR-plausible.patch,data/normalized_patches/Patches_ICSE__Doverfitting__kPAR__Lang__patch1-Lang-20-kPAR-plausible.diff,,kPAR,True,True,none,,overfitting,,NA,NA,NA,NA,NA,NA
Patches_ICSE__Doverfitting__kPAR__Lang__patch1-Lang-21-kPAR-plausible,Lang-21,Lang,21,overfitting,overfitting,Patches.zip:Patches/Patches_ICSE/Doverfitting/kPAR/Lang/patch1-Lang-21-kPAR-plausible.patch,data/normalized_patches/Patches_ICSE__Doverfitting__kPAR__Lang__patch1-Lang-21-kPAR-plausible.diff,,kPAR,True,True,none,,overfitting,,NA,NA,NA,NA,NA,NA
Patches_ICSE__Doverfitting__kPAR__Lang__patch1-Lang-24-kPAR-plausible,Lang-24,Lang,24,overfitting,overfitting,Patches.zip:Patches/Patches_ICSE/Doverfitting/kPAR/Lang/patch1-Lang-24-kPAR-plausible.patch,data/normalized_patches/Patches_ICSE__Doverfitting__kPAR__Lang__patch1-Lang-24-kPAR-plausible.diff,DUP0039,kPAR,True,True,none,,overfitting,,NA,NA,NA,NA,NA,NA
Patches_ICSE__Doverfitting__kPAR__Lang__patch1-Lang-27-kPAR-plausible,Lang-27,Lang,27,overfitting,overfitting,Patches.zip:Patches/Patches_ICSE/Doverfitting/kPAR/Lang/patch1-Lang-27-kPAR-plausible.patch,data/normalized_patches/Patches_ICSE__Doverfitting__kPAR__Lang__patch1-Lang-27-kPAR-plausible.diff,,kPAR,True,True,none,,overfitting,,NA,NA,NA,NA,NA,NA
Patches_ICSE__Doverfitting__kPAR__Lang__patch1-Lang-41-kPAR-plausible,Lang-41,Lang,41,overfitting,overfitting,Patches.zip:Patches/Patches_ICSE/Doverfitting/kPAR/Lang/patch1-Lang-41-kPAR-plausible.patch,data/normalized_patches/Patches_ICSE__Doverfitting__kPAR__Lang__patch1-Lang-41-kPAR-plausible.diff,DUP0040,kPAR,True,True,none,,overfitting,,NA,NA,NA,NA,NA,NA
Patches_ICSE__Doverfitting__kPAR__Lang__patch1-Lang-43-kPAR-plausible,Lang-43,Lang,43,overfitting,overfitting,Patches.zip:Patches/Patches_ICSE/Doverfitting/kPAR/Lang/patch1-Lang-43-kPAR-plausible.patch,data/normalized_patches/Patches_ICSE__Doverfitting__kPAR__Lang__patch1-Lang-43-kPAR-plausible.diff,DUP0041,kPAR,True,True,none,,overfitting,,NA,NA,NA,NA,NA,NA
Patches_ICSE__Doverfitting__kPAR__Lang__patch1-Lang-44-kPAR-plausible,Lang-44,Lang,44,overfitting,overfitting,Patches.zip:Patches/Patches_ICSE/Doverfitting/kPAR/Lang/patch1-Lang-44-kPAR-plausible.patch,data/normalized_patches/Patches_ICSE__Doverfitting__kPAR__Lang__patch1-Lang-44-kPAR-plausible.diff,,kPAR,True,True,none,,overfitting,,NA,NA,NA,NA,NA,NA
Patches_ICSE__Doverfitting__kPAR__Lang__patch1-Lang-45-kPAR-plausible,Lang-45,Lang,45,overfitting,overfitting,Patches.zip:Patches/Patches_ICSE/Doverfitting/kPAR/Lang/patch1-Lang-45-kPAR-plausible.patch,data/normalized_patches/Patches_ICSE__Doverfitting__kPAR__Lang__patch1-Lang-45-kPAR-plausible.diff,DUP0042,kPAR,True,True,none,,overfitting,,NA,NA,NA,NA,NA,NA
Patches_ICSE__Doverfitting__kPAR__Lang__patch1-Lang-51-kPAR-plausible,Lang-51,Lang,51,overfitting,overfitting,Patches.zip:Patches/Patches_ICSE/Doverfitting/kPAR/Lang/patch1-Lang-51-kPAR-plausible.patch,data/normalized_patches/Patches_ICSE__Doverfitting__kPAR__Lang__patch1-Lang-51-kPAR-plausible.diff,,kPAR,True,True,none,,overfitting,,NA,NA,NA,NA,NA,NA
Patches_ICSE__Doverfitting__kPAR__Lang__patch1-Lang-53-kPAR-plausible,Lang-53,Lang,53,overfitting,overfitting,Patches.zip:Patches/Patches_ICSE/Doverfitting/kPAR/Lang/patch1-Lang-53-kPAR-plausible.patch,data/normalized_patches/Patches_ICSE__Doverfitting__kPAR__Lang__patch1-Lang-53-kPAR-plausible.diff,,kPAR,True,True,none,,overfitting,,NA,NA,NA,NA,NA,NA
Patches_ICSE__Doverfitting__kPAR__Lang__patch1-Lang-57-kPAR-plausible,Lang-57,Lang,57,overfitting,overfitting,Patches.zip:Patches/Patches_ICSE/Doverfitting/kPAR/Lang/patch1-Lang-57-kPAR-plausible.patch,data/normalized_patches/Patches_ICSE__Doverfitting__kPAR__Lang__patch1-Lang-57-kPAR-plausible.diff,DUP0043,kPAR,True,True,none,,overfitting,,NA,NA,NA,NA,NA,NA
Patches_ICSE__Doverfitting__kPAR__Lang__patch1-Lang-58-kPAR-plausible,Lang-58,Lang,58,overfitting,overfitting,Patches.zip:Patches/Patches_ICSE/Doverfitting/kPAR/Lang/patch1-Lang-58-kPAR-plausible.patch,data/normalized_patches/Patches_ICSE__Doverfitting__kPAR__Lang__patch1-Lang-58-kPAR-plausible.diff,,kPAR,True,True,none,,overfitting,,NA,NA,NA,NA,NA,NA
Patches_ICSE__Doverfitting__kPAR__Lang__patch1-Lang-59-kPAR-plausible,Lang-59,Lang,59,overfitting,overfitting,Patches.zip:Patches/Patches_ICSE/Doverfitting/kPAR/Lang/patch1-Lang-59-kPAR-plausible.patch,data/normalized_patches/Patches_ICSE__Doverfitting__kPAR__Lang__patch1-Lang-59-kPAR-plausible.diff,,kPAR,True,True,none,,overfitting,,NA,NA,NA,NA,NA,NA
Patches_ICSE__Doverfitting__kPAR__Lang__patch1-Lang-63-kPAR-plausible,Lang-63,Lang,63,overfitting,overfitting,Patches.zip:Patches/Patches_ICSE/Doverfitting/kPAR/Lang/patch1-Lang-63-kPAR-plausible.patch,data/normalized_patches/Patches_ICSE__Doverfitting__kPAR__Lang__patch1-Lang-63-kPAR-plausible.diff,DUP0046,kPAR,True,True,none,,overfitting,,NA,NA,NA,NA,NA,NA
Patches_ICSE__Doverfitting__kPAR__Math__patch1-Math-104-kPAR-plausible,Math-104,Math,104,overfitting,overfitting,Patches.zip:Patches/Patches_ICSE/Doverfitting/kPAR/Math/patch1-Math-104-kPAR-plausible.patch,data/normalized_patches/Patches_ICSE__Doverfitting__kPAR__Math__patch1-Math-104-kPAR-plausible.diff,DUP0048,kPAR,True,True,none,,overfitting,,NA,NA,NA,NA,NA,NA
Patches_ICSE__Doverfitting__kPAR__Math__patch1-Math-15-kPAR-plausible,Math-15,Math,15,overfitting,overfitting,Patches.zip:Patches/Patches_ICSE/Doverfitting/kPAR/Math/patch1-Math-15-kPAR-plausible.patch,data/normalized_patches/Patches_ICSE__Doverfitting__kPAR__Math__patch1-Math-15-kPAR-plausible.diff,,kPAR,True,True,none,,overfitting,,NA,NA,NA,NA,NA,NA
Patches_ICSE__Doverfitting__kPAR__Math__patch1-Math-2-kPAR-plausible,Math-2,Math,2,overfitting,overfitting,Patches.zip:Patches/Patches_ICSE/Doverfitting/kPAR/Math/patch1-Math-2-kPAR-plausible.patch,data/normalized_patches/Patches_ICSE__Doverfitting__kPAR__Math__patch1-Math-2-kPAR-plausible.diff,,kPAR,True,True,none,,overfitting,,NA,NA,NA,NA,NA,NA
Patches_ICSE__Doverfitting__kPAR__Math__patch1-Math-40-kPAR-plausible,Math-40,Math,40,overfitting,overfitting,Patches.zip:Patches/Patches_ICSE/Doverfitting/kPAR/Math/patch1-Math-40-kPAR-plausible.patch,data/normalized_patches/Patches_ICSE__Doverfitting__kPAR__Math__patch1-Math-40-kPAR-plausible.diff,,kPAR,True,True,none,,overfitting,,NA,NA,NA,NA,NA,NA
Patches_ICSE__Doverfitting__kPAR__Math__patch1-Math-42-kPAR-plausible,Math-42,Math,42,overfitting,overfitting,Patches.zip:Patches/Patches_ICSE/Doverfitting/kPAR/Math/patch1-Math-42-kPAR-plausible.patch,data/normalized_patches/Patches_ICSE__Doverfitting__kPAR__Math__patch1-Math-42-kPAR-plausible.diff,,kPAR,True,True,none,,overfitting,,NA,NA,NA,NA,NA,NA
Patches_ICSE__Doverfitting__kPAR__Math__patch1-Math-43-kPAR-plausible,Math-43,Math,43,overfitting,overfitting,Patches.zip:Patches/Patches_ICSE/Doverfitting/kPAR/Math/patch1-Math-43-kPAR-plausible.patch,data/normalized_patches/Patches_ICSE__Doverfitting__kPAR__Math__patch1-Math-43-kPAR-plausible.diff,,kPAR,True,True,none,,overfitting,,NA,NA,NA,NA,NA,NA
Patches_ICSE__Doverfitting__kPAR__Math__patch1-Math-49-kPAR-plausible,Math-49,Math,49,overfitting,overfitting,Patches.zip:Patches/Patches_ICSE/Doverfitting/kPAR/Math/patch1-Math-49-kPAR-plausible.patch,data/normalized_patches/Patches_ICSE__Doverfitting__kPAR__Math__patch1-Math-49-kPAR-plausible.diff,DUP0055,kPAR,True,True,none,,overfitting,,NA,NA,NA,NA,NA,NA
Patches_ICSE__Doverfitting__kPAR__Math__patch1-Math-50-kPAR-plausible,Math-50,Math,50,overfitting,overfitting,Patches.zip:Patches/Patches_ICSE/Doverfitting/kPAR/Math/patch1-Math-50-kPAR-plausible.patch,data/normalized_patches/Patches_ICSE__Doverfitting__kPAR__Math__patch1-Math-50-kPAR-plausible.diff,DUP0058,kPAR,True,True,none,,overfitting,,NA,NA,NA,NA,NA,NA
Patches_ICSE__Doverfitting__kPAR__Math__patch1-Math-62-kPAR-plausible,Math-62,Math,62,overfitting,overfitting,Patches.zip:Patches/Patches_ICSE/Doverfitting/kPAR/Math/patch1-Math-62-kPAR-plausible.patch,data/normalized_patches/Patches_ICSE__Doverfitting__kPAR__Math__patch1-Math-62-kPAR-plausible.diff,,kPAR,True,True,none,,overfitting,,NA,NA,NA,NA,NA,NA
Patches_ICSE__Doverfitting__kPAR__Math__patch1-Math-63-kPAR-plausible,Math-63,Math,63,overfitting,overfitting,Patches.zip:Patches/Patches_ICSE/Doverfitting/kPAR/Math/patch1-Math-63-kPAR-plausible.patch,data/normalized_patches/Patches_ICSE__Doverfitting__kPAR__Math__patch1-Math-63-kPAR-plausible.diff,DUP0066,kPAR,True,True,none,,overfitting,,NA,NA,NA,NA,NA,NA
Patches_ICSE__Doverfitting__kPAR__Math__patch1-Math-7-kPAR-plausible,Math-7,Math,7,overfitting,overfitting,Patches.zip:Patches/Patches_ICSE/Doverfitting/kPAR/Math/patch1-Math-7-kPAR-plausible.patch,data/normalized_patches/Patches_ICSE__Doverfitting__kPAR__Math__patch1-Math-7-kPAR-plausible.diff,,kPAR,True,True,none,,overfitting,,NA,NA,NA,NA,NA,NA
Patches_ICSE__Doverfitting__kPAR__Math__patch1-Math-8-kPAR-plausible,Math-8,Math,8,overfitting,overfitting,Patches.zip:Patches/Patches_ICSE/Doverfitting/kPAR/Math/patch1-Math-8-kPAR-plausible.patch,data/normalized_patches/Patches_ICSE__Doverfitting__kPAR__Math__patch1-Math-8-kPAR-plausible.diff,,kPAR,True,True,none,,overfitting,,NA,NA,NA,NA,NA,NA
Patches_ICSE__Doverfitting__kPAR__Math__patch1-Math-80-kPAR-plausible,Math-80,Math,80,overfitting,overfitting,Patches.zip:Patches/Patches_ICSE/Doverfitting/kPAR/Math/patch1-Math-80-kPAR-plausible.patch,data/normalized_patches/Patches_ICSE__Doverfitting__kPAR__Math__patch1-Math-80-kPAR-plausible.diff,DUP0074,kPAR,True,True,none,,overfitting,,NA,NA,NA,NA,NA,NA
Patches_ICSE__Doverfitting__kPAR__Math__patch1-Math-81-kPAR-plausible,Math-81,Math,81,overfitting,overfitting,Patches.zip:Patches/Patches_ICSE/Doverfitting/kPAR/Math/patch1-Math-81-kPAR-plausible.patch,data/normalized_patches/Patches_ICSE__Doverfitting__kPAR__Math__patch1-Math-81-kPAR-plausible.diff,DUP0075,kPAR,True,True,none,,overfitting,,NA,NA,NA,NA,NA,NA
Patches_ICSE__Doverfitting__kPAR__Math__patch1-Math-82-kPAR-plausible,Math-82,Math,82,overfitting,overfitting,Patches.zip:Patches/Patches_ICSE/Doverfitting/kPAR/Math/patch1-Math-82-kPAR-plausible.patch,data/normalized_patches/Patches_ICSE__Doverfitting__kPAR__Math__patch1-Math-82-kPAR-plausible.diff,,kPAR,True,True,none,,overfitting,,NA,NA,NA,NA,NA,NA
Patches_ICSE__Doverfitting__kPAR__Math__patch1-Math-84-kPAR-plausible,Math-84,Math,84,overfitting,overfitting,Patches.zip:Patches/Patches_ICSE/Doverfitting/kPAR/Math/patch1-Math-84-kPAR-plausible.patch,data/normalized_patches/Patches_ICSE__Doverfitting__kPAR__Math__patch1-Math-84-kPAR-plausible.diff,DUP0078,kPAR,True,True,none,,overfitting,,NA,NA,NA,NA,NA,NA
Patches_ICSE__Doverfitting__kPAR__Math__patch1-Math-88-kPAR-plausible,Math-88,Math,88,overfitting,overfitting,Patches.zip:Patches/Patches_ICSE/Doverfitting/kPAR/Math/patch1-Math-88-kPAR-plausible.patch,data/normalized_patches/Patches_ICSE__Doverfitting__kPAR__Math__patch1-Math-88-kPAR-plausible.diff,DUP0081,kPAR,True,True,none,,overfitting,,NA,NA,NA,NA,NA,NA
Patches_ICSE__Doverfitting__kPAR__Time__patch1-Time-17-kPAR-plausible,Time-17,Time,17,overfitting,overfitting,Patches.zip:Patches/Patches_ICSE/Doverfitting/kPAR/Time/patch1-Time-17-kPAR-plausible.patch,data/normalized_patches/Patches_ICSE__Doverfitting__kPAR__Time__patch1-Time-17-kPAR-plausible.diff,,kPAR,True,True,none,,overfitting,,NA,NA,NA,NA,NA,NA
Patches_ICSE__Dsame__ACS__Chart__patch1-Chart-14-ACS,Chart-14,Chart,14,correct,correct,Patches.zip:Patches/Patches_ICSE/Dsame/ACS/Chart/patch1-Chart-14-ACS.patch,data/normalized_patches/Patches_ICSE__Dsame__ACS__Chart__patch1-Chart-14-ACS.diff,,ACS,True,True,none,,correct,,NA,NA,NA,NA,NA,NA
Patches_ICSE__Dsame__ACS__Time__patch1-Time-15-ACS,Time-15,Time,15,correct,correct,Patches.zip:Patches/Patches_ICSE/Dsame/ACS/Time/patch1-Time-15-ACS.patch,data/normalized_patches/Patches_ICSE__Dsame__ACS__Time__patch1-Time-15-ACS.diff,,ACS,True,True,none,,correct,,NA,NA,NA,NA,NA,NA
Patches_ICSE__Dsame__AVATAR__Chart__patch1-Chart-1-AVATAR,Chart-1,Chart,1,correct,correct,Patches.zip:Patches/Patches_ICSE/Dsame/AVATAR/Chart/patch1-Chart-1-AVATAR.patch,data/normalized_patches/Patches_ICSE__Dsame__AVATAR__Chart__patch1-Chart-1-AVATAR.diff,DUP0001,AVATAR,True,True,none,,correct,,NA,NA,NA,NA,NA,NA
Patches_ICSE__Dsame__AVATAR__Chart__patch1-Chart-19-AVATAR,Chart-19,Chart,19,correct,correct,Patches.zip:Patches/Patches_ICSE/Dsame/AVATAR/Chart/patch1-Chart-19-AVATAR.patch,data/normalized_patches/Patches_ICSE__Dsame__AVATAR__Chart__patch1-Chart-19-AVATAR.diff,DUP0012,AVATAR,True,True,none,,correct,,NA,NA,NA,NA,NA,NA
Patches_ICSE__Dsame__AVATAR__Chart__patch1-Chart-24-AVATAR,Chart-24,Chart,24,correct,correct,Patches.zip:Patches/Patches_ICSE/Dsame/AVATAR/Chart/patch1-Chart-24-AVATAR.patch,data/normalized_patches/Patches_ICSE__Dsame__AVATAR__Chart__patch1-Chart-24-AVATAR.diff,DUP0013,AVATAR,True,True,none,,correct,,NA,NA,NA,NA,NA,NA
Patches_ICSE__Dsame__AVATAR__Chart__patch1-Chart-4-AVATAR,Chart-4,Chart,4,correct,correct,Patches.zip:Patches/Patches_ICSE/Dsame/AVATAR/Chart/patch1-Chart-4-AVATAR.patch,data/normalized_patches/Patches_ICSE__Dsame__AVATAR__Chart__patch1-Chart-4-AVATAR.diff,DUP0020,AVATAR,True,True,none,,correct,,NA,NA,NA,NA,NA,NA
Patches_ICSE__Dsame__AVATAR__Closure__patch1-Closure-46-AVATAR,Closure-46,Closure,46,correct,correct,Patches.zip:Patches/Patches_ICSE/Dsame/AVATAR/Closure/patch1-Closure-46-AVATAR.patch,data/normalized_patches/Patches_ICSE__Dsame__AVATAR__Closure__patch1-Closure-46-AVATAR.diff,,AVATAR,True,True,none,,correct,,NA,NA,NA,NA,NA,NA
Patches_ICSE__Dsame__AVATAR__Closure__patch1-Closure-62-AVATAR,Closure-62,Closure,62,correct,correct,Patches.zip:Patches/Patches_ICSE/Dsame/AVATAR/Closure/patch1-Closure-62-AVATAR.patch,data/normalized_patches/Patches_ICSE__Dsame__AVATAR__Closure__patch1-Closure-62-AVATAR.diff,DUP0031,AVATAR,True,True,none,,correct,,NA,NA,NA,NA,NA,NA
Patches_ICSE__Dsame__AVATAR__Closure__patch1-Closure-63-AVATAR,Closure-63,Closure,63,correct,correct,Patches.zip:Patches/Patches_ICSE/Dsame/AVATAR/Closure/patch1-Closure-63-AVATAR.patch,data/normalized_patches/Patches_ICSE__Dsame__AVATAR__Closure__patch1-Closure-63-AVATAR.diff,DUP0032,AVATAR,True,True,none,,correct,,NA,NA,NA,NA,NA,NA
Patches_ICSE__Dsame__AVATAR__Closure__patch1-Closure-73-AVATAR,Closure-73,Closure,73,correct,correct,Patches.zip:Patches/Patches_ICSE/Dsame/AVATAR/Closure/patch1-Closure-73-AVATAR.patch,data/normalized_patches/Patches_ICSE__Dsame__AVATAR__Closure__patch1-Closure-73-AVATAR.diff,DUP0034,AVATAR,True,True,none,,correct,,NA,NA,NA,NA,NA,NA
Patches_ICSE__Dsame__AVATAR__Lang__patch1-Lang-6-AVATAR,Lang-6,Lang,6,correct,correct,Patches.zip:Patches/Patches_ICSE/Dsame/AVATAR/Lang/patch1-Lang-6-AVATAR.patch,data/normalized_patches/Patches_ICSE__Dsame__AVATAR__Lang__patch1-Lang-6-AVATAR.diff,,AVATAR,True,True,none,,correct,,NA,NA,NA,NA,NA,NA
Patches_ICSE__Dsame__AVATAR__Lang__patch1-Lang-7-AVATAR,Lang-7,Lang,7,correct,correct,Patches.zip:Patches/Patches_ICSE/Dsame/AVATAR/Lang/patch1-Lang-7-AVATAR.patch,data/normalized_patches/Patches_ICSE__Dsame__AVATAR__Lang__patch1-Lang-7-AVATAR.diff,,AVATAR,True,True,none,,correct,,NA,NA,NA,NA,NA,NA
Patches_ICSE__Dsame__AVATAR__Math__patch1-Math-4-AVATAR,Math-4,Math,4,correct,correct,Patches.zip:Patches/Patches_ICSE/Dsame/AVATAR/Math/patch1-Math-4-AVATAR.patch,data/normalized_patches/Patches_ICSE__Dsame__AVATAR__Math__patch1-Math-4-AVATAR.diff,,AVATAR,True,True,none,,correct,,NA,NA,NA,NA,NA,NA
Patches_ICSE__Dsame__AVATAR__Math__patch1-Math-59-AVATAR,Math-59,Math,59,correct,correct,Patches.zip:Patches/Patches_ICSE/Dsame/AVATAR/Math/patch1-Math-59-AVATAR.patch,data/normalized_patches/Patches_ICSE__Dsame__AVATAR__Math__patch1-Math-59-AVATAR.diff,DUP0062,AVATAR,True,True,none,,correct,,NA,NA,NA,NA,NA,NA
Patches_ICSE__Dsame__AVATAR__Math__patch1-Math-89-AVATAR,Math-89,Math,89,correct,correct,Patches.zip:Patches/Patches_ICSE/Dsame/AVATAR/Math/patch1-Math-89-AVATAR.patch,data/normalized_patches/Patches_ICSE__Dsame__AVATAR__Math__patch1-Math-89-AVATAR.diff,DUP0082,AVATAR,True,True,none,,correct,,NA,NA,NA,NA,NA,NA
Patches_ICSE__Dsame__Arja__Math__patch1-Math-58-Arja,Math-58,Math,58,correct,correct,Patches.zip:Patches/Patches_ICSE/Dsame/Arja/Math/patch1-Math-58-Arja.patch,data/normalized_patches/Patches_ICSE__Dsame__Arja__Math__patch1-Math-58-Arja.diff,DUP0061,Arja,True,True,none,,correct,,NA,NA,NA,NA,NA,NA
Patches_ICSE__Dsame__Arja__Math__patch1-Math-98-Arja,Math-98,Math,98,correct,correct,Patches.zip:Patches/Patches_ICSE/Dsame/Arja/Math/patch1-Math-98-Arja.patch,data/normalized_patches/Patches_ICSE__Dsame__Arja__Math__patch1-Math-98-Arja.diff,,Arja,True,True,none,,correct,,NA,NA,NA,NA,NA,NA
Patches_ICSE__Dsame__Cardumen__Math__patch1-Math-70-Cardumen,Math-70,Math,70,correct,correct,Patches.zip:Patches/Patches_ICSE/Dsame/Cardumen/Math/patch1-Math-70-Cardumen.patch,data/normalized_patches/Patches_ICSE__Dsame__Cardumen__Math__patch1-Math-70-Cardumen.diff,DUP0067,Cardumen,True,True,none,,correct,,NA,NA,NA,NA,NA,NA
Patches_ICSE__Dsame__FixMiner__Chart__patch1-Chart-1-FixMiner,Chart-1,Chart,1,correct,correct,Patches.zip:Patches/Patches_ICSE/Dsame/FixMiner/Chart/patch1-Chart-1-FixMiner.patch,data/normalized_patches/Patches_ICSE__Dsame__FixMiner__Chart__patch1-Chart-1-FixMiner.diff,DUP0001,FixMiner,True,True,none,,correct,,NA,NA,NA,NA,NA,NA
Patches_ICSE__Dsame__FixMiner__Chart__patch1-Chart-19-FixMiner,Chart-19,Chart,19,correct,correct,Patches.zip:Patches/Patches_ICSE/Dsame/FixMiner/Chart/patch1-Chart-19-FixMiner.patch,data/normalized_patches/Patches_ICSE__Dsame__FixMiner__Chart__patch1-Chart-19-FixMiner.diff,DUP0012,FixMiner,True,True,none,,correct,,NA,NA,NA,NA,NA,NA
Patches_ICSE__Dsame__FixMiner__Chart__patch1-Chart-4-FixMiner,Chart-4,Chart,4,correct,correct,Patches.zip:Patches/Patches_ICSE/Dsame/FixMiner/Chart/patch1-Chart-4-FixMiner.patch,data/normalized_patches/Patches_ICSE__Dsame__FixMiner__Chart__patch1-Chart-4-FixMiner.diff,DUP0020,FixMiner,True,True,none,,correct,,NA,NA,NA,NA,NA,NA
Patches_ICSE__Dsame__FixMiner__Math__patch1-Math-22-FixMiner,Math-22,Math,22,correct,correct,Patches.zip:Patches/Patches_ICSE/Dsame/FixMiner/Math/patch1-Math-22-FixMiner.patch,data/normalized_patches/Patches_ICSE__Dsame__FixMiner__Math__patch1-Math-22-FixMiner.diff,,FixMiner,True,True,none,,correct,,NA,NA,NA,NA,NA,NA
Patches_ICSE__Dsame__FixMiner__Math__patch1-Math-30-FixMiner,Math-30,Math,30,correct,correct,Patches.zip:Patches/Patches_ICSE/Dsame/FixMiner/Math/patch1-Math-30-FixMiner.patch,data/normalized_patches/Patches_ICSE__Dsame__FixMiner__Math__patch1-Math-30-FixMiner.diff,,FixMiner,True,True,none,,correct,,NA,NA,NA,NA,NA,NA
Patches_ICSE__Dsame__FixMiner__Math__patch1-Math-34-FixMiner,Math-34,Math,34,correct,correct,Patches.zip:Patches/Patches_ICSE/Dsame/FixMiner/Math/patch1-Math-34-FixMiner.patch,data/normalized_patches/Patches_ICSE__Dsame__FixMiner__Math__patch1-Math-34-FixMiner.diff,,FixMiner,True,True,none,,correct,,NA,NA,NA,NA,NA,NA
Patches_ICSE__Dsame__FixMiner__Math__patch1-Math-57-FixMiner,Math-57,Math,57,correct,correct,Patches.zip:Patches/Patches_ICSE/Dsame/FixMiner/Math/patch1-Math-57-FixMiner.patch,data/normalized_patches/Patches_ICSE__Dsame__FixMiner__Math__patch1-Math-57-FixMiner.diff,DUP0060,FixMiner,True,True,none,,correct,,NA,NA,NA,NA,NA,NA
Patches_ICSE__Dsame__FixMiner__Math__patch1-Math-70-FixMiner,Math-70,Math,70,correct,correct,Patches.zip:Patches/Patches_ICSE/Dsame/FixMiner/Math/patch1-Math-70-FixMiner.patch,data/normalized_patches/Patches_ICSE__Dsame__FixMiner__Math__patch1-Math-70-FixMiner.diff,DUP0067,FixMiner,True,True,none,,correct,,NA,NA,NA,NA,NA,NA
Patches_ICSE__Dsame__FixMiner__Math__patch1-Math-75-FixMiner,Math-75,Math,75,correct,correct,Patches.zip:Patches/Patches_ICSE/Dsame/FixMiner/Math/patch1-Math-75-FixMiner.patch,data/normalized_patches/Patches_ICSE__Dsame__FixMiner__Math__patch1-Math-75-FixMiner.diff,DUP0070,FixMiner,True,True,none,,correct,,NA,NA,NA,NA,NA,NA
Patches_ICSE__Dsame__FixMiner__Math__patch1-Math-79-FixMiner,Math-79,Math,79,correct,correct,Patches.zip:Patches/Patches_ICSE/Dsame/FixMiner/Math/patch1-Math-79-FixMiner.patch,data/normalized_patches/Patches_ICSE__Dsame__FixMiner__Math__patch1-Math-79-FixMiner.diff,DUP0071,FixMiner,True,True,none,,correct,,NA,NA,NA,NA,NA,NA
Patches_ICSE__Dsame__RSRepair__Closure__patch1-Closure-126-RSRepair,Closure-126,Closure,126,correct,correct,Patches.zip:Patches/Patches_ICSE/Dsame/RSRepair/Closure/patch1-Closure-126-RSRepair.patch,data/normalized_patches/Patches_ICSE__Dsame__RSRepair__Closure__patch1-Closure-126-RSRepair.diff,,RSRepair,True,True,none,,correct,,NA,NA,NA,NA,NA,NA
Patches_ICSE__Dsame__SimFix__Chart__patch1-Chart-1-SimFix,Chart-1,Chart,1,correct,correct,Patches.zip:Patches/Patches_ICSE/Dsame/SimFix/Chart/patch1-Chart-1-SimFix.patch,data/normalized_patches/Patches_ICSE__Dsame__SimFix__Chart__patch1-Chart-1-SimFix.diff,DUP0001,SimFix,True,True,none,,correct,,NA,NA,NA,NA,NA,NA
Patches_ICSE__Dsame__SimFix__Chart__patch1-Chart-7-SimFix,Chart-7,Chart,7,correct,correct,Patches.zip:Patches/Patches_ICSE/Dsame/SimFix/Chart/patch1-Chart-7-SimFix.patch,data/normalized_patches/Patches_ICSE__Dsame__SimFix__Chart__patch1-Chart-7-SimFix.diff,,SimFix,True,True,none,,correct,,NA,NA,NA,NA,NA,NA
Patches_ICSE__Dsame__SimFix__Closure__patch1-Closure-62-SimFix,Closure-62,Closure,62,correct,correct,Patches.zip:Patches/Patches_ICSE/Dsame/SimFix/Closure/patch1-Closure-62-SimFix.patch,data/normalized_patches/Patches_ICSE__Dsame__SimFix__Closure__patch1-Closure-62-SimFix.diff,DUP0031,SimFix,True,True,none,,correct,,NA,NA,NA,NA,NA,NA
Patches_ICSE__Dsame__SimFix__Closure__patch1-Closure-63-SimFix,Closure-63,Closure,63,correct,correct,Patches.zip:Patches/Patches_ICSE/Dsame/SimFix/Closure/patch1-Closure-63-SimFix.patch,data/normalized_patches/Patches_ICSE__Dsame__SimFix__Closure__patch1-Closure-63-SimFix.diff,DUP0032,SimFix,True,True,none,,correct,,NA,NA,NA,NA,NA,NA
Patches_ICSE__Dsame__SimFix__Closure__patch1-Closure-73-SimFix,Closure-73,Closure,73,correct,correct,Patches.zip:Patches/Patches_ICSE/Dsame/SimFix/Closure/patch1-Closure-73-SimFix.patch,data/normalized_patches/Patches_ICSE__Dsame__SimFix__Closure__patch1-Closure-73-SimFix.diff,DUP0034,SimFix,True,True,none,,correct,,NA,NA,NA,NA,NA,NA
Patches_ICSE__Dsame__SimFix__Lang__patch1-Lang-33-SimFix,Lang-33,Lang,33,correct,correct,Patches.zip:Patches/Patches_ICSE/Dsame/SimFix/Lang/patch1-Lang-33-SimFix.patch,data/normalized_patches/Patches_ICSE__Dsame__SimFix__Lang__patch1-Lang-33-SimFix.diff,,SimFix,True,True,none,,correct,,NA,NA,NA,NA,NA,NA
Patches_ICSE__Dsame__SimFix__Lang__patch1-Lang-39-SimFix,Lang-39,Lang,39,correct,correct,Patches.zip:Patches/Patches_ICSE/Dsame/SimFix/Lang/patch1-Lang-39-SimFix.patch,data/normalized_patches/Patches_ICSE__Dsame__SimFix__Lang__patch1-Lang-39-SimFix.diff,,SimFix,True,True,none,,correct,,NA,NA,NA,NA,NA,NA
Patches_ICSE__Dsame__SimFix__Lang__patch1-Lang-43-SimFix,Lang-43,Lang,43,correct,correct,Patches.zip:Patches/Patches_ICSE/Dsame/SimFix/Lang/patch1-Lang-43-SimFix.patch,data/normalized_patches/Patches_ICSE__Dsame__SimFix__Lang__patch1-Lang-43-SimFix.diff,,SimFix,True,True,none,,correct,,NA,NA,NA,NA,NA,NA
Patches_ICSE__Dsame__SimFix__Lang__patch1-Lang-58-SimFix,Lang-58,Lang,58,correct,correct,Patches.zip:Patches/Patches_ICSE/Dsame/SimFix/Lang/patch1-Lang-58-SimFix.patch,data/normalized_patches/Patches_ICSE__Dsame__SimFix__Lang__patch1-Lang-58-SimFix.diff,,SimFix,True,True,none,,correct,,NA,NA,NA,NA,NA,NA
Patches_ICSE__Dsame__SimFix__Math__patch1-Math-41-SimFix,Math-41,Math,41,correct,correct,Patches.zip:Patches/Patches_ICSE/Dsame/SimFix/Math/patch1-Math-41-SimFix.patch,data/normalized_patches/Patches_ICSE__Dsame__SimFix__Math__patch1-Math-41-SimFix.diff,,SimFix,True,True,none,,correct,,NA,NA,NA,NA,NA,NA
Patches_ICSE__Dsame__SimFix__Math__patch1-Math-5-SimFix,Math-5,Math,5,correct,correct,Patches.zip:Patches/Patches_ICSE/Dsame/SimFix/Math/patch1-Math-5-SimFix.patch,data/normalized_patches/Patches_ICSE__Dsame__SimFix__Math__patch1-Math-5-SimFix.diff,DUP0056,SimFix,True,True,none,,correct,,NA,NA,NA,NA,NA,NA
Patches_ICSE__Dsame__SimFix__Math__patch1-Math-53-SimFix,Math-53,Math,53,correct,correct,Patches.zip:Patches/Patches_ICSE/Dsame/SimFix/Math/patch1-Math-53-SimFix.patch,data/normalized_patches/Patches_ICSE__Dsame__SimFix__Math__patch1-Math-53-SimFix.diff,,SimFix,True,True,none,,correct,,NA,NA,NA,NA,NA,NA
Patches_ICSE__Dsame__SimFix__Math__patch1-Math-57-SimFix,Math-57,Math,57,correct,correct,Patches.zip:Patches/Patches_ICSE/Dsame/SimFix/Math/patch1-Math-57-SimFix.patch,data/normalized_patches/Patches_ICSE__Dsame__SimFix__Math__patch1-Math-57-SimFix.diff,DUP0060,SimFix,True,True,none,,correct,,NA,NA,NA,NA,NA,NA
Patches_ICSE__Dsame__SimFix__Math__patch1-Math-59-SimFix,Math-59,Math,59,correct,correct,Patches.zip:Patches/Patches_ICSE/Dsame/SimFix/Math/patch1-Math-59-SimFix.patch,data/normalized_patches/Patches_ICSE__Dsame__SimFix__Math__patch1-Math-59-SimFix.diff,DUP0062,SimFix,True,True,none,,correct,,NA,NA,NA,NA,NA,NA
Patches_ICSE__Dsame__SimFix__Math__patch1-Math-70-SimFix,Math-70,Math,70,correct,correct,Patches.zip:Patches/Patches_ICSE/Dsame/SimFix/Math/patch1-Math-70-SimFix.patch,data/normalized_patches/Patches_ICSE__Dsame__SimFix__Math__patch1-Math-70-SimFix.diff,DUP0067,SimFix,True,True,none,,correct,,NA,NA,NA,NA,NA,NA
Patches_ICSE__Dsame__SimFix__Math__patch1-Math-75-SimFix,Math-75,Math,75,correct,correct,Patches.zip:Patches/Patches_ICSE/Dsame/SimFix/Math/patch1-Math-75-SimFix.patch,data/normalized_patches/Patches_ICSE__Dsame__SimFix__Math__patch1-Math-75-SimFix.diff,DUP0070,SimFix,True,True,none,,correct,,NA,NA,NA,NA,NA,NA
Patches_ICSE__Dsame__SimFix__Math__patch1-Math-79-SimFix,Math-79,Math,79,correct,correct,Patches.zip:Patches/Patches_ICSE/Dsame/SimFix/Math/patch1-Math-79-SimFix.patch,data/normalized_patches/Patches_ICSE__Dsame__SimFix__Math__patch1-Math-79-SimFix.diff,DUP0071,SimFix,True,True,none,,correct,,NA,NA,NA,NA,NA,NA
Patches_ICSE__Dsame__TBar__Chart__patch1-Chart-1-TBar,Chart-1,Chart,1,correct,correct,Patches.zip:Patches/Patches_ICSE/Dsame/TBar/Chart/patch1-Chart-1-TBar.patch,data/normalized_patches/Patches_ICSE__Dsame__TBar__Chart__patch1-Chart-1-TBar.diff,DUP0001,TBar,True,True,none,,correct,,NA,NA,NA,NA,NA,NA
Patches_ICSE__Dsame__TBar__Chart__patch1-Chart-19-TBar,Chart-19,Chart,19,correct,correct,Patches.zip:Patches/Patches_ICSE/Dsame/TBar/Chart/patch1-Chart-19-TBar.patch,data/normalized_patches/Patches_ICSE__Dsame__TBar__Chart__patch1-Chart-19-TBar.diff,DUP0012,TBar,True,True,none,,correct,,NA,NA,NA,NA,NA,NA
Patches_ICSE__Dsame__TBar__Chart__patch1-Chart-20-TBar,Chart-20,Chart,20,correct,correct,Patches.zip:Patches/Patches_ICSE/Dsame/TBar/Chart/patch1-Chart-20-TBar.patch,data/normalized_patches/Patches_ICSE__Dsame__TBar__Chart__patch1-Chart-20-TBar.diff,,TBar,True,True,none,,correct,,NA,NA,NA,NA,NA,NA
Patches_ICSE__Dsame__TBar__Chart__patch1-Chart-24-TBar,Chart-24,Chart,24,correct,correct,Patches.zip:Patches/Patches_ICSE/Dsame/TBar/Chart/patch1-Chart-24-TBar.patch,data/normalized_patches/Patches_ICSE__Dsame__TBar__Chart__patch1-Chart-24-TBar.diff,DUP0013,TBar,True,True,none,,correct,,NA,NA,NA,NA,NA,NA
Patches_ICSE__Dsame__TBar__Chart__patch1-Chart-4-TBar,Chart-4,Chart,4,correct,correct,Patches.zip:Patches/Patches_ICSE/Dsame/TBar/Chart/patch1-Chart-4-TBar.patch,data/normalized_patches/Patches_ICSE__Dsame__TBar__Chart__patch1-Chart-4-TBar.diff,DUP0020,TBar,True,True,none,,correct,,NA,NA,NA,NA,NA,NA
Patches_ICSE__Dsame__TBar__Chart__patch1-Chart-9-TBar,Chart-9,Chart,9,correct,correct,Patches.zip:Patches/Patches_ICSE/Dsame/TBar/Chart/patch1-Chart-9-TBar.patch,data/normalized_patches/Patches_ICSE__Dsame__TBar__Chart__patch1-Chart-9-TBar.diff,,TBar,True,True,none,,correct,,NA,NA,NA,NA,NA,NA
Patches_ICSE__Dsame__TBar__Closure__patch1-Closure-62-TBar,Closure-62,Closure,62,correct,correct,Patches.zip:Patches/Patches_ICSE/Dsame/TBar/Closure/patch1-Closure-62-TBar.patch,data/normalized_patches/Patches_ICSE__Dsame__TBar__Closure__patch1-Closure-62-TBar.diff,DUP0031,TBar,True,True,none,,correct,,NA,NA,NA,NA,NA,NA
Patches_ICSE__Dsame__TBar__Closure__patch1-Closure-63-TBar,Closure-63,Closure,63,correct,correct,Patches.zip:Patches/Patches_ICSE/Dsame/TBar/Closure/patch1-Closure-63-TBar.patch,data/normalized_patches/Patches_ICSE__Dsame__TBar__Closure__patch1-Closure-63-TBar.diff,DUP0032,TBar,True,True,none,,correct,,NA,NA,NA,NA,NA,NA
Patches_ICSE__Dsame__TBar__Closure__patch1-Closure-73-TBar,Closure-73,Closure,73,correct,correct,Patches.zip:Patches/Patches_ICSE/Dsame/TBar/Closure/patch1-Closure-73-TBar.patch,data/normalized_patches/Patches_ICSE__Dsame__TBar__Closure__patch1-Closure-73-TBar.diff,DUP0034,TBar,True,True,none,,correct,,NA,NA,NA,NA,NA,NA
Patches_ICSE__Dsame__TBar__Lang__patch1-Lang-57-TBar,Lang-57,Lang,57,correct,correct,Patches.zip:Patches/Patches_ICSE/Dsame/TBar/Lang/patch1-Lang-57-TBar.patch,data/normalized_patches/Patches_ICSE__Dsame__TBar__Lang__patch1-Lang-57-TBar.diff,,TBar,True,True,none,,correct,,NA,NA,NA,NA,NA,NA
Patches_ICSE__Dsame__TBar__Lang__patch1-Lang-59-TBar,Lang-59,Lang,59,correct,correct,Patches.zip:Patches/Patches_ICSE/Dsame/TBar/Lang/patch1-Lang-59-TBar.patch,data/normalized_patches/Patches_ICSE__Dsame__TBar__Lang__patch1-Lang-59-TBar.diff,,TBar,True,True,none,,correct,,NA,NA,NA,NA,NA,NA
Patches_ICSE__Dsame__TBar__Math__patch1-Math-5-TBar,Math-5,Math,5,correct,correct,Patches.zip:Patches/Patches_ICSE/Dsame/TBar/Math/patch1-Math-5-TBar.patch,data/normalized_patches/Patches_ICSE__Dsame__TBar__Math__patch1-Math-5-TBar.diff,DUP0056,TBar,True,True,none,,correct,,NA,NA,NA,NA,NA,NA
Patches_ICSE__Dsame__TBar__Math__patch1-Math-57-TBar,Math-57,Math,57,correct,correct,Patches.zip:Patches/Patches_ICSE/Dsame/TBar/Math/patch1-Math-57-TBar.patch,data/normalized_patches/Patches_ICSE__Dsame__TBar__Math__patch1-Math-57-TBar.diff,DUP0060,TBar,True,True,none,,correct,,NA,NA,NA,NA,NA,NA
Patches_ICSE__Dsame__TBar__Math__patch1-Math-70-TBar,Math-70,Math,70,correct,correct,Patches.zip:Patches/Patches_ICSE/Dsame/TBar/Math/patch1-Math-70-TBar.patch,data/normalized_patches/Patches_ICSE__Dsame__TBar__Math__patch1-Math-70-TBar.diff,DUP0067,TBar,True,True,none,,correct,,NA,NA,NA,NA,NA,NA
Patches_ICSE__Dsame__TBar__Math__patch1-Math-75-TBar,Math-75,Math,75,correct,correct,Patches.zip:Patches/Patches_ICSE/Dsame/TBar/Math/patch1-Math-75-TBar.patch,data/normalized_patches/Patches_ICSE__Dsame__TBar__Math__patch1-Math-75-TBar.diff,DUP0070,TBar,True,True,none,,correct,,NA,NA,NA,NA,NA,NA
Patches_ICSE__Dsame__TBar__Math__patch1-Math-79-TBar,Math-79,Math,79,correct,correct,Patches.zip:Patches/Patches_ICSE/Dsame/TBar/Math/patch1-Math-79-TBar.patch,data/normalized_patches/Patches_ICSE__Dsame__TBar__Math__patch1-Math-79-TBar.diff,DUP0071,TBar,True,True,none,,correct,,NA,NA,NA,NA,NA,NA
Patches_ICSE__Dsame__TBar__Math__patch1-Math-89-TBar,Math-89,Math,89,correct,correct,Patches.zip:Patches/Patches_ICSE/Dsame/TBar/Math/patch1-Math-89-TBar.patch,data/normalized_patches/Patches_ICSE__Dsame__TBar__Math__patch1-Math-89-TBar.diff,DUP0082,TBar,True,True,none,,correct,,NA,NA,NA,NA,NA,NA
Patches_ICSE__Dsame__jGenProg__Math__patch1-Math-70-jGenProg,Math-70,Math,70,correct,correct,Patches.zip:Patches/Patches_ICSE/Dsame/jGenProg/Math/patch1-Math-70-jGenProg.patch,data/normalized_patches/Patches_ICSE__Dsame__jGenProg__Math__patch1-Math-70-jGenProg.diff,DUP0067,jGenProg,True,True,none,,correct,,NA,NA,NA,NA,NA,NA
Patches_ICSE__Dsame__jMutRepair__Chart__patch1-Chart-1-jMutRepair,Chart-1,Chart,1,correct,correct,Patches.zip:Patches/Patches_ICSE/Dsame/jMutRepair/Chart/patch1-Chart-1-jMutRepair.patch,data/normalized_patches/Patches_ICSE__Dsame__jMutRepair__Chart__patch1-Chart-1-jMutRepair.diff,DUP0001,jMutRepair,True,True,none,,correct,,NA,NA,NA,NA,NA,NA
Patches_ICSE__Dsame__jMutRepair__Closure__patch1-Closure-62-jMutRepair,Closure-62,Closure,62,correct,correct,Patches.zip:Patches/Patches_ICSE/Dsame/jMutRepair/Closure/patch1-Closure-62-jMutRepair.patch,data/normalized_patches/Patches_ICSE__Dsame__jMutRepair__Closure__patch1-Closure-62-jMutRepair.diff,,jMutRepair,True,True,none,,correct,,NA,NA,NA,NA,NA,NA
Patches_ICSE__Dsame__jMutRepair__Closure__patch1-Closure-63-jMutRepair,Closure-63,Closure,63,correct,correct,Patches.zip:Patches/Patches_ICSE/Dsame/jMutRepair/Closure/patch1-Closure-63-jMutRepair.patch,data/normalized_patches/Patches_ICSE__Dsame__jMutRepair__Closure__patch1-Closure-63-jMutRepair.diff,,jMutRepair,True,True,none,,correct,,NA,NA,NA,NA,NA,NA
Patches_ICSE__Dsame__jMutRepair__Math__patch1-Math-82-jMutRepair,Math-82,Math,82,correct,correct,Patches.zip:Patches/Patches_ICSE/Dsame/jMutRepair/Math/patch1-Math-82-jMutRepair.patch,data/normalized_patches/Patches_ICSE__Dsame__jMutRepair__Math__patch1-Math-82-jMutRepair.diff,,jMutRepair,True,True,none,,correct,,NA,NA,NA,NA,NA,NA
Patches_ICSE__Dsame__jMutRepair__Math__patch1-Math-85-jMutRepair,Math-85,Math,85,correct,correct,Patches.zip:Patches/Patches_ICSE/Dsame/jMutRepair/Math/patch1-Math-85-jMutRepair.patch,data/normalized_patches/Patches_ICSE__Dsame__jMutRepair__Math__patch1-Math-85-jMutRepair.diff,,jMutRepair,True,True,none,,correct,,NA,NA,NA,NA,NA,NA
Patches_ICSE__Dsame__kPAR__Chart__patch1-Chart-1-kPAR,Chart-1,Chart,1,correct,correct,Patches.zip:Patches/Patches_ICSE/Dsame/kPAR/Chart/patch1-Chart-1-kPAR.patch,data/normalized_patches/Patches_ICSE__Dsame__kPAR__Chart__patch1-Chart-1-kPAR.diff,DUP0001,kPAR,True,True,none,,correct,,NA,NA,NA,NA,NA,NA
Patches_ICSE__Dsame__kPAR__Chart__patch1-Chart-19-kPAR,Chart-19,Chart,19,correct,correct,Patches.zip:Patches/Patches_ICSE/Dsame/kPAR/Chart/patch1-Chart-19-kPAR.patch,data/normalized_patches/Patches_ICSE__Dsame__kPAR__Chart__patch1-Chart-19-kPAR.diff,DUP0012,kPAR,True,True,none,,correct,,NA,NA,NA,NA,NA,NA
Patches_ICSE__Dsame__kPAR__Chart__patch1-Chart-4-kPAR,Chart-4,Chart,4,correct,correct,Patches.zip:Patches/Patches_ICSE/Dsame/kPAR/Chart/patch1-Chart-4-kPAR.patch,data/normalized_patches/Patches_ICSE__Dsame__kPAR__Chart__patch1-Chart-4-kPAR.diff,DUP0020,kPAR,True,True,none,,correct,,NA,NA,NA,NA,NA,NA
Patches_ICSE__Dsame__kPAR__Closure__patch1-Closure-73-kPAR,Closure-73,Closure,73,correct,correct,Patches.zip:Patches/Patches_ICSE/Dsame/kPAR/Closure/patch1-Closure-73-kPAR.patch,data/normalized_patches/Patches_ICSE__Dsame__kPAR__Closure__patch1-Closure-73-kPAR.diff,DUP0034,kPAR,True,True,none,,correct,,NA,NA,NA,NA,NA,NA
Patches_ICSE__Dsame__kPAR__Math__patch1-Math-58-kPAR,Math-58,Math,58,correct,correct,Patches.zip:Patches/Patches_ICSE/Dsame/kPAR/Math/patch1-Math-58-kPAR.patch,data/normalized_patches/Patches_ICSE__Dsame__kPAR__Math__patch1-Math-58-kPAR.diff,DUP0061,kPAR,True,True,none,,correct,,NA,NA,NA,NA,NA,NA
Patches_ICSE__Dsame__kPAR__Math__patch1-Math-70-kPAR,Math-70,Math,70,correct,correct,Patches.zip:Patches/Patches_ICSE/Dsame/kPAR/Math/patch1-Math-70-kPAR.patch,data/normalized_patches/Patches_ICSE__Dsame__kPAR__Math__patch1-Math-70-kPAR.diff,DUP0067,kPAR,True,True,none,,correct,,NA,NA,NA,NA,NA,NA
Patches_ICSE__Dsame__kPAR__Math__patch1-Math-75-kPAR,Math-75,Math,75,correct,correct,Patches.zip:Patches/Patches_ICSE/Dsame/kPAR/Math/patch1-Math-75-kPAR.patch,data/normalized_patches/Patches_ICSE__Dsame__kPAR__Math__patch1-Math-75-kPAR.diff,DUP0070,kPAR,True,True,none,,correct,,NA,NA,NA,NA,NA,NA
Patches_ICSE__Dsame__kPAR__Math__patch1-Math-89-kPAR,Math-89,Math,89,correct,correct,Patches.zip:Patches/Patches_ICSE/Dsame/kPAR/Math/patch1-Math-89-kPAR.patch,data/normalized_patches/Patches_ICSE__Dsame__kPAR__Math__patch1-Math-89-kPAR.diff,DUP0082,kPAR,True,True,none,,correct,,NA,NA,NA,NA,NA,NA
Patches_ICSE__Error__patch1-Chart-12-FixMiner-plausible,Chart-12,Chart,12,,,Patches.zip:Patches/Patches_ICSE/Error/patch1-Chart-12-FixMiner-plausible.patch,data/normalized_patches/Patches_ICSE__Error__patch1-Chart-12-FixMiner-plausible.diff,DUP0006,FixMiner,False,False,none,failed_plausibility:FixMiner-Chart-12,,failed_plausibility:FixMiner-Chart-12,NA,NA,NA,NA,NA,NA
Patches_ICSE__Error__patch1-Chart-12-kPAR-plausible,Chart-12,Chart,12,,,Patches.zip:Patches/Patches_ICSE/Error/patch1-Chart-12-kPAR-plausible.patch,data/normalized_patches/Patches_ICSE__Error__patch1-Chart-12-kPAR-plausible.diff,DUP0006,kPAR,False,False,none,failed_plausibility:kPAR-Chart-12,,failed_plausibility:kPAR-Chart-12,NA,NA,NA,NA,NA,NA
Patches_ICSE__Error__patch1-Closure-106-SimFix-plausible,Closure-106,Closure,106,,,Patches.zip:Patches/Patches_ICSE/Error/patch1-Closure-106-SimFix-plausible.patch,data/normalized_patches/Patches_ICSE__Error__patch1-Closure-106-SimFix-plausible.diff,DUP0022,SimFix,False,False,none,unlabeled_folders:Error,,unlabeled_folders:Error,NA,NA,NA,NA,NA,NA
Patches_others__Dcorrect__CapGen__Chart__patch1-Chart-1-CapGen,Chart-1,Chart,1,correct,correct,Patches.zip:Patches/Patches_others/Dcorrect/CapGen/Chart/patch1-Chart-1-CapGen.patch,data/normalized_patches/Patches_others__Dcorrect__CapGen__Chart__patch1-Chart-1-CapGen.diff,DUP0002,CapGen,True,True,none,,correct,,NA,NA,NA,NA,NA,NA
Patches_others__Dcorrect__CapGen__Chart__patch1-Chart-11-CapGen,Chart-11,Chart,11,correct,correct,Patches.zip:Patches/Patches_others/Dcorrect/CapGen/Chart/patch1-Chart-11-CapGen.patch,data/normalized_patches/Patches_others__Dcorrect__CapGen__Chart__patch1-Chart-11-CapGen.diff,DUP0003,CapGen,True,True,none,,correct,,NA,NA,NA,NA,NA,NA
Patches_others__Dcorrect__CapGen__Chart__patch1-Chart-24-CapGen,Chart-24,Chart,24,correct,correct,Patches.zip:Patches/Patches_others/Dcorrect/CapGen/Chart/patch1-Chart-24-CapGen.patch,data/normalized_patches/Patches_others__Dcorrect__CapGen__Chart__patch1-Chart-24-CapGen.diff,DUP0014,CapGen,True,True,none,,correct,,NA,NA,NA,NA,NA,NA
Patches_others__Dcorrect__CapGen__Chart__patch1-Chart-8-CapGen,Chart-8,Chart,8,correct,correct,Patches.zip:Patches/Patches_others/Dcorrect/CapGen/Chart/patch1-Chart-8-CapGen.patch,data/normalized_patches/Patches_others__Dcorrect__CapGen__Chart__patch1-Chart-8-CapGen.diff,,CapGen,True,True,none,,correct,,NA,NA,NA,NA,NA,NA
Patches_others__Dcorrect__CapGen__Chart__patch2-Chart-11-CapGen,Chart-11,Chart,11,correct,correct,Patches.zip:Patches/Patches_others/Dcorrect/CapGen/Chart/patch2-Chart-11-CapGen.patch,data/normalized_patches/Patches_others__Dcorrect__CapGen__Chart__patch2-Chart-11-CapGen.diff,DUP0004,CapGen,True,True,none,,correct,,NA,NA,NA,NA,NA,NA
Patches_others__Dcorrect__CapGen__Lang__patch1-Lang-26-CapGen,Lang-26,Lang,26,correct,correct,Patches.zip:Patches/Patches_others/Dcorrect/CapGen/Lang/patch1-Lang-26-CapGen.patch,data/normalized_patches/Patches_others__Dcorrect__CapGen__Lang__patch1-Lang-26-CapGen.diff,,CapGen,True,True,none,,correct,,NA,NA,NA,NA,NA,NA
Patches_others__Dcorrect__CapGen__Lang__patch1-Lang-43-CapGen,Lang-43,Lang,43,overfitting,correct,Patches.zip:Patches/Patches_others/Dcorrect/CapGen/Lang/patch1-Lang-43-CapGen.patch,data/normalized_patches/Patches_others__Dcorrect__CapGen__Lang__patch1-Lang-43-CapGen.diff,,CapGen,True,False,corrected:correct->overfitting,,,mislabeled:patch1-Lang-43-CapGen,NA,NA,NA,NA,NA,NA
Patches_others__Dcorrect__CapGen__Lang__patch1-Lang-57-CapGen,Lang-57,Lang,57,correct,correct,Patches.zip:Patches/Patches_others/Dcorrect/CapGen/Lang/patch1-Lang-57-CapGen.patch,data/normalized_patches/Patches_others__Dcorrect__CapGen__Lang__patch1-Lang-57-CapGen.diff,,CapGen,True,True,none,,correct,,NA,NA,NA,NA,NA,NA
Patches_others__Dcorrect__CapGen__Lang__patch1-Lang-59-CapGen,Lang-59,Lang,59,correct,correct,Patches.zip:Patches/Patches_others/Dcorrect/CapGen/Lang/patch1-Lang-59-CapGen.patch,data/normalized_patches/Patches_others__Dcorrect__CapGen__Lang__patch1-Lang-59-CapGen.diff,DUP0044,CapGen,True,True,none,,correct,,NA,NA,NA,NA,NA,NA
Patches_others__Dcorrect__CapGen__Lang__patch1-Lang-6-CapGen,Lang-6,Lang,6,correct,correct,Patches.zip:Patches/Patches_others/Dcorrect/CapGen/Lang/patch1-Lang-6-CapGen.patch,data/normalized_patches/Patches_others__Dcorrect__CapGen__Lang__patch1-Lang-6-CapGen.diff,DUP0045,CapGen,True,True,none,,correct,,NA,NA,NA,NA,NA,NA
Patches_others__Dcorrect__CapGen__Lang__patch2-Lang-43-CapGen,Lang-43,Lang,43,overfitting,correct,Patches.zip:Patches/Patches_others/Dcorrect/CapGen/Lang/patch2-Lang-43-CapGen.patch,data/normalized_patches/Patches_others__Dcorrect__CapGen__Lang__patch2-Lang-43-CapGen.diff,,CapGen,True,False,corrected:correct->overfitting,,,mislabeled:patch2-Lang-43-CapGen,NA,NA,NA,NA,NA,NA
Patches_others__Dcorrect__CapGen__Lang__patch2-Lang-57-CapGen,Lang-57,Lang,57,correct,correct,Patches.zip:Patches/Patches_others/Dcorrect/CapGen/Lang/patch2-Lang-57-CapGen.patch,data/normalized_patches/Patches_others__Dcorrect__CapGen__Lang__patch2-Lang-57-CapGen.diff,,CapGen,True,True,none,,correct,,NA,NA,NA,NA,NA,NA
Patches_others__Dcorrect__CapGen__Lang__patch3-Lang-43-CapGen,Lang-43,Lang,43,correct,correct,Patches.zip:Patches/Patches_others/Dcorrect/CapGen/Lang/patch3-Lang-43-CapGen.patch,data/normalized_patches/Patches_others__Dcorrect__CapGen__Lang__patch3-Lang-43-CapGen.diff,,CapGen,True,True,none,,correct,,NA,NA,NA,NA,NA,NA
Patches_others__Dcorrect__CapGen__Lang__patch3-Lang-57-CapGen,Lang-57,Lang,57,correct,correct,Patches.zip:Patches/Patches_others/Dcorrect/CapGen/Lang/patch3-Lang-57-CapGen.patch,data/normalized_patches/Patches_others__Dcorrect__CapGen__Lang__patch3-Lang-57-CapGen.diff,,CapGen,True,True,none,,correct,,NA,NA,NA,NA,NA,NA
Patches_others__Dcorrect__CapGen__Math__patch1-Math-30-CapGen,Math-30,Math,30,correct,correct,Patches.zip:Patches/Patches_others/Dcorrect/CapGen/Math/patch1-Math-30-CapGen.patch,data/normalized_patches/Patches_others__Dcorrect__CapGen__Math__patch1-Math-30-CapGen.diff,,CapGen,True,True,none,,correct,,NA,NA,NA,NA,NA,NA
Patches_others__Dcorrect__CapGen__Math__patch1-Math-33-CapGen,Math-33,Math,33,correct,correct,Patches.zip:Patches/Patches_others/Dcorrect/CapGen/Math/patch1-Math-33-CapGen.patch,data/normalized_patches/Patches_others__Dcorrect__CapGen__Math__patch1-Math-33-CapGen.diff,DUP0053,CapGen,True,True,none,,correct,,NA,NA,NA,NA,NA,NA
Patches_others__Dcorrect__CapGen__Math__patch1-Math-5-CapGen,Math-5,Math,5,correct,correct,Patches.zip:Patches/Patches_others/Dcorrect/CapGen/Math/patch1-Math-5-CapGen.patch,data/normalized_patches/Patches_others__Dcorrect__CapGen__Math__patch1-Math-5-CapGen.diff,,CapGen,True,True,none,,correct,,NA,NA,NA,NA,NA,NA
Patches_others__Dcorrect__CapGen__Math__patch1-Math-53-CapGen,Math-53,Math,53,correct,correct,Patches.zip:Patches/Patches_others/Dcorrect/CapGen/Math/patch1-Math-53-CapGen.patch,data/normalized_patches/Patches_others__Dcorrect__CapGen__Math__patch1-Math-53-CapGen.diff,,CapGen,True,True,none,,correct,,NA,NA,NA,NA,NA,NA
Patches_others__Dcorrect__CapGen__Math__patch1-Math-57-CapGen,Math-57,Math,57,correct,correct,Patches.zip:Patches/Patches_others/Dcorrect/CapGen/Math/patch1-Math-57-CapGen.patch,data/normalized_patches/Patches_others__Dcorrect__CapGen__Math__patch1-Math-57-CapGen.diff,DUP0059,CapGen,True,True,none,,correct,,NA,NA,NA,NA,NA,NA
Patches_others__Dcorrect__CapGen__Math__patch1-Math-58-CapGen,Math-58,Math,58,correct,correct,Patches.zip:Patches/Patches_others/Dcorrect/CapGen/Math/patch1-Math-58-CapGen.patch,data/normalized_patches/Patches_others__Dcorrect__CapGen__Math__patch1-Math-58-CapGen.diff,,CapGen,True,True,none,,correct,,NA,NA,NA,NA,NA,NA
Patches_others__Dcorrect__CapGen__Math__patch1-Math-59-CapGen,Math-59,Math,59,correct,correct,Patches.zip:Patches/Patches_others/Dcorrect/CapGen/Math/patch1-Math-59-CapGen.patch,data/normalized_patches/Patches_others__Dcorrect__CapGen__Math__patch1-Math-59-CapGen.diff,DUP0063,CapGen,True,True,none,,correct,,NA,NA,NA,NA,NA,NA
Patches_others__Dcorrect__CapGen__Math__patch1-Math-63-CapGen,Math-63,Math,63,correct,correct,Patches.zip:Patches/Patches_others/Dcorrect/CapGen/Math/patch1-Math-63-CapGen.patch,data/normalized_patches/Patches_others__Dcorrect__CapGen__Math__patch1-Math-63-CapGen.diff,,CapGen,True,True,none,,correct,,NA,NA,NA,NA,NA,NA
Patches_others__Dcorrect__CapGen__Math__patch1-Math-65-CapGen,Math-65,Math,65,correct,correct,Patches.zip:Patches/Patches_others/Dcorrect/CapGen/Math/patch1-Math-65-CapGen.patch,data/normalized_patches/Patches_others__Dcorrect__CapGen__Math__patch1-Math-65-CapGen.diff,,CapGen,True,True,none,,correct,,NA,NA,NA,NA,NA,NA
Patches_others__Dcorrect__CapGen__Math__patch1-Math-70-CapGen,Math-70,Math,70,correct,correct,Patches.zip:Patches/Patches_others/Dcorrect/CapGen/Math/patch1-Math-70-CapGen.patch,data/normalized_patches/Patches_others__Dcorrect__CapGen__Math__patch1-Math-70-CapGen.diff,DUP0068,CapGen,True,True,none,,correct,,NA,NA,NA,NA,NA,NA
Patches_others__Dcorrect__CapGen__Math__patch1-Math-75-CapGen,Math-75,Math,75,correct,correct,Patches.zip:Patches/Patches_others/Dcorrect/CapGen/Math/patch1-Math-75-CapGen.patch,data/normalized_patches/Patches_others__Dcorrect__CapGen__Math__patch1-Math-75-CapGen.diff,DUP0069,CapGen,True,True,none,,correct,,NA,NA,NA,NA,NA,NA
Patches_others__Dcorrect__CapGen__Math__patch1-Math-80-CapGen,Math-80,Math,80,correct,correct,Patches.zip:Patches/Patches_others/Dcorrect/CapGen/Math/patch1-Math-80-CapGen.patch,data/normalized_patches/Patches_others__Dcorrect__CapGen__Math__patch1-Math-80-CapGen.diff,DUP0073,CapGen,True,True,none,,correct,,NA,NA,NA,NA,NA,NA
Patches_others__Dcorrect__CapGen__Math__patch1-Math-85-CapGen,Math-85,Math,85,correct,correct,Patches.zip:Patches/Patches_others/Dcorrect/CapGen/Math/patch1-Math-85-CapGen.patch,data/normalized_patches/Patches_others__Dcorrect__CapGen__Math__patch1-Math-85-CapGen.diff,DUP0079,CapGen,True,True,none,,correct,,NA,NA,NA,NA,NA,NA
Patches_others__Dcorrect__CapGen__Math__patch2-Math-53-CapGen,Math-53,Math,53,overfitting,correct,Patches.zip:Patches/Patches_others/Dcorrect/CapGen/Math/patch2-Math-53-CapGen.patch,data/normalized_patches/Patches_others__Dcorrect__CapGen__Math__patch2-Math-53-CapGen.diff,,CapGen,True,False,corrected:correct->overfitting,,,mislabeled:patch2-Math-53-CapGen,NA,NA,NA,NA,NA,NA
Patches_others__Dcorrect__Jaid__Chart__patch1-Chart-1-Jaid,Chart-1,Chart,1,correct,correct,Patches.zip:Patches/Patches_others/Dcorrect/Jaid/Chart/patch1-Chart-1-Jaid.patch,data/normalized_patches/Patches_others__Dcorrect__Jaid__Chart__patch1-Chart-1-Jaid.diff,,Jaid,True,True,none,,correct,,NA,NA,NA,NA,NA,NA
Patches_others__Dcorrect__Jaid__Chart__patch1-Chart-24-Jaid,Chart-24,Chart,24,correct,correct,Patches.zip:Patches/Patches_others/Dcorrect/Jaid/Chart/patch1-Chart-24-Jaid.patch,data/normalized_patches/Patches_others__Dcorrect__Jaid__Chart__patch1-Chart-24-Jaid.diff,,Jaid,True,True,none,,correct,,NA,NA,NA,NA,NA,NA
Patches_others__Dcorrect__Jaid__Chart__patch1-Chart-26-Jaid,Chart-26,Chart,26,correct,correct,Patches.zip:Patches/Patches_others/Dcorrect/Jaid/Chart/patch1-Chart-26-Jaid.patch,data/normalized_patches/Patches_others__Dcorrect__Jaid__Chart__patch1-Chart-26-Jaid.diff,,Jaid,True,True,none,,correct,,NA,NA,NA,NA,NA,NA
Patches_others__Dcorrect__Jaid__Chart__patch1-Chart-9-Jaid,Chart-9,Chart,9,correct,correct,Patches.zip:Patches/Patches_others/Dcorrect/Jaid/Chart/patch1-Chart-9-Jaid.patch,data/normalized_patches/Patches_others__Dcorrect__Jaid__Chart__patch1-Chart-9-Jaid.diff,,Jaid,True,True,none,,correct,,NA,NA,NA,NA,NA,NA
Patches_others__Dcorrect__Jaid__Chart__patch2-Chart-24-Jaid,Chart-24,Chart,24,correct,correct,Patches.zip:Patches/Patches_others/Dcorrect/Jaid/Chart/patch2-Chart-24-Jaid.patch,data/normalized_patches/Patches_others__Dcorrect__Jaid__Chart__patch2-Chart-24-Jaid.diff,,Jaid,True,True,none,,correct,,NA,NA,NA,NA,NA,NA
Patches_others__Dcorrect__Jaid__Chart__patch2-Chart-26-Jaid,Chart-26,Chart,26,correct,correct,Patches.zip:Patches/Patches_others/Dcorrect/Jaid/Chart/patch2-Chart-26-Jaid.patch,data/normalized_patches/Patches_others__Dcorrect__Jaid__Chart__patch2-Chart-26-Jaid.diff,,Jaid,True,True,none,,correct,,NA,NA,NA,NA,NA,NA
Patches_others__Dcorrect__Jaid__Chart__patch2-Chart-9-Jaid,Chart-9,Chart,9,correct,correct,Patches.zip:Patches/Patches_others/Dcorrect/Jaid/Chart/patch2-Chart-9-Jaid.patch,data/normalized_patches/Patches_others__Dcorrect__Jaid__Chart__patch2-Chart-9-Jaid.diff,,Jaid,True,True,none,,correct,,NA,NA,NA,NA,NA,NA
Patches_others__Dcorrect__Jaid__Chart__patch3-Chart-26-Jaid,Chart-26,Chart,26,correct,correct,Patches.zip:Patches/Patches_others/Dcorrect/Jaid/Chart/patch3-Chart-26-Jaid.patch,data/normalized_patches/Patches_others__Dcorrect__Jaid__Chart__patch3-Chart-26-Jaid.diff,,Jaid,True,True,none,,correct,,NA,NA,NA,NA,NA,NA
Patches_others__Dcorrect__Jaid__Closure__patch1-Closure-126-Jaid,Closure-126,Closure,126,correct,correct,Patches.zip:Patches/Patches_others/Dcorrect/Jaid/Closure/patch1-Closure-126-Jaid.patch,data/normalized_patches/Patches_others__Dcorrect__Jaid__Closure__patch1-Closure-126-Jaid.diff,,Jaid,True,True,none,,correct,,NA,NA,NA,NA,NA,NA
Patches_others__Dcorrect__Jaid__Closure__patch1-Closure-18-Jaid,Closure-18,Closure,18,correct,correct,Patches.zip:Patches/Patches_others/Dcorrect/Jaid/Closure/patch1-Closure-18-Jaid.patch,data/normalized_patches/Patches_others__Dcorrect__Jaid__Closure__patch1-Closure-18-Jaid.diff,,Jaid,True,True,none,,correct,,NA,NA,NA,NA,NA,NA
Patches_others__Dcorrect__Jaid__Closure__patch1-Closure-31-Jaid,Closure-31,Closure,31,correct,correct,Patches.zip:Patches/Patches_others/Dcorrect/Jaid/Closure/patch1-Closure-31-Jaid.patch,data/normalized_patches/Patches_others__Dcorrect__Jaid__Closure__patch1-Closure-31-Jaid.diff,,Jaid,True,True,none,,correct,,NA,NA,NA,NA,NA,NA
Patches_others__Dcorrect__Jaid__Closure__patch1-Closure-33-Jaid,Closure-33,Closure,33,correct,correct,Patches.zip:Patches/Patches_others/Dcorrect/Jaid/Closure/patch1-Closure-33-Jaid.patch,data/normalized_patches/Patches_others__Dcorrect__Jaid__Closure__patch1-Closure-33-Jaid.diff,,Jaid,True,True,none,,correct,,NA,NA,NA,NA,NA,NA
Patches_others__Dcorrect__Jaid__Closure__patch1-Closure-40-Jaid,Closure-40,Closure,40,correct,correct,Patches.zip:Patches/Patches_others/Dcorrect/Jaid/Closure/patch1-Closure-40-Jaid.patch,data/normalized_patches/Patches_others__Dcorrect__Jaid__Closure__patch1-Closure-40-Jaid.diff,,Jaid,True,True,none,,correct,,NA,NA,NA,NA,NA,NA
Patches_others__Dcorrect__Jaid__Closure__patch1-Closure-62-Jaid,Closure-62,Closure,62,correct,correct,Patches.zip:Patches/Patches_others/Dcorrect/Jaid/Closure/patch1-Closure-62-Jaid.patch,data/normalized_patches/Patches_others__Dcorrect__Jaid__Closure__patch1-Closure-62-Jaid.diff,,Jaid,True,True,none,,correct,,NA,NA,NA,NA,NA,NA
Patches_others__Dcorrect__Jaid__Closure__patch1-Closure-63-Jaid,Closure-63,Closure,63,correct,correct,Patches.zip:Patches/Patches_others/Dcorrect/Jaid/Closure/patch1-Closure-63-Jaid.patch,data/normalized_patches/Patches_others__Dcorrect__Jaid__Closure__patch1-Closure-63-Jaid.diff,,Jaid,True,True,none,,correct,,NA,NA,NA,NA,NA,NA
Patches_others__Dcorrect__Jaid__Closure__patch1-Closure-70-Jaid,Closure-70,Closure,70,correct,correct,Patches.zip:Patches/Patches_others/Dcorrect/Jaid/Closure/patch1-Closure-70-Jaid.patch,data/normalized_patches/Patches_others__Dcorrect__Jaid__Closure__patch1-Closure-70-Jaid.diff,,Jaid,True,True,none,,correct,,NA,NA,NA,NA,NA,NA
Patches_others__Dcorrect__Jaid__Closure__patch1-Closure-73-Jaid,Closure-73,Closure,73,correct,correct,Patches.zip:Patches/Patches_others/Dcorrect/Jaid/Closure/patch1-Closure-73-Jaid.patch,data/normalized_patches/Patches_others__Dcorrect__Jaid__Closure__patch1-Closure-73-Jaid.diff,,Jaid,True,True,none,,correct,,NA,NA,NA,NA,NA,NA
Patches_others__Dcorrect__Jaid__Lang__patch1-Lang-33-Jaid,Lang-33,Lang,33,correct,correct,Patches.zip:Patches/Patches_others/Dcorrect/Jaid/Lang/patch1-Lang-33-Jaid.patch,data/normalized_patches/Patches_others__Dcorrect__Jaid__Lang__patch1-Lang-33-Jaid.diff,,Jaid,True,True,none,,correct,,NA,NA,NA,NA,NA,NA
Patches_others__Dcorrect__Jaid__Lang__patch1-Lang-38-Jaid,Lang-38,Lang,38,correct,correct,Patches.zip:Patches/Patches_others/Dcorrect/Jaid/Lang/patch1-Lang-38-Jaid.patch,data/normalized_patches/Patches_others__Dcorrect__Jaid__Lang__patch1-Lang-38-Jaid.diff,,Jaid,True,True,none,,correct,,NA,NA,NA,NA,NA,NA
Patches_others__Dcorrect__Jaid__Lang__patch1-Lang-45-Jaid,Lang-45,Lang,45,correct,correct,Patches.zip:Patches/Patches_others/Dcorrect/Jaid/Lang/patch1-Lang-45-Jaid.patch,data/normalized_patches/Patches_others__Dcorrect__Jaid__Lang__patch1-Lang-45-Jaid.diff,,Jaid,True,True,none,,correct,,NA,NA,NA,NA,NA,NA
Patches_others__Dcorrect__Jaid__Lang__patch1-Lang-51-Jaid,Lang-51,Lang,51,correct,correct,Patches.zip:Patches/Patches_others/Dcorrect/Jaid/Lang/patch1-Lang-51-Jaid.patch,data/normalized_patches/Patches_others__Dcorrect__Jaid__Lang__patch1-Lang-51-Jaid.diff,,Jaid,True,True,none,,correct,,NA,NA,NA,NA,NA,NA
Patches_others__Dcorrect__Jaid__Lang__patch1-Lang-55-Jaid,Lang-55,Lang,55,correct,correct,Patches.zip:Patches/Patches_others/Dcorrect/Jaid/Lang/patch1-Lang-55-Jaid.patch,data/normalized_patches/Patches_others__Dcorrect__Jaid__Lang__patch1-Lang-55-Jaid.diff,,Jaid,True,True,none,,correct,,NA,NA,NA,NA,NA,NA
Patches_others__Dcorrect__Jaid__Lang__patch2-Lang-33-Jaid,Lang-33,Lang,33,correct,correct,Patches.zip:Patches/Patches_others/Dcorrect/Jaid/Lang/patch2-Lang-33-Jaid.patch,data/normalized_patches/Patches_others__Dcorrect__Jaid__Lang__patch2-Lang-33-Jaid.diff,,Jaid,True,True,none,,correct,,NA,NA,NA,NA,NA,NA
Patches_others__Dcorrect__Jaid__Lang__patch2-Lang-38-Jaid,Lang-38,Lang,38,correct,correct,Patches.zip:Patches/Patches_others/Dcorrect/Jaid/Lang/patch2-Lang-38-Jaid.patch,data/normalized_patches/Patches_others__Dcorrect__Jaid__Lang__patch2-Lang-38-Jaid.diff,,Jaid,True,True,none,,correct,,NA,NA,NA,NA,NA,NA
Patches_others__Dcorrect__Jaid__Lang__patch2-Lang-51-Jaid,Lang-51,Lang,51,overfitting,correct,Patches.zip:Patches/Patches_others/Dcorrect/Jaid/Lang/patch2-Lang-51-Jaid.patch,data/normalized_patches/Patches_others__Dcorrect__Jaid__Lang__patch2-Lang-51-Jaid.diff,,Jaid,True,False,corrected:correct->overfitting,,,mislabeled:patch2-Lang-51-Jaid,NA,NA,NA,NA,NA,NA
Patches_others__Dcorrect__Jaid__Lang__patch3-Lang-38-Jaid,Lang-38,Lang,38,correct,correct,Patches.zip:Patches/Patches_others/Dcorrect/Jaid/Lang/patch3-Lang-38-Jaid.patch,data/normalized_patches/Patches_others__Dcorrect__Jaid__Lang__patch3-Lang-38-Jaid.diff,,Jaid,True,True,none,,correct,,NA,NA,NA,NA,NA,NA
Patches_others__Dcorrect__Jaid__Lang__patch3-Lang-51-Jaid,Lang-51,Lang,51,correct,correct,Patches.zip:Patches/Patches_others/Dcorrect/Jaid/Lang/patch3-Lang-51-Jaid.patch,data/normalized_patches/Patches_others__Dcorrect__Jaid__Lang__patch3-Lang-51-Jaid.diff,,Jaid,True,True,none,,correct,,NA,NA,NA,NA,NA,NA
Patches_others__Dcorrect__Jaid__Lang__patch4-Lang-38-Jaid,Lang-38,Lang,38,correct,correct,Patches.zip:Patches/Patches_others/Dcorrect/Jaid/Lang/patch4-Lang-38-Jaid.patch,data/normalized_patches/Patches_others__Dcorrect__Jaid__Lang__patch4-Lang-38-Jaid.diff,,Jaid,True,True,none,,correct,,NA,NA,NA,NA,NA,NA
Patches_others__Dcorrect__Jaid__Lang__patch4-Lang-51-Jaid,Lang-51,Lang,51,correct,correct,Patches.zip:Patches/Patches_others/Dcorrect/Jaid/Lang/patch4-Lang-51-Jaid.patch,data/normalized_patches/Patches_others__Dcorrect__Jaid__Lang__patch4-Lang-51-Jaid.diff,,Jaid,True,True,none,,correct,,NA,NA,NA,NA,NA,NA
Patches_others__Dcorrect__Jaid__Lang__patch5-Lang-51-Jaid,Lang-51,Lang,51,correct,correct,Patches.zip:Patches/Patches_others/Dcorrect/Jaid/Lang/patch5-Lang-51-Jaid.patch,data/normalized_patches/Patches_others__Dcorrect__Jaid__Lang__patch5-Lang-51-Jaid.diff,,Jaid,True,True,none,,correct,,NA,NA,NA,NA,NA,NA
Patches_others__Dcorrect__Jaid__Lang__patch6-Lang-51-Jaid,Lang-51,Lang,51,correct,correct,Patches.zip:Patches/Patches_others/Dcorrect/Jaid/Lang/patch6-Lang-51-Jaid.patch,data/normalized_patches/Patches_others__Dcorrect__Jaid__Lang__patch6-Lang-51-Jaid.diff,,Jaid,True,True,none,,correct,,NA,NA,NA,NA,NA,NA
Patches_others__Dcorrect__Jaid__Math__patch1-Math-32-Jaid,Math-32,Math,32,correct,correct,Patches.zip:Patches/Patches_others/Dcorrect/Jaid/Math/patch1-Math-32-Jaid.patch,data/normalized_patches/Patches_others__Dcorrect__Jaid__Math__patch1-Math-32-Jaid.diff,,Jaid,True,True,none,,correct,,NA,NA,NA,NA,NA,NA
Patches_others__Dcorrect__Jaid__Math__patch1-Math-5-Jaid,Math-5,Math,5,correct,correct,Patches.zip:Patches/Patches_others/Dcorrect/Jaid/Math/patch1-Math-5-Jaid.patch,data/normalized_patches/Patches_others__Dcorrect__Jaid__Math__patch1-Math-5-Jaid.diff,,Jaid,True,True,none,,correct,,NA,NA,NA,NA,NA,NA
Patches_others__Dcorrect__Jaid__Math__patch1-Math-50-Jaid,Math-50,Math,50,correct,correct,Patches.zip:Patches/Patches_others/Dcorrect/Jaid/Math/patch1-Math-50-Jaid.patch,data/normalized_patches/Patches_others__Dcorrect__Jaid__Math__patch1-Math-50-Jaid.diff,,Jaid,True,True,none,,correct,,NA,NA,NA,NA,NA,NA
Patches_others__Dcorrect__Jaid__Math__patch1-Math-53-Jaid,Math-53,Math,53,correct,correct,Patches.zip:Patches/Patches_others/Dcorrect/Jaid/Math/patch1-Math-53-Jaid.patch,data/normalized_patches/Patches_others__Dcorrect__Jaid__Math__patch1-Math-53-Jaid.diff,,Jaid,True,True,none,,correct,,NA,NA,NA,NA,NA,NA
Patches_others__Dcorrect__Jaid__Math__patch1-Math-80-Jaid,Math-80,Math,80,correct,correct,Patches.zip:Patches/Patches_others/Dcorrect/Jaid/Math/patch1-Math-80-Jaid.patch,data/normalized_patches/Patches_others__Dcorrect__Jaid__Math__patch1-Math-80-Jaid.diff,,Jaid,True,True,none,,correct,,NA,NA,NA,NA,NA,NA
Patches_others__Dcorrect__Jaid__Math__patch1-Math-82-Jaid,Math-82,Math,82,correct,correct,Patches.zip:Patches/Patches_others/Dcorrect/Jaid/Math/patch1-Math-82-Jaid.patch,data/normalized_patches/Patches_others__Dcorrect__Jaid__Math__patch1-Math-82-Jaid.diff,,Jaid,True,True,none,,correct,,NA,NA,NA,NA,NA,NA
Patches_others__Dcorrect__Jaid__Math__patch1-Math-85-Jaid,Math-85,Math,85,correct,correct,Patches.zip:Patches/Patches_others/Dcorrect/Jaid/Math/patch1-Math-85-Jaid.patch,data/normalized_patches/Patches_others__Dcorrect__Jaid__Math__patch1-Math-85-Jaid.diff,,Jaid,True,True,none,,correct,,NA,NA,NA,NA,NA,NA
Patches_others__Dcorrect__Jaid__Math__patch2-Math-5-Jaid,Math-5,Math,5,correct,correct,Patches.zip:Patches/Patches_others/Dcorrect/Jaid/Math/patch2-Math-5-Jaid.patch,data/normalized_patches/Patches_others__Dcorrect__Jaid__Math__patch2-Math-5-Jaid.diff,,Jaid,True,True,none,,correct,,NA,NA,NA,NA,NA,NA
Patches_others__Dcorrect__Jaid__Math__patch2-Math-53-Jaid,Math-53,Math,53,overfitting,correct,Patches.zip:Patches/Patches_others/Dcorrect/Jaid/Math/patch2-Math-53-Jaid.patch,data/normalized_patches/Patches_others__Dcorrect__Jaid__Math__patch2-Math-53-Jaid.diff,,Jaid,True,False,corrected:correct->overfitting,,,mislabeled:patch2-Math-53-Jaid,NA,NA,NA,NA,NA,NA
Patches_others__Dcorrect__Jaid__Math__patch2-Math-80-Jaid,Math-80,Math,80,correct,correct,Patches.zip:Patches/Patches_others/Dcorrect/Jaid/Math/patch2-Math-80-Jaid.patch,data/normalized_patches/Patches_others__Dcorrect__Jaid__Math__patch2-Math-80-Jaid.diff,,Jaid,True,True,none,,correct,,NA,NA,NA,NA,NA,NA
Patches_others__Dcorrect__Jaid__Math__patch3-Math-5-Jaid,Math-5,Math,5,correct,correct,Patches.zip:Patches/Patches_others/Dcorrect/Jaid/Math/patch3-Math-5-Jaid.patch,data/normalized_patches/Patches_others__Dcorrect__Jaid__Math__patch3-Math-5-Jaid.diff,,Jaid,True,True,none,,correct,,NA,NA,NA,NA,NA,NA
Patches_others__Dcorrect__SOFix__Chart__patch1-Chart-1-SOFix,Chart-1,Chart,1,correct,correct,Patches.zip:Patches/Patches_others/Dcorrect/SOFix/Chart/patch1-Chart-1-SOFix.patch,data/normalized_patches/Patches_others__Dcorrect__SOFix__Chart__patch1-Chart-1-SOFix.diff,DUP0002,SOFix,True,True,none,,correct,,NA,NA,NA,NA,NA,NA
Patches_others__Dcorrect__SOFix__Chart__patch1-Chart-11-SOFix,Chart-11,Chart,11,correct,correct,Patches.zip:Patches/Patches_others/Dcorrect/SOFix/Chart/patch1-Chart-11-SOFix.patch,data/normalized_patches/Patches_others__Dcorrect__SOFix__Chart__patch1-Chart-11-SOFix.diff,DUP0003,SOFix,True,True,none,,correct,,NA,NA,NA,NA,NA,NA
Patches_others__Dcorrect__SOFix__Chart__patch1-Chart-24-SOFix,Chart-24,Chart,24,correct,correct,Patches.zip:Patches/Patches_others/Dcorrect/SOFix/Chart/patch1-Chart-24-SOFix.patch,data/normalized_patches/Patches_others__Dcorrect__SOFix__Chart__patch1-Chart-24-SOFix.diff,,SOFix,True,True,none,,correct,,NA,NA,NA,NA,NA,NA
Patches_others__Dcorrect__SOFix__Chart__patch1-Chart-26-SOFix,Chart-26,Chart,26,correct,correct,Patches.zip:Patches/Patches_others/Dcorrect/SOFix/Chart/patch1-Chart-26-SOFix.patch,data/normalized_patches/Patches_others__Dcorrect__SOFix__Chart__patch1-Chart-26-SOFix.diff,,SOFix,True,True,none,,correct,,NA,NA,NA,NA,NA,NA
Patches_others__Dcorrect__SOFix__Chart__patch1-Chart-4-SOFix,Chart-4,Chart,4,correct,correct,Patches.zip:Patches/Patches_others/Dcorrect/SOFix/Chart/patch1-Chart-4-SOFix.patch,data/normalized_patches/Patches_others__Dcorrect__SOFix__Chart__patch1-Chart-4-SOFix.diff,,SOFix,True,True,none,,correct,,NA,NA,NA,NA,NA,NA
Patches_others__Dcorrect__SOFix__Lang__patch1-Lang-51-SOFix,Lang-51,Lang,51,correct,correct,Patches.zip:Patches/Patches_others/Dcorrect/SOFix/Lang/patch1-Lang-51-SOFix.patch,data/normalized_patches/Patches_others__Dcorrect__SOFix__Lang__patch1-Lang-51-SOFix.diff,,SOFix,True,True,none,,correct,,NA,NA,NA,NA,NA,NA
Patches_others__Dcorrect__SOFix__Lang__patch1-Lang-59-SOFix,Lang-59,Lang,59,correct,correct,Patches.zip:Patches/Patches_others/Dcorrect/SOFix/Lang/patch1-Lang-59-SOFix.patch,data/normalized_patches/Patches_others__Dcorrect__SOFix__Lang__patch1-Lang-59-SOFix.diff,,SOFix,True,True,none,,correct,,NA,NA,NA,NA,NA,NA
Patches_others__Dcorrect__SOFix__Lang__patch1-Lang-6-SOFix,Lang-6,Lang,6,correct,correct,Patches.zip:Patches/Patches_others/Dcorrect/SOFix/Lang/patch1-Lang-6-SOFix.patch,data/normalized_patches/Patches_others__Dcorrect__SOFix__Lang__patch1-Lang-6-SOFix.diff,,SOFix,True,True,none,,correct,,NA,NA,NA,NA,NA,NA
Patches_others__Dcorrect__SOFix__Math__patch1-Math-2-SOFix,Math-2,Math,2,,correct,Patches.zip:Patches/Patches_others/Dcorrect/SOFix/Math/patch1-Math-2-SOFix.patch,data/normalized_patches/Patches_others__Dcorrect__SOFix__Math__patch1-Math-2-SOFix.diff,,SOFix,False,False,none,failed_plausibility:patch1-Math-2-SOFix,,failed_plausibility:patch1-Math-2-SOFix,NA,NA,NA,NA,NA,NA
Patches_others__Dcorrect__SOFix__Math__patch1-Math-33-SOFix,Math-33,Math,33,correct,correct,Patches.zip:Patches/Patches_others/Dcorrect/SOFix/Math/patch1-Math-33-SOFix.patch,data/normalized_patches/Patches_others__Dcorrect__SOFix__Math__patch1-Math-33-SOFix.diff,DUP0053,SOFix,True,True,none,,correct,,NA,NA,NA,NA,NA,NA
Patches_others__Dcorrect__SOFix__Math__patch1-Math-34-SOFix,Math-34,Math,34,correct,correct,Patches.zip:Patches/Patches_others/Dcorrect/SOFix/Math/patch1-Math-34-SOFix.patch,data/normalized_patches/Patches_others__Dcorrect__SOFix__Math__patch1-Math-34-SOFix.diff,,SOFix,True,True,none,,correct,,NA,NA,NA,NA,NA,NA
Patches_others__Dcorrect__SOFix__Math__patch1-Math-5-SOFix,Math-5,Math,5,correct,correct,Patches.zip:Patches/Patches_others/Dcorrect/SOFix/Math/patch1-Math-5-SOFix.patch,data/normalized_patches/Patches_others__Dcorrect__SOFix__Math__patch1-Math-5-SOFix.diff,DUP0057,SOFix,True,True,none,,correct,,NA,NA,NA,NA,NA,NA
Patches_others__Dcorrect__SOFix__Math__patch1-Math-50-SOFix,Math-50,Math,50,correct,correct,Patches.zip:Patches/Patches_others/Dcorrect/SOFix/Math/patch1-Math-50-SOFix.patch,data/normalized_patches/Patches_others__Dcorrect__SOFix__Math__patch1-Math-50-SOFix.diff,,SOFix,True,True,none,,correct,,NA,NA,NA,NA,NA,NA
Patches_others__Dcorrect__SOFix__Math__patch1-Math-57-SOFix,Math-57,Math,57,correct,correct,Patches.zip:Patches/Patches_others/Dcorrect/SOFix/Math/patch1-Math-57-SOFix.patch,data/normalized_patches/Patches_others__Dcorrect__SOFix__Math__patch1-Math-57-SOFix.diff,DUP0059,SOFix,True,True,none,,correct,,NA,NA,NA,NA,NA,NA
Patches_others__Dcorrect__SOFix__Math__patch1-Math-58-SOFix,Math-58,Math,58,correct,correct,Patches.zip:Patches/Patches_others/Dcorrect/SOFix/Math/patch1-Math-58-SOFix.patch,data/normalized_patches/Patches_others__Dcorrect__SOFix__Math__patch1-Math-58-SOFix.diff,,SOFix,True,True,none,,correct,,NA,NA,NA,NA,NA,NA
Patches_others__Dcorrect__SOFix__Math__patch1-Math-59-SOFix,Math-59,Math,59,correct,correct,Patches.zip:Patches/Patches_others/Dcorrect/SOFix/Math/patch1-Math-59-SOFix.patch,data/normalized_patches/Patches_others__Dcorrect__SOFix__Math__patch1-Math-59-SOFix.diff,DUP0063,SOFix,True,True,none,,correct,,NA,NA,NA,NA,NA,NA
Patches_others__Dcorrect__SOFix__Math__patch1-Math-70-SOFix,Math-70,Math,70,correct,correct,Patches.zip:Patches/Patches_others/Dcorrect/SOFix/Math/patch1-Math-70-SOFix.patch,data/normalized_patches/Patches_others__Dcorrect__SOFix__Math__patch1-Math-70-SOFix.diff,DUP0068,SOFix,True,True,none,,correct,,NA,NA,NA,NA,NA,NA
Patches_others__Dcorrect__SOFix__Math__patch1-Math-75-SOFix,Math-75,Math,75,correct,correct,Patches.zip:Patches/Patches_others/Dcorrect/SOFix/Math/patch1-Math-75-SOFix.patch,data/normalized_patches/Patches_others__Dcorrect__SOFix__Math__patch1-Math-75-SOFix.diff,DUP0069,SOFix,True,True,none,,correct,,NA,NA,NA,NA,NA,NA
Patches_others__Dcorrect__SOFix__Math__patch1-Math-80-SOFix,Math-80,Math,80,correct,correct,Patches.zip:Patches/Patches_others/Dcorrect/SOFix/Math/patch1-Math-80-SOFix.patch,data/normalized_patches/Patches_others__Dcorrect__SOFix__Math__patch1-Math-80-SOFix.diff,DUP0073,SOFix,True,True,none,,correct,,NA,NA,NA,NA,NA,NA
Patches_others__Dcorrect__SOFix__Math__patch1-Math-82-SOFix,Math-82,Math,82,correct,correct,Patches.zip:Patches/Patches_others/Dcorrect/SOFix/Math/patch1-Math-82-SOFix.patch,data/normalized_patches/Patches_others__Dcorrect__SOFix__Math__patch1-Math-82-SOFix.diff,DUP0077,SOFix,True,True,none,,correct,,NA,NA,NA,NA,NA,NA
Patches_others__Dcorrect__SOFix__Math__patch1-Math-85-SOFix,Math-85,Math,85,correct,correct,Patches.zip:Patches/Patches_others/Dcorrect/SOFix/Math/patch1-Math-85-SOFix.patch,data/normalized_patches/Patches_others__Dcorrect__SOFix__Math__patch1-Math-85-SOFix.diff,DUP0079,SOFix,True,True,none,,correct,,NA,NA,NA,NA,NA,NA
Patches_others__Dcorrect__SOFix__Time__patch1-Time-19-SOFix,Time-19,Time,19,correct,correct,Patches.zip:Patches/Patches_others/Dcorrect/SOFix/Time/patch1-Time-19-SOFix.patch,data/normalized_patches/Patches_others__Dcorrect__SOFix__Time__patch1-Time-19-SOFix.diff,,SOFix,True,True,none,,correct,,NA,NA,NA,NA,NA,NA
Patches_others__Dcorrect__SequenceR__Chart__patch1-Chart-1-SequenceR,Chart-1,Chart,1,correct,correct,Patches.zip:Patches/Patches_others/Dcorrect/SequenceR/Chart/patch1-Chart-1-SequenceR.patch,data/normalized_patches/Patches_others__Dcorrect__SequenceR__Chart__patch1-Chart-1-SequenceR.diff,,SequenceR,True,True,none,,correct,,NA,NA,NA,NA,NA,NA
Patches_others__Dcorrect__SequenceR__Chart__patch1-Chart-11-SequenceR,Chart-11,Chart,11,correct,correct,Patches.zip:Patches/Patches_others/Dcorrect/SequenceR/Chart/patch1-Chart-11-SequenceR.patch,data/normalized_patches/Patches_others__Dcorrect__SequenceR__Chart__patch1-Chart-11-SequenceR.diff,DUP0004,SequenceR,True,True,none,,correct,,NA,NA,NA,NA,NA,NA
Patches_others__Dcorrect__SequenceR__Chart__patch1-Chart-9-SequenceR,Chart-9,Chart,9,correct,correct,Patches.zip:Patches/Patches_others/Dcorrect/SequenceR/Chart/patch1-Chart-9-SequenceR.patch,data/normalized_patches/Patches_others__Dcorrect__SequenceR__Chart__patch1-Chart-9-SequenceR.diff,,SequenceR,True,True,none,,correct,,NA,NA,NA,NA,NA,NA
Patches_others__Dcorrect__SequenceR__Closure__patch1-Closure-18-SequenceR,Closure-18,Closure,18,correct,correct,Patches.zip:Patches/Patches_others/Dcorrect/SequenceR/Closure/patch1-Closure-18-SequenceR.patch,data/normalized_patches/Patches_others__Dcorrect__SequenceR__Closure__patch1-Closure-18-SequenceR.diff,,SequenceR,True,True,none,,correct,,NA,NA,NA,NA,NA,NA
Patches_others__Dcorrect__SequenceR__Closure__patch1-Closure-73-SequenceR,Closure-73,Closure,73,correct,correct,Patches.zip:Patches/Patches_others/Dcorrect/SequenceR/Closure/patch1-Closure-73-SequenceR.patch,data/normalized_patches/Patches_others__Dcorrect__SequenceR__Closure__patch1-Closure-73-SequenceR.diff,,SequenceR,True,True,none,,correct,,NA,NA,NA,NA,NA,NA
Patches_others__Dcorrect__SequenceR__Closure__patch1-Closure-86-SequenceR,Closure-86,Closure,86,correct,correct,Patches.zip:Patches/Patches_others/Dcorrect/SequenceR/Closure/patch1-Closure-86-SequenceR.patch,data/normalized_patches/Patches_others__Dcorrect__SequenceR__Closure__patch1-Closure-86-SequenceR.diff,,SequenceR,True,True,none,,correct,,NA,NA,NA,NA,NA,NA
Patches_others__Dcorrect__SequenceR__Closure__patch2-Closure-73-SequenceR,Closure-73,Closure,73,correct,correct,Patches.zip:Patches/Patches_others/Dcorrect/SequenceR/Closure/patch2-Closure-73-SequenceR.patch,data/normalized_patches/Patches_others__Dcorrect__SequenceR__Closure__patch2-Closure-73-SequenceR.diff,,SequenceR,True,True,none,,correct,,NA,NA,NA,NA,NA,NA
Patches_others__Dcorrect__SequenceR__Lang__patch1-Lang-59-SequenceR,Lang-59,Lang,59,correct,correct,Patches.zip:Patches/Patches_others/Dcorrect/SequenceR/Lang/patch1-Lang-59-SequenceR.patch,data/normalized_patches/Patches_others__Dcorrect__SequenceR__Lang__patch1-Lang-59-SequenceR.diff,,SequenceR,True,True,none,,correct,,NA,NA,NA,NA,NA,NA
Patches_others__Dcorrect__SequenceR__Lang__patch1-Lang-6-SequenceR,Lang-6,Lang,6,correct,correct,Patches.zip:Patches/Patches_others/Dcorrect/SequenceR/Lang/patch1-Lang-6-SequenceR.patch,data/normalized_patches/Patches_others__Dcorrect__SequenceR__Lang__patch1-Lang-6-SequenceR.diff,,SequenceR,True,True,none,,correct,,NA,NA,NA,NA,NA,NA
Patches_others__Dcorrect__SequenceR__Math__patch1-Math-30-SequenceR,Math-30,Math,30,correct,correct,Patches.zip:Patches/Patches_others/Dcorrect/SequenceR/Math/patch1-Math-30-SequenceR.patch,data/normalized_patches/Patches_others__Dcorrect__SequenceR__Math__patch1-Math-30-SequenceR.diff,,SequenceR,True,True,none,,correct,,NA,NA,NA,NA,NA,NA
Patches_others__Dcorrect__SequenceR__Math__patch1-Math-5-SequenceR,Math-5,Math,5,correct,correct,Patches.zip:Patches/Patches_others/Dcorrect/SequenceR/Math/patch1-Math-5-SequenceR.patch,data/normalized_patches/Patches_others__Dcorrect__SequenceR__Math__patch1-Math-5-SequenceR.diff,,SequenceR,True,True,none,,correct,,NA,NA,NA,NA,NA,NA
Patches_others__Dcorrect__SequenceR__Math__patch1-Math-57-SequenceR,Math-57,Math,57,correct,correct,Patches.zip:Patches/Patches_others/Dcorrect/SequenceR/Math/patch1-Math-57-SequenceR.patch,data/normalized_patches/Patches_others__Dcorrect__SequenceR__Math__patch1-Math-57-SequenceR.diff,DUP0059,SequenceR,True,True,none,,correct,,NA,NA,NA,NA,NA,NA
Patches_others__Dcorrect__SequenceR__Math__patch1-Math-58-SequenceR,Math-58,Math,58,correct,correct,Patches.zip:Patches/Patches_others/Dcorrect/SequenceR/Math/patch1-Math-58-SequenceR.patch,data/normalized_patches/Patches_others__Dcorrect__SequenceR__Math__patch1-Math-58-SequenceR.diff,,SequenceR,True,True,none,,correct,,NA,NA,NA,NA,NA,NA
Patches_others__Dcorrect__SequenceR__Math__patch1-Math-75-SequenceR,Math-75,Math,75,correct,correct,Patches.zip:Patches/Patches_others/Dcorrect/SequenceR/Math/patch1-Math-75-SequenceR.patch,data/normalized_patches/Patches_others__Dcorrect__SequenceR__Math__patch1-Math-75-SequenceR.diff,,SequenceR,True,True,none,,correct,,NA,NA,NA,NA,NA,NA
Patches_others__Dcorrect__SequenceR__Math__patch1-Math-82-SequenceR,Math-82,Math,82,correct,correct,Patches.zip:Patches/Patches_others/Dcorrect/SequenceR/Math/patch1-Math-82-SequenceR.patch,data/normalized_patches/Patches_others__Dcorrect__SequenceR__Math__patch1-Math-82-SequenceR.diff,,SequenceR,True,True,none,,correct,,NA,NA,NA,NA,NA,NA
Patches_others__Dcorrect__SequenceR__Math__patch1-Math-85-SequenceR,Math-85,Math,85,correct,correct,Patches.zip:Patches/Patches_others/Dcorrect/SequenceR/Math/patch1-Math-85-SequenceR.patch,data/normalized_patches/Patches_others__Dcorrect__SequenceR__Math__patch1-Math-85-SequenceR.diff,,SequenceR,True,True,none,,correct,,NA,NA,NA,NA,NA,NA
Patches_others__Dcorrect__SequenceR__Math__patch2-Math-82-SequenceR,Math-82,Math,82,correct,correct,Patches.zip:Patches/Patches_others/Dcorrect/SequenceR/Math/patch2-Math-82-SequenceR.patch,data/normalized_patches/Patches_others__Dcorrect__SequenceR__Math__patch2-Math-82-SequenceR.diff,,SequenceR,True,True,none,,correct,,NA,NA,NA,NA,NA,NA
Patches_others__Dcorrect__SketchFix__Chart__patch1-Chart-1-SketchFix,Chart-1,Chart,1,correct,correct,Patches.zip:Patches/Patches_others/Dcorrect/SketchFix/Chart/patch1-Chart-1-SketchFix.patch,data/normalized_patches/Patches_others__Dcorrect__SketchFix__Chart__patch1-Chart-1-SketchFix.diff,,SketchFix,True,True,none,,correct,,NA,NA,NA,NA,NA,NA
Patches_others__Dcorrect__SketchFix__Chart__patch1-Chart-11-SketchFix,Chart-11,Chart,11,correct,correct,Patches.zip:Patches/Patches_others/Dcorrect/SketchFix/Chart/patch1-Chart-11-SketchFix.patch,data/normalized_patches/Patches_others__Dcorrect__SketchFix__Chart__patch1-Chart-11-SketchFix.diff,,SketchFix,True,True,none,,correct,,NA,NA,NA,NA,NA,NA
Patches_others__Dcorrect__SketchFix__Chart__patch1-Chart-20-SketchFix,Chart-20,Chart,20,correct,correct,Patches.zip:Patches/Patches_others/Dcorrect/SketchFix/Chart/patch1-Chart-20-SketchFix.patch,data/normalized_patches/Patches_others__Dcorrect__SketchFix__Chart__patch1-Chart-20-SketchFix.diff,,SketchFix,True,True,none,,correct,,NA,NA,NA,NA,NA,NA
Patches_others__Dcorrect__SketchFix__Chart__patch1-Chart-24-SketchFix,Chart-24,Chart,24,correct,correct,Patches.zip:Patches/Patches_others/Dcorrect/SketchFix/Chart/patch1-Chart-24-SketchFix.patch,data/normalized_patches/Patches_others__Dcorrect__SketchFix__Chart__patch1-Chart-24-SketchFix.diff,DUP0014,SketchFix,True,True,none,,correct,,NA,NA,NA,NA,NA,NA
Patches_others__Dcorrect__SketchFix__Chart__patch1-Chart-8-SketchFix,Chart-8,Chart,8,correct,correct,Patches.zip:Patches/Patches_others/Dcorrect/SketchFix/Chart/patch1-Chart-8-SketchFix.patch,data/normalized_patches/Patches_others__Dcorrect__SketchFix__Chart__patch1-Chart-8-SketchFix.diff,,SketchFix,True,True,none,,correct,,NA,NA,NA,NA,NA,NA
Patches_others__Dcorrect__SketchFix__Chart__patch1-Chart-9-SketchFix,Chart-9,Chart,9,correct,correct,Patches.zip:Patches/Patches_others/Dcorrect/SketchFix/Chart/patch1-Chart-9-SketchFix.patch,data/normalized_patches/Patches_others__Dcorrect__SketchFix__Chart__patch1-Chart-9-SketchFix.diff,,SketchFix,True,True,none,,correct,,NA,NA,NA,NA,NA,NA
Patches_others__Dcorrect__SketchFix__Closure__patch1-Closure-126-SketchFix,Closure-126,Closure,126,correct,correct,Patches.zip:Patches/Patches_others/Dcorrect/SketchFix/Closure/patch1-Closure-126-SketchFix.patch,data/normalized_patches/Patches_others__Dcorrect__SketchFix__Closure__patch1-Closure-126-SketchFix.diff,,SketchFix,True,True,none,,correct,,NA,NA,NA,NA,NA,NA
Patches_others__Dcorrect__SketchFix__Closure__patch1-Closure-14-SketchFix,Closure-14,Closure,14,correct,correct,Patches.zip:Patches/Patches_others/Dcorrect/SketchFix/Closure/patch1-Closure-14-SketchFix.patch,data/normalized_patches/Patches_others__Dcorrect__SketchFix__Closure__patch1-Closure-14-SketchFix.diff,,SketchFix,True,True,none,,correct,,NA,NA,NA,NA,NA,NA
Patches_others__Dcorrect__SketchFix__Lang__patch1-Lang-59-SketchFix,Lang-59,Lang,59,correct,correct,Patches.zip:Patches/Patches_others/Dcorrect/SketchFix/Lang/patch1-Lang-59-SketchFix.patch,data/normalized_patches/Patches_others__Dcorrect__SketchFix__Lang__patch1-Lang-59-SketchFix.diff,DUP0044,SketchFix,True,True,none,,correct,,NA,NA,NA,NA,NA,NA
Patches_others__Dcorrect__SketchFix__Lang__patch1-Lang-6-SketchFix,Lang-6,Lang,6,correct,correct,Patches.zip:Patches/Patches_others/Dcorrect/SketchFix/Lang/patch1-Lang-6-SketchFix.patch,data/normalized_patches/Patches_others__Dcorrect__SketchFix__Lang__patch1-Lang-6-SketchFix.diff,DUP0045,SketchFix,True,True,none,,correct,,NA,NA,NA,NA,NA,NA
Patches_others__Dcorrect__SketchFix__Math__patch1-Math-33-SketchFix,Math-33,Math,33,correct,correct,Patches.zip:Patches/Patches_others/Dcorrect/SketchFix/Math/patch1-Math-33-SketchFix.patch,data/normalized_patches/Patches_others__Dcorrect__SketchFix__Math__patch1-Math-33-SketchFix.diff,DUP0053,SketchFix,True,True,none,,correct,,NA,NA,NA,NA,NA,NA
Patches_others__Dcorrect__SketchFix__Math__patch1-Math-5-SketchFix,Math-5,Math,5,correct,correct,Patches.zip:Patches/Patches_others/Dcorrect/SketchFix/Math/patch1-Math-5-SketchFix.patch,data/normalized_patches/Patches_others__Dcorrect__SketchFix__Math__patch1-Math-5-SketchFix.diff,DUP0057,SketchFix,True,True,none,,correct,,NA,NA,NA,NA,NA,NA
Patches_others__Dcorrect__SketchFix__Math__patch1-Math-50-SketchFix,Math-50,Math,50,correct,correct,Patches.zip:Patches/Patches_others/Dcorrect/SketchFix/Math/patch1-Math-50-SketchFix.patch,data/normalized_patches/Patches_others__Dcorrect__SketchFix__Math__patch1-Math-50-SketchFix.diff,,SketchFix,True,True,none,,correct,,NA,NA,NA,NA,NA,NA
Patches_others__Dcorrect__SketchFix__Math__patch1-Math-59-SketchFix,Math-59,Math,59,correct,correct,Patches.zip:Patches/Patches_others/Dcorrect/SketchFix/Math/patch1-Math-59-SketchFix.patch,data/normalized_patches/Patches_others__Dcorrect__SketchFix__Math__patch1-Math-59-SketchFix.diff,DUP0063,SketchFix,True,True,none,,correct,,NA,NA,NA,NA,NA,NA
Patches_others__Dcorrect__SketchFix__Math__patch1-Math-70-SketchFix,Math-70,Math,70,correct,correct,Patches.zip:Patches/Patches_others/Dcorrect/SketchFix/Math/patch1-Math-70-SketchFix.patch,data/normalized_patches/Patches_others__Dcorrect__SketchFix__Math__patch1-Math-70-SketchFix.diff,,SketchFix,True,True,none,,correct,,NA,NA,NA,NA,NA,NA
Patches_others__Dcorrect__SketchFix__Math__patch1-Math-82-SketchFix,Math-82,Math,82,correct,correct,Patches.zip:Patches/Patches_others/Dcorrect/SketchFix/Math/patch1-Math-82-SketchFix.patch,data/normalized_patches/Patches_others__Dcorrect__SketchFix__Math__patch1-Math-82-SketchFix.diff,DUP0077,SketchFix,True,True,none,,correct,,NA,NA,NA,NA,NA,NA
Patches_others__Doverfitting__CapGen__Lang__patch1-Lang-43-CapGen-plausible,Lang-43,Lang,43,overfitting,overfitting,Patches.zip:Patches/Patches_others/Doverfitting/CapGen/Lang/patch1-Lang-43-CapGen-plausible.patch,data/normalized_patches/Patches_others__Doverfitting__CapGen__Lang__patch1-Lang-43-CapGen-plausible.diff,,CapGen,True,True,none,,overfitting,,NA,NA,NA,NA,NA,NA
Patches_others__Doverfitting__CapGen__Lang__patch1-Lang-59-CapGen-plausible,Lang-59,Lang,59,overfitting,overfitting,Patches.zip:Patches/Patches_others/Doverfitting/CapGen/Lang/patch1-Lang-59-CapGen-plausible.patch,data/normalized_patches/Patches_others__Doverfitting__CapGen__Lang__patch1-Lang-59-CapGen-plausible.diff,,CapGen,True,True,none,,overfitting,,NA,NA,NA,NA,NA,NA
Patches_others__Doverfitting__CapGen__Lang__patch10-Lang-59-CapGen-plausible,Lang-59,Lang,59,overfitting,overfitting,Patches.zip:Patches/Patches_others/Doverfitting/CapGen/Lang/patch10-Lang-59-CapGen-plausible.patch,data/normalized_patches/Patches_others__Doverfitting__CapGen__Lang__patch10-Lang-59-CapGen-plausible.diff,,CapGen,True,True,none,,overfitting,,NA,NA,NA,NA,NA,NA
Patches_others__Doverfitting__CapGen__Lang__patch11-Lang-59-CapGen-plausible,Lang-59,Lang,59,overfitting,overfitting,Patches.zip:Patches/Patches_others/Doverfitting/CapGen/Lang/patch11-Lang-59-CapGen-plausible.patch,data/normalized_patches/Patches_others__Doverfitting__CapGen__Lang__patch11-Lang-59-CapGen-plausible.diff,,CapGen,True,True,none,,overfitting,,NA,NA,NA,NA,NA,NA
Patches_others__Doverfitting__CapGen__Lang__patch12-Lang-59-CapGen-plausible,Lang-59,Lang,59,overfitting,overfitting,Patches.zip:Patches/Patches_others/Doverfitting/CapGen/Lang/patch12-Lang-59-CapGen-plausible.patch,data/normalized_patches/Patches_others__Doverfitting__CapGen__Lang__patch12-Lang-59-CapGen-plausible.diff,,CapGen,True,True,none,,overfitting,,NA,NA,NA,NA,NA,NA
Patches_others__Doverfitting__CapGen__Lang__patch13-Lang-59-CapGen-plausible,Lang-59,Lang,59,overfitting,overfitting,Patches.zip:Patches/Patches_others/Doverfitting/CapGen/Lang/patch13-Lang-59-CapGen-plausible.patch,data/normalized_patches/Patches_others__Doverfitting__CapGen__Lang__patch13-Lang-59-CapGen-plausible.diff,,CapGen,True,True,none,,overfitting,,NA,NA,NA,NA,NA,NA
Patches_others__Doverfitting__CapGen__Lang__patch2-Lang-59-CapGen-plausible,Lang-59,Lang,59,overfitting,overfitting,Patches.zip:Patches/Patches_others/Doverfitting/CapGen/Lang/patch2-Lang-59-CapGen-plausible.patch,data/normalized_patches/Patches_others__Doverfitting__CapGen__Lang__patch2-Lang-59-CapGen-plausible.diff,,CapGen,True,True,none,,overfitting,,NA,NA,NA,NA,NA,NA
Patches_others__Doverfitting__CapGen__Lang__patch3-Lang-59-CapGen-plausible,Lang-59,Lang,59,overfitting,overfitting,Patches.zip:Patches/Patches_others/Doverfitting/CapGen/Lang/patch3-Lang-59-CapGen-plausible.patch,data/normalized_patches/Patches_others__Doverfitting__CapGen__Lang__patch3-Lang-59-CapGen-plausible.diff,,CapGen,True,True,none,,overfitting,,NA,NA,NA,NA,NA,NA
Patches_others__Doverfitting__CapGen__Lang__patch4-Lang-59-CapGen-plausible,Lang-59,Lang,59,overfitting,overfitting,Patches.zip:Patches/Patches_others/Doverfitting/CapGen/Lang/patch4-Lang-59-CapGen-plausible.patch,data/normalized_patches/Patches_others__Doverfitting__CapGen__Lang__patch4-Lang-59-CapGen-plausible.diff,,CapGen,True,True,none,,overfitting,,NA,NA,NA,NA,NA,NA
Patches_others__Doverfitting__CapGen__Lang__patch5-Lang-59-CapGen-plausible,Lang-59,Lang,59,overfitting,overfitting,Patches.zip:Patches/Patches_others/Doverfitting/CapGen/Lang/patch5-Lang-59-CapGen-plausible.patch,data/normalized_patches/Patches_others__Doverfitting__CapGen__Lang__patch5-Lang-59-CapGen-plausible.diff,,CapGen,True,True,none,,overfitting,,NA,NA,NA,NA,NA,NA
Patches_others__Doverfitting__CapGen__Lang__patch6-Lang-59-CapGen-plausible,Lang-59,Lang,59,overfitting,overfitting,Patches.zip:Patches/Patches_others/Doverfitting/CapGen/Lang/patch6-Lang-59-CapGen-plausible.patch,data/normalized_patches/Patches_others__Doverfitting__CapGen__Lang__patch6-Lang-59-CapGen-plausible.diff,,CapGen,True,True,none,,overfitting,,NA,NA,NA,NA,NA,NA
Patches_others__Doverfitting__CapGen__Lang__patch7-Lang-59-CapGen-plausible,Lang-59,Lang,59,overfitting,overfitting,Patches.zip:Patches/Patches_others/Doverfitting/CapGen/Lang/patch7-Lang-59-CapGen-plausible.patch,data/normalized_patches/Patches_others__Doverfitting__CapGen__Lang__patch7-Lang-59-CapGen-plausible.diff,,CapGen,True,True,none,,overfitting,,NA,NA,NA,NA,NA,NA
Patches_others__Doverfitting__CapGen__Lang__patch8-Lang-59-CapGen-plausible,Lang-59,Lang,59,overfitting,overfitting,Patches.zip:Patches/Patches_others/Doverfitting/CapGen/Lang/patch8-Lang-59-CapGen-plausible.patch,data/normalized_patches/Patches_others__Doverfitting__CapGen__Lang__patch8-Lang-59-CapGen-plausible.diff,,CapGen,True,True,none,,overfitting,,NA,NA,NA,NA,NA,NA
Patches_others__Doverfitting__CapGen__Lang__patch9-Lang-59-CapGen-plausible,Lang-59,Lang,59,overfitting,overfitting,Patches.zip:Patches/Patches_others/Doverfitting/CapGen/Lang/patch9-Lang-59-CapGen-plausible.patch,data/normalized_patches/Patches_others__Doverfitting__CapGen__Lang__patch9-Lang-59-CapGen-plausible.diff,,CapGen,True,True,none,,overfitting,,NA,NA,NA,NA,NA,NA
Patches_others__Doverfitting__CapGen__Math__patch1-Math-5-CapGen-plausible,Math-5,Math,5,overfitting,overfitting,Patches.zip:Patches/Patches_others/Doverfitting/CapGen/Math/patch1-Math-5-CapGen-plausible.patch,data/normalized_patches/Patches_others__Doverfitting__CapGen__Math__patch1-Math-5-CapGen-plausible.diff,,CapGen,True,True,none,,overfitting,,NA,NA,NA,NA,NA,NA
Patches_others__Doverfitting__CapGen__Math__patch1-Math-63-CapGen-plausible,Math-63,Math,63,overfitting,overfitting,Patches.zip:Patches/Patches_others/Doverfitting/CapGen/Math/patch1-Math-63-CapGen-plausible.patch,data/normalized_patches/Patches_others__Doverfitting__CapGen__Math__patch1-Math-63-CapGen-plausible.diff,,CapGen,True,True,none,,overfitting,,NA,NA,NA,NA,NA,NA
Patches_others__Doverfitting__CapGen__Math__patch1-Math-80-CapGen-plausible,Math-80,Math,80,overfitting,overfitting,Patches.zip:Patches/Patches_others/Doverfitting/CapGen/Math/patch1-Math-80-CapGen-plausible.patch,data/normalized_patches/Patches_others__Doverfitting__CapGen__Math__patch1-Math-80-CapGen-plausible.diff,,CapGen,True,True,none,,overfitting,,NA,NA,NA,NA,NA,NA
Patches_others__Doverfitting__CapGen__Math__patch1-Math-85-CapGen-plausible,Math-85,Math,85,overfitting,overfitting,Patches.zip:Patches/Patches_others/Doverfitting/CapGen/Math/patch1-Math-85-CapGen-plausible.patch,data/normalized_patches/Patches_others__Doverfitting__CapGen__Math__patch1-Math-85-CapGen-plausible.diff,,CapGen,True,True,none,,overfitting,,NA,NA,NA,NA,NA,NA
Patches_others__Doverfitting__CapGen__Math__patch10-Math-80-CapGen-plausible,Math-80,Math,80,overfitting,overfitting,Patches.zip:Patches/Patches_others/Doverfitting/CapGen/Math/patch10-Math-80-CapGen-plausible.patch,data/normalized_patches/Patches_others__Doverfitting__CapGen__Math__patch10-Math-80-CapGen-plausible.diff,,CapGen,True,True,none,,overfitting,,NA,NA,NA,NA,NA,NA
Patches_others__Doverfitting__CapGen__Math__patch2-Math-5-CapGen-plausible,Math-5,Math,5,overfitting,overfitting,Patches.zip:Patches/Patches_others/Doverfitting/CapGen/Math/patch2-Math-5-CapGen-plausible.patch,data/normalized_patches/Patches_others__Doverfitting__CapGen__Math__patch2-Math-5-CapGen-plausible.diff,,CapGen,True,True,none,,overfitting,,NA,NA,NA,NA,NA,NA
Patches_others__Doverfitting__CapGen__Math__patch2-Math-63-CapGen-plausible,Math-63,Math,63,overfitting,overfitting,Patches.zip:Patches/Patches_others/Doverfitting/CapGen/Math/patch2-Math-63-CapGen-plausible.patch,data/normalized_patches/Patches_others__Doverfitting__CapGen__Math__patch2-Math-63-CapGen-plausible.diff,,CapGen,True,True,none,,overfitting,,NA,NA,NA,NA,NA,NA
Patches_others__Doverfitting__CapGen__Math__patch2-Math-80-CapGen-plausible,Math-80,Math,80,overfitting,overfitting,Patches.zip:Patches/Patches_others/Doverfitting/CapGen/Math/patch2-Math-80-CapGen-plausible.patch,data/normalized_patches/Patches_others__Doverfitting__CapGen__Math__patch2-Math-80-CapGen-plausible.diff,,CapGen,True,True,none,,overfitting,,NA,NA,NA,NA,NA,NA
Patches_others__Doverfitting__CapGen__Math__patch2-Math-85-CapGen-plausible,Math-85,Math,85,overfitting,overfitting,Patches.zip:Patches/Patches_others/Doverfitting/CapGen/Math/patch2-Math-85-CapGen-plausible.patch,data/normalized_patches/Patches_others__Doverfitting__CapGen__Math__patch2-Math-85-CapGen-plausible.diff,,CapGen,True,True,none,,overfitting,,NA,NA,NA,NA,NA,NA
Patches_others__Doverfitting__CapGen__Math__patch3-Math-5-CapGen-plausible,Math-5,Math,5,overfitting,overfitting,Patches.zip:Patches/Patches_others/Doverfitting/CapGen/Math/patch3-Math-5-CapGen-plausible.patch,data/normalized_patches/Patches_others__Doverfitting__CapGen__Math__patch3-Math-5-CapGen-plausible.diff,,CapGen,True,True,none,,overfitting,,NA,NA,NA,NA,NA,NA
Patches_others__Doverfitting__CapGen__Math__patch3-Math-63-CapGen-plausible,Math-63,Math,63,overfitting,overfitting,Patches.zip:Patches/Patches_others/Doverfitting/CapGen/Math/patch3-Math-63-CapGen-plausible.patch,data/normalized_patches/Patches_others__Doverfitting__CapGen__Math__patch3-Math-63-CapGen-plausible.diff,,CapGen,True,True,none,,overfitting,,NA,NA,NA,NA,NA,NA
Patches_others__Doverfitting__CapGen__Math__patch3-Math-80-CapGen-plausible,Math-80,Math,80,overfitting,overfitting,Patches.zip:Patches/Patches_others/Doverfitting/CapGen/Math/patch3-Math-80-CapGen-plausible.patch,data/normalized_patches/Patches_others__Doverfitting__CapGen__Math__patch3-Math-80-CapGen-plausible.diff,,CapGen,True,True,none,,overfitting,,NA,NA,NA,NA,NA,NA
Patches_others__Doverfitting__CapGen__Math__patch3-Math-85-CapGen-plausible,Math-85,Math,85,overfitting,overfitting,Patches.zip:Patches/Patches_others/Doverfitting/CapGen/Math/patch3-Math-85-CapGen-plausible.patch,data/normalized_patches/Patches_others__Doverfitting__CapGen__Math__patch3-Math-85-CapGen-plausible.diff,,CapGen,True,True,none,,overfitting,,NA,NA,NA,NA,NA,NA
Patches_others__Doverfitting__CapGen__Math__patch4-Math-63-CapGen-plausible,Math-63,Math,63,overfitting,overfitting,Patches.zip:Patches/Patches_others/Doverfitting/CapGen/Math/patch4-Math-63-CapGen-plausible.patch,data/normalized_patches/Patches_others__Doverfitting__CapGen__Math__patch4-Math-63-CapGen-plausible.diff,,CapGen,True,True,none,,overfitting,,NA,NA,NA,NA,NA,NA
Patches_others__Doverfitting__CapGen__Math__patch4-Math-80-CapGen-plausible,Math-80,Math,80,overfitting,overfitting,Patches.zip:Patches/Patches_others/Doverfitting/CapGen/Math/patch4-Math-80-CapGen-plausible.patch,data/normalized_patches/Patches_others__Doverfitting__CapGen__Math__patch4-Math-80-CapGen-plausible.diff,,CapGen,True,True,none,,overfitting,,NA,NA,NA,NA,NA,NA
Patches_others__Doverfitting__CapGen__Math__patch5-Math-63-CapGen-plausible,Math-63,Math,63,overfitting,overfitting,Patches.zip:Patches/Patches_others/Doverfitting/CapGen/Math/patch5-Math-63-CapGen-plausible.patch,data/normalized_patches/Patches_others__Doverfitting__CapGen__Math__patch5-Math-63-CapGen-plausible.diff,,CapGen,True,True,none,,overfitting,,NA,NA,NA,NA,NA,NA
Patches_others__Doverfitting__CapGen__Math__patch5-Math-80-CapGen-plausible,Math-80,Math,80,overfitting,overfitting,Patches.zip:Patches/Patches_others/Doverfitting/CapGen/Math/patch5-Math-80-CapGen-plausible.patch,data/normalized_patches/Patches_others__Doverfitting__CapGen__Math__patch5-Math-80-CapGen-plausible.diff,,CapGen,True,True,none,,overfitting,,NA,NA,NA,NA,NA,NA
Patches_others__Doverfitting__CapGen__Math__patch6-Math-63-CapGen-plausible,Math-63,Math,63,overfitting,overfitting,Patches.zip:Patches/Patches_others/Doverfitting/CapGen/Math/patch6-Math-63-CapGen-plausible.patch,data/normalized_patches/Patches_others__Doverfitting__CapGen__Math__patch6-Math-63-CapGen-plausible.diff,,CapGen,True,True,none,,overfitting,,NA,NA,NA,NA,NA,NA
Patches_others__Doverfitting__CapGen__Math__patch6-Math-80-CapGen-plausible,Math-80,Math,80,overfitting,overfitting,Patches.zip:Patches/Patches_others/Doverfitting/CapGen/Math/patch6-Math-80-CapGen-plausible.patch,data/normalized_patches/Patches_others__Doverfitting__CapGen__Math__patch6-Math-80-CapGen-plausible.diff,,CapGen,True,True,none,,overfitting,,NA,NA,NA,NA,NA,NA
Patches_others__Doverfitting__CapGen__Math__patch7-Math-63-CapGen-plausible,Math-63,Math,63,overfitting,overfitting,Patches.zip:Patches/Patches_others/Doverfitting/CapGen/Math/patch7-Math-63-CapGen-plausible.patch,data/normalized_patches/Patches_others__Doverfitting__CapGen__Math__patch7-Math-63-CapGen-plausible.diff,,CapGen,True,True,none,,overfitting,,NA,NA,NA,NA,NA,NA
Patches_others__Doverfitting__CapGen__Math__patch7-Math-80-CapGen-plausible,Math-80,Math,80,overfitting,overfitting,Patches.zip:Patches/Patches_others/Doverfitting/CapGen/Math/patch7-Math-80-CapGen-plausible.patch,data/normalized_patches/Patches_others__Doverfitting__CapGen__Math__patch7-Math-80-CapGen-plausible.diff,,CapGen,True,True,none,,overfitting,,NA,NA,NA,NA,NA,NA
Patches_others__Doverfitting__CapGen__Math__patch8-Math-63-CapGen-plausible,Math-63,Math,63,overfitting,overfitting,Patches.zip:Patches/Patches_others/Doverfitting/CapGen/Math/patch8-Math-63-CapGen-plausible.patch,data/normalized_patches/Patches_others__Doverfitting__CapGen__Math__patch8-Math-63-CapGen-plausible.diff,,CapGen,True,True,none,,overfitting,,NA,NA,NA,NA,NA,NA
Patches_others__Doverfitting__CapGen__Math__patch8-Math-80-CapGen-plausible,Math-80,Math,80,overfitting,overfitting,Patches.zip:Patches/Patches_others/Doverfitting/CapGen/Math/patch8-Math-80-CapGen-plausible.patch,data/normalized_patches/Patches_others__Doverfitting__CapGen__Math__patch8-Math-80-CapGen-plausible.diff,,CapGen,True,True,none,,overfitting,,NA,NA,NA,NA,NA,NA
Patches_others__Doverfitting__CapGen__Math__patch9-Math-80-CapGen-plausible,Math-80,Math,80,overfitting,overfitting,Patches.zip:Patches/Patches_others/Doverfitting/CapGen/Math/patch9-Math-80-CapGen-plausible.patch,data/normalized_patches/Patches_others__Doverfitting__CapGen__Math__patch9-Math-80-CapGen-plausible.diff,,CapGen,True,True,none,,overfitting,,NA,NA,NA,NA,NA,NA
Patches_others__Doverfitting__Jaid__Chart__patch1-Chart-1-Jaid-plausible,Chart-1,Chart,1,overfitting,overfitting,Patches.zip:Patches/Patches_others/Doverfitting/Jaid/Chart/patch1-Chart-1-Jaid-plausible.patch,data/normalized_patches/Patches_others__Doverfitting__Jaid__Chart__patch1-Chart-1-Jaid-plausible.diff,,Jaid,True,True,none,,overfitting,,NA,NA,NA,NA,NA,NA
Patches_others__Doverfitting__Jaid__Chart__patch1-Chart-26-Jaid-plausible,Chart-26,Chart,26,overfitting,overfitting,Patches.zip:Patches/Patches_others/Doverfitting/Jaid/Chart/patch1-Chart-26-Jaid-plausible.patch,data/normalized_patches/Patches_others__Doverfitting__Jaid__Chart__patch1-Chart-26-Jaid-plausible.diff,,Jaid,True,True,none,,overfitting,,NA,NA,NA,NA,NA,NA
Patches_others__Doverfitting__Jaid__Chart__patch1-Chart-9-Jaid-plausible,Chart-9,Chart,9,overfitting,overfitting,Patches.zip:Patches/Patches_others/Doverfitting/Jaid/Chart/patch1-Chart-9-Jaid-plausible.patch,data/normalized_patches/Patches_others__Doverfitting__Jaid__Chart__patch1-Chart-9-Jaid-plausible.diff,,Jaid,True,True,none,,overfitting,,NA,NA,NA,NA,NA,NA
Patches_others__Doverfitting__Jaid__Chart__patch2-Chart-1-Jaid-plausible,Chart-1,Chart,1,overfitting,overfitting,Patches.zip:Patches/Patches_others/Doverfitting/Jaid/Chart/patch2-Chart-1-Jaid-plausible.patch,data/normalized_patches/Patches_others__Doverfitting__Jaid__Chart__patch2-Chart-1-Jaid-plausible.diff,,Jaid,True,True,none,,overfitting,,NA,NA,NA,NA,NA,NA
Patches_others__Doverfitting__Jaid__Chart__patch2-Chart-26-Jaid-plausible,Chart-26,Chart,26,overfitting,overfitting,Patches.zip:Patches/Patches_others/Doverfitting/Jaid/Chart/patch2-Chart-26-Jaid-plausible.patch,data/normalized_patches/Patches_others__Doverfitting__Jaid__Chart__patch2-Chart-26-Jaid-plausible.diff,,Jaid,True,True,none,,overfitting,,NA,NA,NA,NA,NA,NA
Patches_others__Doverfitting__Jaid__Chart__patch2-Chart-9-Jaid-plausible,Chart-9,Chart,9,overfitting,overfitting,Patches.zip:Patches/Patches_others/Doverfitting/Jaid/Chart/patch2-Chart-9-Jaid-plausible.patch,data/normalized_patches/Patches_others__Doverfitting__Jaid__Chart__patch2-Chart-9-Jaid-plausible.diff,,Jaid,True,True,none,,overfitting,,NA,NA,NA,NA,NA,NA
Patches_others__Doverfitting__Jaid__Chart__patch3-Chart-1-Jaid-plausible,Chart-1,Chart,1,overfitting,overfitting,Patches.zip:Patches/Patches_others/Doverfitting/Jaid/Chart/patch3-Chart-1-Jaid-plausible.patch,data/normalized_patches/Patches_others__Doverfitting__Jaid__Chart__patch3-Chart-1-Jaid-plausible.diff,,Jaid,True,True,none,,overfitting,,NA,NA,NA,NA,NA,NA
Patches_others__Doverfitting__Jaid__Chart__patch3-Chart-9-Jaid-plausible,Chart-9,Chart,9,overfitting,overfitting,Patches.zip:Patches/Patches_others/Doverfitting/Jaid/Chart/patch3-Chart-9-Jaid-plausible.patch,data/normalized_patches/Patches_others__Doverfitting__Jaid__Chart__patch3-Chart-9-Jaid-plausible.diff,,Jaid,True,True,none,,overfitting,,NA,NA,NA,NA,NA,NA
Patches_others__Doverfitting__Jaid__Closure__patch1-Closure-33-Jaid-plausible,Closure-33,Closure,33,overfitting,overfitting,Patches.zip:Patches/Patches_others/Doverfitting/Jaid/Closure/patch1-Closure-33-Jaid-plausible.patch,data/normalized_patches/Patches_others__Doverfitting__Jaid__Closure__patch1-Closure-33-Jaid-plausible.diff,,Jaid,True,True,none,,overfitting,,NA,NA,NA,NA,NA,NA
Patches_others__Doverfitting__Jaid__Closure__patch1-Closure-62-Jaid-plausible,Closure-62,Closure,62,overfitting,overfitting,Patches.zip:Patches/Patches_others/Doverfitting/Jaid/Closure/patch1-Closure-62-Jaid-plausible.patch,data/normalized_patches/Patches_others__Doverfitting__Jaid__Closure__patch1-Closure-62-Jaid-plausible.diff,,Jaid,True,True,none,,overfitting,,NA,NA,NA,NA,NA,NA
Patches_others__Doverfitting__Jaid__Closure__patch1-Closure-63-Jaid-plausible,Closure-63,Closure,63,overfitting,overfitting,Patches.zip:Patches/Patches_others/Doverfitting/Jaid/Closure/patch1-Closure-63-Jaid-plausible.patch,data/normalized_patches/Patches_others__Doverfitting__Jaid__Closure__patch1-Closure-63-Jaid-plausible.diff,,Jaid,True,True,none,,overfitting,,NA,NA,NA,NA,NA,NA
Patches_others__Doverfitting__Jaid__Closure__patch2-Closure-33-Jaid-plausible,Closure-33,Closure,33,overfitting,overfitting,Patches.zip:Patches/Patches_others/Doverfitting/Jaid/Closure/patch2-Closure-33-Jaid-plausible.patch,data/normalized_patches/Patches_others__Doverfitting__Jaid__Closure__patch2-Closure-33-Jaid-plausible.diff,,Jaid,True,True,none,,overfitting,,NA,NA,NA,NA,NA,NA
Patches_others__Doverfitting__Jaid__Lang__patch1-Lang-45-Jaid-plausible,Lang-45,Lang,45,overfitting,overfitting,Patches.zip:Patches/Patches_others/Doverfitting/Jaid/Lang/patch1-Lang-45-Jaid-plausible.patch,data/normalized_patches/Patches_others__Doverfitting__Jaid__Lang__patch1-Lang-45-Jaid-plausible.diff,,Jaid,True,True,none,,overfitting,,NA,NA,NA,NA,NA,NA
Patches_others__Doverfitting__Jaid__Lang__patch1-Lang-51-Jaid-plausible,Lang-51,Lang,51,overfitting,overfitting,Patches.zip:Patches/Patches_others/Doverfitting/Jaid/Lang/patch1-Lang-51-Jaid-plausible.patch,data/normalized_patches/Patches_others__Doverfitting__Jaid__Lang__patch1-Lang-51-Jaid-plausible.diff,,Jaid,True,True,none,,overfitting,,NA,NA,NA,NA,NA,NA
Patches_others__Doverfitting__Jaid__Lang__patch1-Lang-55-Jaid-plausible,Lang-55,Lang,55,overfitting,overfitting,Patches.zip:Patches/Patches_others/Doverfitting/Jaid/Lang/patch1-Lang-55-Jaid-plausible.patch,data/normalized_patches/Patches_others__Doverfitting__Jaid__Lang__patch1-Lang-55-Jaid-plausible.diff,,Jaid,True,True,none,,overfitting,,NA,NA,NA,NA,NA,NA
Patches_others__Doverfitting__Jaid__Lang__patch1-Lang-61-Jaid-plausible,Lang-61,Lang,61,overfitting,overfitting,Patches.zip:Patches/Patches_others/Doverfitting/Jaid/Lang/patch1-Lang-61-Jaid-plausible.patch,data/normalized_patches/Patches_others__Doverfitting__Jaid__Lang__patch1-Lang-61-Jaid-plausible.diff,,Jaid,True,True,none,,overfitting,,NA,NA,NA,NA,NA,NA
Patches_others__Doverfitting__Jaid__Lang__patch2-Lang-45-Jaid-plausible,Lang-45,Lang,45,overfitting,overfitting,Patches.zip:Patches/Patches_others/Doverfitting/Jaid/Lang/patch2-Lang-45-Jaid-plausible.patch,data/normalized_patches/Patches_others__Doverfitting__Jaid__Lang__patch2-Lang-45-Jaid-plausible.diff,,Jaid,True,True,none,,overfitting,,NA,NA,NA,NA,NA,NA
Patches_others__Doverfitting__Jaid__Lang__patch2-Lang-51-Jaid-plausible,Lang-51,Lang,51,overfitting,overfitting,Patches.zip:Patches/Patches_others/Doverfitting/Jaid/Lang/patch2-Lang-51-Jaid-plausible.patch,data/normalized_patches/Patches_others__Doverfitting__Jaid__Lang__patch2-Lang-51-Jaid-plausible.diff,,Jaid,True,True,none,,overfitting,,NA,NA,NA,NA,NA,NA
Patches_others__Doverfitting__Jaid__Lang__patch2-Lang-55-Jaid-plausible,Lang-55,Lang,55,overfitting,overfitting,Patches.zip:Patches/Patches_others/Doverfitting/Jaid/Lang/patch2-Lang-55-Jaid-plausible.patch,data/normalized_patches/Patches_others__Doverfitting__Jaid__Lang__patch2-Lang-55-Jaid-plausible.diff,,Jaid,True,True,none,,overfitting,,NA,NA,NA,NA,NA,NA
Patches_others__Doverfitting__Jaid__Lang__patch2-Lang-61-Jaid-plausible,Lang-61,Lang,61,overfitting,overfitting,Patches.zip:Patches/Patches_others/Doverfitting/Jaid/Lang/patch2-Lang-61-Jaid-plausible.patch,data/normalized_patches/Patches_others__Doverfitting__Jaid__Lang__patch2-Lang-61-Jaid-plausible.diff,,Jaid,True,True,none,,overfitting,,NA,NA,NA,NA,NA,NA
Patches_others__Doverfitting__Jaid__Lang__patch3-Lang-51-Jaid-plausible,Lang-51,Lang,51,overfitting,overfitting,Patches.zip:Patches/Patches_others/Doverfitting/Jaid/Lang/patch3-Lang-51-Jaid-plausible.patch,data/normalized_patches/Patches_others__Doverfitting__Jaid__Lang__patch3-Lang-51-Jaid-plausible.diff,,Jaid,True,True,none,,overfitting,,NA,NA,NA,NA,NA,NA
Patches_others__Doverfitting__Jaid__Lang__patch3-Lang-55-Jaid-plausible,Lang-55,Lang,55,overfitting,overfitting,Patches.zip:Patches/Patches_others/Doverfitting/Jaid/Lang/patch3-Lang-55-Jaid-plausible.patch,data/normalized_patches/Patches_others__Doverfitting__Jaid__Lang__patch3-Lang-55-Jaid-plausible.diff,,Jaid,True,True,none,,overfitting,,NA,NA,NA,NA,NA,NA
Patches_others__Doverfitting__Jaid__Math__patch1-Math-32-Jaid-plausible,Math-32,Math,32,overfitting,overfitting,Patches.zip:Patches/Patches_others/Doverfitting/Jaid/Math/patch1-Math-32-Jaid-plausible.patch,data/normalized_patches/Patches_others__Doverfitting__Jaid__Math__patch1-Math-32-Jaid-plausible.diff,,Jaid,True,True,none,,overfitting,,NA,NA,NA,NA,NA,NA
Patches_others__Doverfitting__Jaid__Math__patch1-Math-50-Jaid-plausible,Math-50,Math,50,overfitting,overfitting,Patches.zip:Patches/Patches_others/Doverfitting/Jaid/Math/patch1-Math-50-Jaid-plausible.patch,data/normalized_patches/Patches_others__Doverfitting__Jaid__Math__patch1-Math-50-Jaid-plausible.diff,,Jaid,True,True,none,,overfitting,,NA,NA,NA,NA,NA,NA
Patches_others__Doverfitting__Jaid__Math__patch1-Math-53-Jaid-plausible,Math-53,Math,53,overfitting,overfitting,Patches.zip:Patches/Patches_others/Doverfitting/Jaid/Math/patch1-Math-53-Jaid-plausible.patch,data/normalized_patches/Patches_others__Doverfitting__Jaid__Math__patch1-Math-53-Jaid-plausible.diff,,Jaid,True,True,none,,overfitting,,NA,NA,NA,NA,NA,NA
Patches_others__Doverfitting__Jaid__Math__patch1-Math-80-Jaid-plausible,Math-80,Math,80,overfitting,overfitting,Patches.zip:Patches/Patches_others/Doverfitting/Jaid/Math/patch1-Math-80-Jaid-plausible.patch,data/normalized_patches/Patches_others__Doverfitting__Jaid__Math__patch1-Math-80-Jaid-plausible.diff,,Jaid,True,True,none,,overfitting,,NA,NA,NA,NA,NA,NA
Patches_others__Doverfitting__Jaid__Math__patch1-Math-82-Jaid-plausible,Math-82,Math,82,overfitting,overfitting,Patches.zip:Patches/Patches_others/Doverfitting/Jaid/Math/patch1-Math-82-Jaid-plausible.patch,data/normalized_patches/Patches_others__Doverfitting__Jaid__Math__patch1-Math-82-Jaid-plausible.diff,,Jaid,True,True,none,,overfitting,,NA,NA,NA,NA,NA,NA
Patches_others__Doverfitting__Jaid__Math__patch1-Math-85-Jaid-plausible,Math-85,Math,85,overfitting,overfitting,Patches.zip:Patches/Patches_others/Doverfitting/Jaid/Math/patch1-Math-85-Jaid-plausible.patch,data/normalized_patches/Patches_others__Doverfitting__Jaid__Math__patch1-Math-85-Jaid-plausible.diff,,Jaid,True,True,none,,overfitting,,NA,NA,NA,NA,NA,NA
Patches_others__Doverfitting__Jaid__Math__patch2-Math-53-Jaid-plausible,Math-53,Math,53,overfitting,overfitting,Patches.zip:Patches/Patches_others/Doverfitting/Jaid/Math/patch2-Math-53-Jaid-plausible.patch,data/normalized_patches/Patches_others__Doverfitting__Jaid__Math__patch2-Math-53-Jaid-plausible.diff,,Jaid,True,True,none,,overfitting,,NA,NA,NA,NA,NA,NA
Patches_others__Doverfitting__Jaid__Math__patch2-Math-80-Jaid-plausible,Math-80,Math,80,overfitting,overfitting,Patches.zip:Patches/Patches_others/Doverfitting/Jaid/Math/patch2-Math-80-Jaid-plausible.patch,data/normalized_patches/Patches_others__Doverfitting__Jaid__Math__patch2-Math-80-Jaid-plausible.diff,,Jaid,True,True,none,,overfitting,,NA,NA,NA,NA,NA,NA
Patches_others__Doverfitting__Jaid__Math__patch2-Math-82-Jaid-plausible,Math-82,Math,82,overfitting,overfitting,Patches.zip:Patches/Patches_others/Doverfitting/Jaid/Math/patch2-Math-82-Jaid-plausible.patch,data/normalized_patches/Patches_others__Doverfitting__Jaid__Math__patch2-Math-82-Jaid-plausible.diff,,Jaid,True,True,none,,overfitting,,NA,NA,NA,NA,NA,NA
Patches_others__Doverfitting__Jaid__Math__patch2-Math-85-Jaid-plausible,Math-85,Math,85,overfitting,overfitting,Patches.zip:Patches/Patches_others/Doverfitting/Jaid/Math/patch2-Math-85-Jaid-plausible.patch,data/normalized_patches/Patches_others__Doverfitting__Jaid__Math__patch2-Math-85-Jaid-plausible.diff,,Jaid,True,True,none,,overfitting,,NA,NA,NA,NA,NA,NA
Patches_others__Doverfitting__Jaid__Math__patch3-Math-50-Jaid-plausible,Math-50,Math,50,overfitting,overfitting,Patches.zip:Patches/Patches_others/Doverfitting/Jaid/Math/patch3-Math-50-Jaid-plausible.patch,data/normalized_patches/Patches_others__Doverfitting__Jaid__Math__patch3-Math-50-Jaid-plausible.diff,,Jaid,True,True,none,,overfitting,,NA,NA,NA,NA,NA,NA
Patches_others__Doverfitting__Jaid__Math__patch3-Math-53-Jaid-plausible,Math-53,Math,53,overfitting,overfitting,Patches.zip:Patches/Patches_others/Doverfitting/Jaid/Math/patch3-Math-53-Jaid-plausible.patch,data/normalized_patches/Patches_others__Doverfitting__Jaid__Math__patch3-Math-53-Jaid-plausible.diff,,Jaid,True,True,none,,overfitting,,NA,NA,NA,NA,NA,NA
Patches_others__Doverfitting__Jaid__Math__patch3-Math-80-Jaid-plausible,Math-80,Math,80,overfitting,overfitting,Patches.zip:Patches/Patches_others/Doverfitting/Jaid/Math/patch3-Math-80-Jaid-plausible.patch,data/normalized_patches/Patches_others__Doverfitting__Jaid__Math__patch3-Math-80-Jaid-plausible.diff,,Jaid,True,True,none,,overfitting,,NA,NA,NA,NA,NA,NA
Patches_others__Doverfitting__Jaid__Math__patch3-Math-82-Jaid-plausible,Math-82,Math,82,overfitting,overfitting,Patches.zip:Patches/Patches_others/Doverfitting/Jaid/Math/patch3-Math-82-Jaid-plausible.patch,data/normalized_patches/Patches_others__Doverfitting__Jaid__Math__patch3-Math-82-Jaid-plausible.diff,,Jaid,True,True,none,,overfitting,,NA,NA,NA,NA,NA,NA
Patches_others__Doverfitting__Jaid__Math__patch3-Math-85-Jaid-plausible,Math-85,Math,85,overfitting,overfitting,Patches.zip:Patches/Patches_others/Doverfitting/Jaid/Math/patch3-Math-85-Jaid-plausible.patch,data/normalized_patches/Patches_others__Doverfitting__Jaid__Math__patch3-Math-85-Jaid-plausible.diff,,Jaid,True,True,none,,overfitting,,NA,NA,NA,NA,NA,NA
Patches_others__Doverfitting__Jaid__Math__patch4-Math-82-Jaid-plausible,Math-82,Math,82,overfitting,overfitting,Patches.zip:Patches/Patches_others/Doverfitting/Jaid/Math/patch4-Math-82-Jaid-plausible.patch,data/normalized_patches/Patches_others__Doverfitting__Jaid__Math__patch4-Math-82-Jaid-plausible.diff,,Jaid,True,True,none,,overfitting,,NA,NA,NA,NA,NA,NA
Patches_others__Doverfitting__Jaid__Math__patch4-Math-85-Jaid-plausible,Math-85,Math,85,overfitting,overfitting,Patches.zip:Patches/Patches_others/Doverfitting/Jaid/Math/patch4-Math-85-Jaid-plausible.patch,data/normalized_patches/Patches_others__Doverfitting__Jaid__Math__patch4-Math-85-Jaid-plausible.diff,,Jaid,True,True,none,,overfitting,,NA,NA,NA,NA,NA,NA
Patches_others__Doverfitting__SOFix__Math__patch1-Math-2-SOFix-plausible,Math-2,Math,2,overfitting,overfitting,Patches.zip:Patches/Patches_others/Doverfitting/SOFix/Math/patch1-Math-2-SOFix-plausible.patch,data/normalized_patches/Patches_others__Doverfitting__SOFix__Math__patch1-Math-2-SOFix-plausible.diff,,SOFix,True,True,none,,overfitting,,NA,NA,NA,NA,NA,NA
Patches_others__Doverfitting__SOFix__Math__patch2-Math-2-SOFix-plausible,Math-2,Math,2,overfitting,overfitting,Patches.zip:Patches/Patches_others/Doverfitting/SOFix/Math/patch2-Math-2-SOFix-plausible.patch,data/normalized_patches/Patches_others__Doverfitting__SOFix__Math__patch2-Math-2-SOFix-plausible.diff,,SOFix,True,True,none,,overfitting,,NA,NA,NA,NA,NA,NA
Patches_others__Doverfitting__SequenceR__Chart__patch2-Chart-1-SequenceR,Chart-1,Chart,1,overfitting,overfitting,Patches.zip:Patches/Patches_others/Doverfitting/SequenceR/Chart/patch2-Chart-1-SequenceR.patch,data/normalized_patches/Patches_others__Doverfitting__SequenceR__Chart__patch2-Chart-1-SequenceR.diff,,SequenceR,True,True,none,,overfitting,,NA,NA,NA,NA,NA,NA
Patches_others__Doverfitting__SequenceR__Chart__patch3-Chart-1-SequenceR,Chart-1,Chart,1,overfitting,overfitting,Patches.zip:Patches/Patches_others/Doverfitting/SequenceR/Chart/patch3-Chart-1-SequenceR.patch,data/normalized_patches/Patches_others__Doverfitting__SequenceR__Chart__patch3-Chart-1-SequenceR.diff,,SequenceR,True,True,none,,overfitting,,NA,NA,NA,NA,NA,NA
Patches_others__Doverfitting__SequenceR__Chart__patch4-Chart-1-SequenceR,Chart-1,Chart,1,overfitting,overfitting,Patches.zip:Patches/Patches_others/Doverfitting/SequenceR/Chart/patch4-Chart-1-SequenceR.patch,data/normalized_patches/Patches_others__Doverfitting__SequenceR__Chart__patch4-Chart-1-SequenceR.diff,,SequenceR,True,True,none,,overfitting,,NA,NA,NA,NA,NA,NA
Patches_others__Doverfitting__SequenceR__Closure__patch1-Closure-123-SequenceR,Closure-123,Closure,123,overfitting,overfitting,Patches.zip:Patches/Patches_others/Doverfitting/SequenceR/Closure/patch1-Closure-123-SequenceR.patch,data/normalized_patches/Patches_others__Doverfitting__SequenceR__Closure__patch1-Closure-123-SequenceR.diff,,SequenceR,True,True,none,,overfitting,,NA,NA,NA,NA,NA,NA
Patches_others__Doverfitting__SequenceR__Closure__patch1-Closure-18-SequenceR,Closure-18,Closure,18,overfitting,overfitting,Patches.zip:Patches/Patches_others/Doverfitting/SequenceR/Closure/patch1-Closure-18-SequenceR.patch,data/normalized_patches/Patches_others__Doverfitting__SequenceR__Closure__patch1-Closure-18-SequenceR.diff,,SequenceR,True,True,none,,overfitting,,NA,NA,NA,NA,NA,NA
Patches_others__Doverfitting__SequenceR__Closure__patch1-Closure-38-SequenceR,Closure-38,Closure,38,overfitting,overfitting,Patches.zip:Patches/Patches_others/Doverfitting/SequenceR/Closure/patch1-Closure-38-SequenceR.patch,data/normalized_patches/Patches_others__Doverfitting__SequenceR__Closure__patch1-Closure-38-SequenceR.diff,,SequenceR,True,True,none,,overfitting,,NA,NA,NA,NA,NA,NA
Patches_others__Doverfitting__SequenceR__Closure__patch1-Closure-73-SequenceR,Closure-73,Closure,73,overfitting,overfitting,Patches.zip:Patches/Patches_others/Doverfitting/SequenceR/Closure/patch1-Closure-73-SequenceR.patch,data/normalized_patches/Patches_others__Doverfitting__SequenceR__Closure__patch1-Closure-73-SequenceR.diff,,SequenceR,True,True,none,,overfitting,,NA,NA,NA,NA,NA,NA
Patches_others__Doverfitting__SequenceR__Closure__patch1-Closure-92-SequenceR,Closure-92,Closure,92,overfitting,overfitting,Patches.zip:Patches/Patches_others/Doverfitting/SequenceR/Closure/patch1-Closure-92-SequenceR.patch,data/normalized_patches/Patches_others__Doverfitting__SequenceR__Closure__patch1-Closure-92-SequenceR.diff,,SequenceR,True,True,none,,overfitting,,NA,NA,NA,NA,NA,NA
Patches_others__Doverfitting__SequenceR__Closure__patch1-Closure-93-SequenceR,Closure-93,Closure,93,overfitting,overfitting,Patches.zip:Patches/Patches_others/Doverfitting/SequenceR/Closure/patch1-Closure-93-SequenceR.patch,data/normalized_patches/Patches_others__Doverfitting__SequenceR__Closure__patch1-Closure-93-SequenceR.diff,,SequenceR,True,True,none,,overfitting,,NA,NA,NA,NA,NA,NA
Patches_others__Doverfitting__SequenceR__Closure__patch10-Closure-92-SequenceR,Closure-92,Closure,92,overfitting,overfitting,Patches.zip:Patches/Patches_others/Doverfitting/SequenceR/Closure/patch10-Closure-92-SequenceR.patch,data/normalized_patches/Patches_others__Doverfitting__SequenceR__Closure__patch10-Closure-92-SequenceR.diff,,SequenceR,True,True,none,,overfitting,,NA,NA,NA,NA,NA,NA
Patches_others__Doverfitting__SequenceR__Closure__patch10-Closure-93-SequenceR,Closure-93,Closure,93,overfitting,overfitting,Patches.zip:Patches/Patches_others/Doverfitting/SequenceR/Closure/patch10-Closure-93-SequenceR.patch,data/normalized_patches/Patches_others__Doverfitting__SequenceR__Closure__patch10-Closure-93-SequenceR.diff,,SequenceR,True,True,none,,overfitting,,NA,NA,NA,NA,NA,NA
Patches_others__Doverfitting__SequenceR__Closure__patch2-Closure-38-SequenceR,Closure-38,Closure,38,overfitting,overfitting,Patches.zip:Patches/Patches_others/Doverfitting/SequenceR/Closure/patch2-Closure-38-SequenceR.patch,data/normalized_patches/Patches_others__Doverfitting__SequenceR__Closure__patch2-Closure-38-SequenceR.diff,,SequenceR,True,True,none,,overfitting,,NA,NA,NA,NA,NA,NA
Patches_others__Doverfitting__SequenceR__Closure__patch2-Closure-86-SequenceR,Closure-86,Closure,86,overfitting,overfitting,Patches.zip:Patches/Patches_others/Doverfitting/SequenceR/Closure/patch2-Closure-86-SequenceR.patch,data/normalized_patches/Patches_others__Doverfitting__SequenceR__Closure__patch2-Closure-86-SequenceR.diff,,SequenceR,True,True,none,,overfitting,,NA,NA,NA,NA,NA,NA
Patches_others__Doverfitting__SequenceR__Closure__patch2-Closure-92-SequenceR,Closure-92,Closure,92,overfitting,overfitting,Patches.zip:Patches/Patches_others/Doverfitting/SequenceR/Closure/patch2-Closure-92-SequenceR.patch,data/normalized_patches/Patches_others__Doverfitting__SequenceR__Closure__patch2-Closure-92-SequenceR.diff,,SequenceR,True,True,none,,overfitting,,NA,NA,NA,NA,NA,NA
Patches_others__Doverfitting__SequenceR__Closure__patch2-Closure-93-SequenceR,Closure-93,Closure,93,overfitting,overfitting,Patches.zip:Patches/Patches_others/Doverfitting/SequenceR/Closure/patch2-Closure-93-SequenceR.patch,data/normalized_patches/Patches_others__Doverfitting__SequenceR__Closure__patch2-Closure-93-SequenceR.diff,,SequenceR,True,True,none,,overfitting,,NA,NA,NA,NA,NA,NA
Patches_others__Doverfitting__SequenceR__Closure__patch3-Closure-18-SequenceR,Closure-18,Closure,18,overfitting,overfitting,Patches.zip:Patches/Patches_others/Doverfitting/SequenceR/Closure/patch3-Closure-18-SequenceR.patch,data/normalized_patches/Patches_others__Doverfitting__SequenceR__Closure__patch3-Closure-18-SequenceR.diff,,SequenceR,True,True,none,,overfitting,,NA,NA,NA,NA,NA,NA
Patches_others__Doverfitting__SequenceR__Closure__patch3-Closure-38-SequenceR,Closure-38,Closure,38,overfitting,overfitting,Patches.zip:Patches/Patches_others/Doverfitting/SequenceR/Closure/patch3-Closure-38-SequenceR.patch,data/normalized_patches/Patches_others__Doverfitting__SequenceR__Closure__patch3-Closure-38-SequenceR.diff,,SequenceR,True,True,none,,overfitting,,NA,NA,NA,NA,NA,NA
Patches_others__Doverfitting__SequenceR__Closure__patch3-Closure-86-SequenceR,Closure-86,Closure,86,overfitting,overfitting,Patches.zip:Patches/Patches_others/Doverfitting/SequenceR/Closure/patch3-Closure-86-SequenceR.patch,data/normalized_patches/Patches_others__Doverfitting__SequenceR__Closure__patch3-Closure-86-SequenceR.diff,,SequenceR,True,True,none,,overfitting,,NA,NA,NA,NA,NA,NA
Patches_others__Doverfitting__SequenceR__Closure__patch3-Closure-92-SequenceR,Closure-92,Closure,92,overfitting,overfitting,Patches.zip:Patches/Patches_others/Doverfitting/SequenceR/Closure/patch3-Closure-92-SequenceR.patch,data/normalized_patches/Patches_others__Doverfitting__SequenceR__Closure__patch3-Closure-92-SequenceR.diff,,SequenceR,True,True,none,,overfitting,,NA,NA,NA,NA,NA,NA
Patches_others__Doverfitting__SequenceR__Closure__patch3-Closure-93-SequenceR,Closure-93,Closure,93,overfitting,overfitting,Patches.zip:Patches/Patches_others/Doverfitting/SequenceR/Closure/patch3-Closure-93-SequenceR.patch,data/normalized_patches/Patches_others__Doverfitting__SequenceR__Closure__patch3-Closure-93-SequenceR.diff,,SequenceR,True,True,none,,overfitting,,NA,NA,NA,NA,NA,NA
Patches_others__Doverfitting__SequenceR__Closure__patch4-Closure-18-SequenceR,Closure-18,Closure,18,overfitting,overfitting,Patches.zip:Patches/Patches_others/Doverfitting/SequenceR/Closure/patch4-Closure-18-SequenceR.patch,data/normalized_patches/Patches_others__Doverfitting__SequenceR__Closure__patch4-Closure-18-SequenceR.diff,,SequenceR,True,True,none,,overfitting,,NA,NA,NA,NA,NA,NA
Patches_others__Doverfitting__SequenceR__Closure__patch4-Closure-86-SequenceR,Closure-86,Closure,86,overfitting,overfitting,Patches.zip:Patches/Patches_others/Doverfitting/SequenceR/Closure/patch4-Closure-86-SequenceR.patch,data/normalized_patches/Patches_others__Doverfitting__SequenceR__Closure__patch4-Closure-86-SequenceR.diff,,SequenceR,True,True,none,,overfitting,,NA,NA,NA,NA,NA,NA
Patches_others__Doverfitting__SequenceR__Closure__patch4-Closure-92-SequenceR,Closure-92,Closure,92,overfitting,overfitting,Patches.zip:Patches/Patches_others/Doverfitting/SequenceR/Closure/patch4-Closure-92-SequenceR.patch,data/normalized_patches/Patches_others__Doverfitting__SequenceR__Closure__patch4-Closure-92-SequenceR.diff,,SequenceR,True,True,none,,overfitting,,NA,NA,NA,NA,NA,NA
Patches_others__Doverfitting__SequenceR__Closure__patch4-Closure-93-SequenceR,Closure-93,Closure,93,overfitting,overfitting,Patches.zip:Patches/Patches_others/Doverfitting/SequenceR/Closure/patch4-Closure-93-SequenceR.patch,data/normalized_patches/Patches_others__Doverfitting__SequenceR__Closure__patch4-Closure-93-SequenceR.diff,,SequenceR,True,True,none,,overfitting,,NA,NA,NA,NA,NA,NA
Patches_others__Doverfitting__SequenceR__Closure__patch5-Closure-18-SequenceR,Closure-18,Closure,18,overfitting,overfitting,Patches.zip:Patches/Patches_others/Doverfitting/SequenceR/Closure/patch5-Closure-18-SequenceR.patch,data/normalized_patches/Patches_others__Doverfitting__SequenceR__Closure__patch5-Closure-18-SequenceR.diff,,SequenceR,True,True,none,,overfitting,,NA,NA,NA,NA,NA,NA
Patches_others__Doverfitting__SequenceR__Closure__patch5-Closure-86-SequenceR,Closure-86,Closure,86,overfitting,overfitting,Patches.zip:Patches/Patches_others/Doverfitting/SequenceR/Closure/patch5-Closure-86-SequenceR.patch,data/normalized_patches/Patches_others__Doverfitting__SequenceR__Closure__patch5-Closure-86-SequenceR.diff,,SequenceR,True,True,none,,overfitting,,NA,NA,NA,NA,NA,NA
Patches_others__Doverfitting__SequenceR__Closure__patch5-Closure-92-SequenceR,Closure-92,Closure,92,overfitting,overfitting,Patches.zip:Patches/Patches_others/Doverfitting/SequenceR/Closure/patch5-Closure-92-SequenceR.patch,data/normalized_patches/Patches_others__Doverfitting__SequenceR__Closure__patch5-Closure-92-SequenceR.diff,,SequenceR,True,True,none,,overfitting,,NA,NA,NA,NA,NA,NA
Patches_others__Doverfitting__SequenceR__Closure__patch5-Closure-93-SequenceR,Closure-93,Closure,93,overfitting,overfitting,Patches.zip:Patches/Patches_others/Doverfitting/SequenceR/Closure/patch5-Closure-93-SequenceR.patch,data/normalized_patches/Patches_others__Doverfitting__SequenceR__Closure__patch5-Closure-93-SequenceR.diff,,SequenceR,True,True,none,,overfitting,,NA,NA,NA,NA,NA,NA
Patches_others__Doverfitting__SequenceR__Closure__patch6-Closure-92-SequenceR,Closure-92,Closure,92,overfitting,overfitting,Patches.zip:Patches/Patches_others/Doverfitting/SequenceR/Closure/patch6-Closure-92-SequenceR.patch,data/normalized_patches/Patches_others__Doverfitting__SequenceR__Closure__patch6-Closure-92-SequenceR.diff,,SequenceR,True,True,none,,overfitting,,NA,NA,NA,NA,NA,NA
Patches_others__Doverfitting__SequenceR__Closure__patch6-Closure-93-SequenceR,Closure-93,Closure,93,overfitting,overfitting,Patches.zip:Patches/Patches_others/Doverfitting/SequenceR/Closure/patch6-Closure-93-SequenceR.patch,data/normalized_patches/Patches_others__Doverfitting__SequenceR__Closure__patch6-Closure-93-SequenceR.diff,,SequenceR,True,True,none,,overfitting,,NA,NA,NA,NA,NA,NA
Patches_others__Doverfitting__SequenceR__Closure__patch7-Closure-92-SequenceR,Closure-92,Closure,92,overfitting,overfitting,Patches.zip:Patches/Patches_others/Doverfitting/SequenceR/Closure/patch7-Closure-92-SequenceR.patch,data/normalized_patches/Patches_others__Doverfitting__SequenceR__Closure__patch7-Closure-92-SequenceR.diff,,SequenceR,True,True,none,,overfitting,,NA,NA,NA,NA,NA,NA
Patches_others__Doverfitting__SequenceR__Closure__patch8-Closure-92-SequenceR,Closure-92,Closure,92,overfitting,overfitting,Patches.zip:Patches/Patches_others/Doverfitting/SequenceR/Closure/patch8-Closure-92-SequenceR.patch,data/normalized_patches/Patches_others__Doverfitting__SequenceR__Closure__patch8-Closure-92-SequenceR.diff,,SequenceR,True,True,none,,overfitting,,NA,NA,NA,NA,NA,NA
Patches_others__Doverfitting__SequenceR__Closure__patch8-Closure-93-SequenceR,Closure-93,Closure,93,overfitting,overfitting,Patches.zip:Patches/Patches_others/Doverfitting/SequenceR/Closure/patch8-Closure-93-SequenceR.patch,data/normalized_patches/Patches_others__Doverfitting__SequenceR__Closure__patch8-Closure-93-SequenceR.diff,,SequenceR,True,True,none,,overfitting,,NA,NA,NA,NA,NA,NA
Patches_others__Doverfitting__SequenceR__Closure__patch9-Closure-92-SequenceR,Closure-92,Closure,92,overfitting,overfitting,Patches.zip:Patches/Patches_others/Doverfitting/SequenceR/Closure/patch9-Closure-92-SequenceR.patch,data/normalized_patches/Patches_others__Doverfitting__SequenceR__Closure__patch9-Closure-92-SequenceR.diff,,SequenceR,True,True,none,,overfitting,,NA,NA,NA,NA,NA,NA
Patches_others__Doverfitting__SequenceR__Closure__patch9-Closure-93-SequenceR,Closure-93,Closure,93,overfitting,overfitting,Patches.zip:Patches/Patches_others/Doverfitting/SequenceR/Closure/patch9-Closure-93-SequenceR.patch,data/normalized_patches/Patches_others__Doverfitting__SequenceR__Closure__patch9-Closure-93-SequenceR.diff,,SequenceR,True,True,none,,overfitting,,NA,NA,NA,NA,NA,NA
Patches_others__Doverfitting__SequenceR__Lang__patch2-Lang-6-SequenceR,Lang-6,Lang,6,overfitting,overfitting,Patches.zip:Patches/Patches_others/Doverfitting/SequenceR/Lang/patch2-Lang-6-SequenceR.patch,data/normalized_patches/Patches_others__Doverfitting__SequenceR__Lang__patch2-Lang-6-SequenceR.diff,,SequenceR,True,True,none,,overfitting,,NA,NA,NA,NA,NA,NA
Patches_others__Doverfitting__SequenceR__Math__patch1-Math-59-SequenceR,Math-59,Math,59,overfitting,overfitting,Patches.zip:Patches/Patches_others/Doverfitting/SequenceR/Math/patch1-Math-59-SequenceR.patch,data/normalized_patches/Patches_others__Doverfitting__SequenceR__Math__patch1-Math-59-SequenceR.diff,,SequenceR,True,True,none,,overfitting,,NA,NA,NA,NA,NA,NA
Patches_others__Doverfitting__SequenceR__Math__patch1-Math-63-SequenceR,Math-63,Math,63,overfitting,overfitting,Patches.zip:Patches/Patches_others/Doverfitting/SequenceR/Math/patch1-Math-63-SequenceR.patch,data/normalized_patches/Patches_others__Doverfitting__SequenceR__Math__patch1-Math-63-SequenceR.diff,,SequenceR,True,True,none,,overfitting,,NA,NA,NA,NA,NA,NA
Patches_others__Doverfitting__SequenceR__Math__patch1-Math-80-SequenceR,Math-80,Math,80,overfitting,overfitting,Patches.zip:Patches/Patches_others/Doverfitting/SequenceR/Math/patch1-Math-80-SequenceR.patch,data/normalized_patches/Patches_others__Doverfitting__SequenceR__Math__patch1-Math-80-SequenceR.diff,,SequenceR,True,True,none,,overfitting,,NA,NA,NA,NA,NA,NA
Patches_others__Doverfitting__SequenceR__Math__patch10-Math-85-SequenceR,Math-85,Math,85,overfitting,overfitting,Patches.zip:Patches/Patches_others/Doverfitting/SequenceR/Math/patch10-Math-85-SequenceR.patch,data/normalized_patches/Patches_others__Doverfitting__SequenceR__Math__patch10-Math-85-SequenceR.diff,,SequenceR,True,True,none,,overfitting,,NA,NA,NA,NA,NA,NA
Patches_others__Doverfitting__SequenceR__Math__patch11-Math-85-SequenceR,Math-85,Math,85,overfitting,overfitting,Patches.zip:Patches/Patches_others/Doverfitting/SequenceR/Math/patch11-Math-85-SequenceR.patch,data/normalized_patches/Patches_others__Doverfitting__SequenceR__Math__patch11-Math-85-SequenceR.diff,,SequenceR,True,True,none,,overfitting,,NA,NA,NA,NA,NA,NA
Patches_others__Doverfitting__SequenceR__Math__patch12-Math-85-SequenceR,Math-85,Math,85,overfitting,overfitting,Patches.zip:Patches/Patches_others/Doverfitting/SequenceR/Math/patch12-Math-85-SequenceR.patch,data/normalized_patches/Patches_others__Doverfitting__SequenceR__Math__patch12-Math-85-SequenceR.diff,,SequenceR,True,True,none,,overfitting,,NA,NA,NA,NA,NA,NA
Patches_others__Doverfitting__SequenceR__Math__patch13-Math-85-SequenceR,Math-85,Math,85,overfitting,overfitting,Patches.zip:Patches/Patches_others/Doverfitting/SequenceR/Math/patch13-Math-85-SequenceR.patch,data/normalized_patches/Patches_others__Doverfitting__SequenceR__Math__patch13-Math-85-SequenceR.diff,,SequenceR,True,True,none,,overfitting,,NA,NA,NA,NA,NA,NA
Patches_others__Doverfitting__SequenceR__Math__patch14-Math-85-SequenceR,Math-85,Math,85,overfitting,overfitting,Patches.zip:Patches/Patches_others/Doverfitting/SequenceR/Math/patch14-Math-85-SequenceR.patch,data/normalized_patches/Patches_others__Doverfitting__SequenceR__Math__patch14-Math-85-SequenceR.diff,,SequenceR,True,True,none,,overfitting,,NA,NA,NA,NA,NA,NA
Patches_others__Doverfitting__SequenceR__Math__patch15-Math-85-SequenceR,Math-85,Math,85,overfitting,overfitting,Patches.zip:Patches/Patches_others/Doverfitting/SequenceR/Math/patch15-Math-85-SequenceR.patch,data/normalized_patches/Patches_others__Doverfitting__SequenceR__Math__patch15-Math-85-SequenceR.diff,,SequenceR,True,True,none,,overfitting,,NA,NA,NA,NA,NA,NA
Patches_others__Doverfitting__SequenceR__Math__patch16-Math-85-SequenceR,Math-85,Math,85,overfitting,overfitting,Patches.zip:Patches/Patches_others/Doverfitting/SequenceR/Math/patch16-Math-85-SequenceR.patch,data/normalized_patches/Patches_others__Doverfitting__SequenceR__Math__patch16-Math-85-SequenceR.diff,,SequenceR,True,True,none,,overfitting,,NA,NA,NA,NA,NA,NA
Patches_others__Doverfitting__SequenceR__Math__patch17-Math-85-SequenceR,Math-85,Math,85,overfitting,overfitting,Patches.zip:Patches/Patches_others/Doverfitting/SequenceR/Math/patch17-Math-85-SequenceR.patch,data/normalized_patches/Patches_others__Doverfitting__SequenceR__Math__patch17-Math-85-SequenceR.diff,,SequenceR,True,True,none,,overfitting,,NA,NA,NA,NA,NA,NA
Patches_others__Doverfitting__SequenceR__Math__patch2-Math-85-SequenceR,Math-85,Math,85,overfitting,overfitting,Patches.zip:Patches/Patches_others/Doverfitting/SequenceR/Math/patch2-Math-85-SequenceR.patch,data/normalized_patches/Patches_others__Doverfitting__SequenceR__Math__patch2-Math-85-SequenceR.diff,,SequenceR,True,True,none,,overfitting,,NA,NA,NA,NA,NA,NA
Patches_others__Doverfitting__SequenceR__Math__patch3-Math-82-SequenceR,Math-82,Math,82,overfitting,overfitting,Patches.zip:Patches/Patches_others/Doverfitting/SequenceR/Math/patch3-Math-82-SequenceR.patch,data/normalized_patches/Patches_others__Doverfitting__SequenceR__Math__patch3-Math-82-SequenceR.diff,,SequenceR,True,True,none,,overfitting,,NA,NA,NA,NA,NA,NA
Patches_others__Doverfitting__SequenceR__Math__patch3-Math-85-SequenceR,Math-85,Math,85,overfitting,overfitting,Patches.zip:Patches/Patches_others/Doverfitting/SequenceR/Math/patch3-Math-85-SequenceR.patch,data/normalized_patches/Patches_others__Doverfitting__SequenceR__Math__patch3-Math-85-SequenceR.diff,,SequenceR,True,True,none,,overfitting,,NA,NA,NA,NA,NA,NA
Patches_others__Doverfitting__SequenceR__Math__patch4-Math-85-SequenceR,Math-85,Math,85,overfitting,overfitting,Patches.zip:Patches/Patches_others/Doverfitting/SequenceR/Math/patch4-Math-85-SequenceR.patch,data/normalized_patches/Patches_others__Doverfitting__SequenceR__Math__patch4-Math-85-SequenceR.diff,,SequenceR,True,True,none,,overfitting,,NA,NA,NA,NA,NA,NA
Patches_others__Doverfitting__SequenceR__Math__patch5-Math-85-SequenceR,Math-85,Math,85,overfitting,overfitting,Patches.zip:Patches/Patches_others/Doverfitting/SequenceR/Math/patch5-Math-85-SequenceR.patch,data/normalized_patches/Patches_others__Doverfitting__SequenceR__Math__patch5-Math-85-SequenceR.diff,,SequenceR,True,True,none,,overfitting,,NA,NA,NA,NA,NA,NA
Patches_others__Doverfitting__SequenceR__Math__patch6-Math-85-SequenceR,Math-85,Math,85,overfitting,overfitting,Patches.zip:Patches/Patches_others/Doverfitting/SequenceR/Math/patch6-Math-85-SequenceR.patch,data/normalized_patches/Patches_others__Doverfitting__SequenceR__Math__patch6-Math-85-SequenceR.diff,,SequenceR,True,True,none,,overfitting,,NA,NA,NA,NA,NA,NA
Patches_others__Doverfitting__SequenceR__Math__patch7-Math-85-SequenceR,Math-85,Math,85,overfitting,overfitting,Patches.zip:Patches/Patches_others/Doverfitting/SequenceR/Math/patch7-Math-85-SequenceR.patch,data/normalized_patches/Patches_others__Doverfitting__SequenceR__Math__patch7-Math-85-SequenceR.diff,,SequenceR,True,True,none,,overfitting,,NA,NA,NA,NA,NA,NA
Patches_others__Doverfitting__SequenceR__Math__patch8-Math-85-SequenceR,Math-85,Math,85,overfitting,overfitting,Patches.zip:Patches/Patches_others/Doverfitting/SequenceR/Math/patch8-Math-85-SequenceR.patch,data/normalized_patches/Patches_others__Doverfitting__SequenceR__Math__patch8-Math-85-SequenceR.diff,,SequenceR,True,True,none,,overfitting,,NA,NA,NA,NA,NA,NA
Patches_others__Doverfitting__SequenceR__Math__patch9-Math-85-SequenceR,Math-85,Math,85,overfitting,overfitting,Patches.zip:Patches/Patches_others/Doverfitting/SequenceR/Math/patch9-Math-85-SequenceR.patch,data/normalized_patches/Patches_others__Doverfitting__SequenceR__Math__patch9-Math-85-SequenceR.diff,,SequenceR,True,True,none,,overfitting,,NA,NA,NA,NA,NA,NA
Patches_others__Doverfitting__SketchFix__Chart__patch1-Chart-1-SketchFix-plausible,Chart-1,Chart,1,overfitting,overfitting,Patches.zip:Patches/Patches_others/Doverfitting/SketchFix/Chart/patch1-Chart-1-SketchFix-plausible.patch,data/normalized_patches/Patches_others__Doverfitting__SketchFix__Chart__patch1-Chart-1-SketchFix-plausible.diff,,SketchFix,True,True,none,,overfitting,,NA,NA,NA,NA,NA,NA
Patches_others__Doverfitting__SketchFix__Chart__patch2-Chart-1-SketchFix-plausible,Chart-1,Chart,1,overfitting,overfitting,Patches.zip:Patches/Patches_others/Doverfitting/SketchFix/Chart/patch2-Chart-1-SketchFix-plausible.patch,data/normalized_patches/Patches_others__Doverfitting__SketchFix__Chart__patch2-Chart-1-SketchFix-plausible.diff,,SketchFix,True,True,none,,overfitting,,NA,NA,NA,NA,NA,NA
Patches_others__Doverfitting__SketchFix__Lang__patch1-Lang-6-SketchFix-plausible,Lang-6,Lang,6,,overfitting,Patches.zip:Patches/Patches_others/Doverfitting/SketchFix/Lang/patch1-Lang-6-SketchFix-plausible.patch,data/normalized_patches/Patches_others__Doverfitting__SketchFix__Lang__patch1-Lang-6-SketchFix-plausible.diff,,SketchFix,False,False,none,failed_plausibility:patch1-Lang-6-SketchFix-plausible,,failed_plausibility:patch1-Lang-6-SketchFix-plausible,NA,NA,NA,NA,NA,NA
Patches_others__Doverfitting__SketchFix__Lang__patch2-Lang-6-SketchFix-plausible,Lang-6,Lang,6,,overfitting,Patches.zip:Patches/Patches_others/Doverfitting/SketchFix/Lang/patch2-Lang-6-SketchFix-plausible.patch,data/normalized_patches/Patches_others__Doverfitting__SketchFix__Lang__patch2-Lang-6-SketchFix-plausible.diff,,SketchFix,False,False,none,failed_plausibility:patch2-Lang-6-SketchFix-plausible,,failed_plausibility:patch2-Lang-6-SketchFix-plausible,NA,NA,NA,NA,NA,NA
Patches_others__Doverfitting__SketchFix__Math__patch1-Math-33-SketchFix-plausible,Math-33,Math,33,overfitting,overfitting,Patches.zip:Patches/Patches_others/Doverfitting/SketchFix/Math/patch1-Math-33-SketchFix-plausible.patch,data/normalized_patches/Patches_others__Doverfitting__SketchFix__Math__patch1-Math-33-SketchFix-plausible.diff,,SketchFix,True,True,none,,overfitting,,NA,NA,NA,NA,NA,NA
Patches_others__Doverfitting__SketchFix__Math__patch1-Math-70-SketchFix-plausible,Math-70,Math,70,overfitting,overfitting,Patches.zip:Patches/Patches_others/Doverfitting/SketchFix/Math/patch1-Math-70-SketchFix-plausible.patch,data/normalized_patches/Patches_others__Doverfitting__SketchFix__Math__patch1-Math-70-SketchFix-plausible.diff,,SketchFix,True,True,none,,overfitting,,NA,NA,NA,NA,NA,NA
Patches_others__Doverfitting__SketchFix__Math__patch1-Math-82-SketchFix-plausible,Math-82,Math,82,overfitting,overfitting,Patches.zip:Patches/Patches_others/Doverfitting/SketchFix/Math/patch1-Math-82-SketchFix-plausible.patch,data/normalized_patches/Patches_others__Doverfitting__SketchFix__Math__patch1-Math-82-SketchFix-plausible.diff,,SketchFix,True,True,none,,overfitting,,NA,NA,NA,NA,NA,NA
Patches_others__Doverfitting__SketchFix__Math__patch2-Math-70-SketchFix-plausible,Math-70,Math,70,overfitting,overfitting,Patches.zip:Patches/Patches_others/Doverfitting/SketchFix/Math/patch2-Math-70-SketchFix-plausible.patch,data/normalized_patches/Patches_others__Doverfitting__SketchFix__Math__patch2-Math-70-SketchFix-plausible.diff,,SketchFix,True,True,none,,overfitting,,NA,NA,NA,NA,NA,NA
Patches_others__Doverfitting__SketchFix__Math__patch2-Math-82-SketchFix-plausible,Math-82,Math,82,overfitting,overfitting,Patches.zip:Patches/Patches_others/Doverfitting/SketchFix/Math/patch2-Math-82-SketchFix-plausible.patch,data/normalized_patches/Patches_others__Doverfitting__SketchFix__Math__patch2-Math-82-SketchFix-plausible.diff,,SketchFix,True,True,none,,overfitting,,NA,NA,NA,NA,NA,NA
