patch_id,bug_id,project,label,y,score::Majority class,pred::Majority class,score::Random (stratified),pred::Random (stratified),score::Diff features only,pred::Diff features only
Patches_ICSE__Ddifferent__ACS__Chart__patch1-Chart-19-ACS,Chart-19,Chart,correct,0,0.7397260273972602,1,0.17893481367543618,1,0.8137434247312698,1
Patches_ICSE__Ddifferent__ACS__Lang__patch1-Lang-24-ACS,Lang-24,Lang,correct,0,0.7288590604026846,1,0.061240492509463396,1,0.7308147200525722,1
Patches_ICSE__Ddifferent__ACS__Math__patch1-Math-25-ACS,Math-25,Math,correct,0,0.7348066298342542,1,0.3557449173694821,0,0.7599269935001266,1
Patches_ICSE__Ddifferent__ACS__Math__patch1-Math-3-ACS,Math-3,Math,correct,0,0.7348066298342542,1,0.10659926752742499,1,0.7599269935001266,1
Patches_ICSE__Ddifferent__ACS__Math__patch1-Math-35-ACS,Math-35,Math,correct,0,0.7348066298342542,1,0.369793602498109,1,0.06384191461188032,0
Patches_ICSE__Ddifferent__ACS__Math__patch1-Math-5-ACS,Math-5,Math,correct,0,0.7348066298342542,1,0.009092962875132948,1,0.7599269935001266,1
Patches_ICSE__Ddifferent__ACS__Math__patch1-Math-61-ACS,Math-61,Math,correct,0,0.7348066298342542,1,0.20086019503623131,1,0.524856467011537,1
Patches_ICSE__Ddifferent__ACS__Math__patch1-Math-82-ACS,Math-82,Math,correct,0,0.7348066298342542,1,0.14630354452115713,0,0.9993640197553749,1
Patches_ICSE__Ddifferent__ACS__Math__patch1-Math-85-ACS,Math-85,Math,correct,0,0.7348066298342542,1,0.9756601775154008,1,0.817139409215674,1
Patches_ICSE__Ddifferent__ACS__Math__patch1-Math-89-ACS,Math-89,Math,correct,0,0.7348066298342542,1,0.43316902583192884,0,0.7599269935001266,1
Patches_ICSE__Ddifferent__ACS__Math__patch1-Math-90-ACS,Math-90,Math,correct,0,0.7348066298342542,1,0.5488425883330939,1,0.6800175844973313,1
Patches_ICSE__Ddifferent__ACS__Math__patch1-Math-99-ACS,Math-99,Math,correct,0,0.7348066298342542,1,0.0560272129170265,0,0.524856467011537,1
Patches_ICSE__Ddifferent__AVATAR__Chart__patch1-Chart-11-AVATAR,Chart-11,Chart,correct,0,0.7397260273972602,1,0.6399131657151546,1,0.6691173562541441,1
Patches_ICSE__Ddifferent__AVATAR__Closure__patch1-Closure-115-AVATAR,Closure-115,Closure,correct,0,0.6902927580893683,1,0.8573010008865969,1,0.8813566605095583,1
Patches_ICSE__Ddifferent__AVATAR__Closure__patch1-Closure-2-AVATAR,Closure-2,Closure,correct,0,0.6902927580893683,1,0.19316997569865946,0,0.6442651873130872,1
Patches_ICSE__Ddifferent__AVATAR__Closure__patch1-Closure-38-AVATAR,Closure-38,Closure,correct,0,0.6902927580893683,1,0.3995968392250302,1,0.7479931032728986,1
Patches_ICSE__Ddifferent__AVATAR__Lang__patch1-Lang-10-AVATAR,Lang-10,Lang,correct,0,0.7288590604026846,1,0.4962855255378299,0,0.9182768712385502,1
Patches_ICSE__Ddifferent__AVATAR__Lang__patch1-Lang-57-AVATAR,Lang-57,Lang,correct,0,0.7288590604026846,1,0.4774523140734741,1,0.6454001009913884,1
Patches_ICSE__Ddifferent__Arja__Chart__patch1-Chart-12-Arja,Chart-12,Chart,correct,0,0.7397260273972602,1,0.4672684011434851,0,0.5591082562746061,1
Patches_ICSE__Ddifferent__Arja__Closure__patch1-Closure-115-Arja,Closure-115,Closure,correct,0,0.6902927580893683,1,0.5257783000795696,0,0.8569444264827767,1
Patches_ICSE__Ddifferent__Arja__Closure__patch1-Closure-126-Arja,Closure-126,Closure,correct,0,0.6902927580893683,1,0.09751514963535424,1,0.8762991553434344,1
Patches_ICSE__Ddifferent__Cardumen__Chart__patch1-Chart-11-Cardumen,Chart-11,Chart,correct,0,0.7397260273972602,1,0.37050052710804804,1,0.6691173562541441,1
Patches_ICSE__Ddifferent__DynaMoth__Math__patch1-Math-50-DynaMoth,Math-50,Math,correct,0,0.7348066298342542,1,0.05910691087058184,0,0.8079217525451976,1
Patches_ICSE__Ddifferent__FixMiner__Chart__patch1-Chart-11-FixMiner,Chart-11,Chart,correct,0,0.7397260273972602,1,0.3549173343096512,1,0.6691173562541441,1
Patches_ICSE__Ddifferent__FixMiner__Chart__patch1-Chart-24-FixMiner,Chart-24,Chart,correct,0,0.7397260273972602,1,0.790518245853265,1,0.6691173562541441,1
Patches_ICSE__Ddifferent__GenProg__Closure__patch1-Closure-115-GenProg,Closure-115,Closure,correct,0,0.6902927580893683,1,0.08535616172648453,1,0.8569444264827767,1
Patches_ICSE__Ddifferent__GenProg__Closure__patch1-Closure-126-GenProg,Closure-126,Closure,correct,0,0.6902927580893683,1,0.841486558403682,1,0.8569444264827767,1
Patches_ICSE__Ddifferent__Kali__Closure__patch1-Closure-115-Kali,Closure-115,Closure,correct,0,0.6902927580893683,1,0.8267136201588152,1,0.7479931032728986,1
Patches_ICSE__Ddifferent__Kali__Closure__patch1-Closure-126-Kali,Closure-126,Closure,correct,0,0.6902927580893683,1,0.38328936307170336,0,0.7479931032728986,1
Patches_ICSE__Ddifferent__Kali__Math__patch1-Math-50-Kali,Math-50,Math,correct,0,0.7348066298342542,1,0.601449317003417,0,0.7599269935001266,1
Patches_ICSE__Ddifferent__Nopol__Lang__patch1-Lang-46-Nopol,Lang-46,Lang,correct,0,0.7288590604026846,1,0.2197696237272867,1,0.7825598582037989,1
Patches_ICSE__Ddifferent__RSRepair__Closure__patch1-Closure-115-RSRepair,Closure-115,Closure,correct,0,0.6902927580893683,1,0.7065846822128775,1,0.6020308704701847,1
Patches_ICSE__Ddifferent__SimFix__Chart__patch1-Chart-20-SimFix,Chart-20,Chart,correct,0,0.7397260273972602,1,0.9051438366771739,0,0.3005460121715861,0
Patches_ICSE__Ddifferent__SimFix__Closure__patch1-Closure-115-SimFix,Closure-115,Closure,correct,0,0.6902927580893683,1,0.5179331099356654,1,0.41339216215142943,0
Patches_ICSE__Ddifferent__SimFix__Closure__patch1-Closure-6-SimFix,Closure-6,Closure,correct,0,0.6902927580893683,1,0.7476535197594388,0,0.42240401336508826,0
Patches_ICSE__Ddifferent__SimFix__Closure__patch1-Closure-68-SimFix,Closure-68,Closure,correct,0,0.6902927580893683,1,0.3151851034187104,1,0.41909720570373116,0
Patches_ICSE__Ddifferent__SimFix__Math__patch1-Math-71-SimFix,Math-71,Math,correct,0,0.7348066298342542,1,0.3378527236027137,1,0.20391047597786263,0
Patches_ICSE__Ddifferent__TBar__Chart__patch1-Chart-11-TBar,Chart-11,Chart,correct,0,0.7397260273972602,1,0.17735319182304865,1,0.6691173562541441,1
Patches_ICSE__Ddifferent__TBar__Lang__patch1-Lang-10-TBar,Lang-10,Lang,correct,0,0.7288590604026846,1,0.9991807967318271,1,0.9182768712385502,1
Patches_ICSE__Ddifferent__TBar__Lang__patch1-Lang-33-TBar,Lang-33,Lang,correct,0,0.7288590604026846,1,0.7428354700925476,0,0.7825598582037989,1
Patches_ICSE__Ddifferent__TBar__Lang__patch1-Lang-47-TBar,Lang-47,Lang,correct,0,0.7288590604026846,1,0.38608199219723316,1,0.7748727446590723,1
Patches_ICSE__Ddifferent__TBar__Math__patch1-Math-11-TBar,Math-11,Math,correct,0,0.7348066298342542,1,0.29677840171116987,0,0.7047695113822643,1
Patches_ICSE__Ddifferent__TBar__Math__patch1-Math-65-TBar,Math-65,Math,correct,0,0.7348066298342542,1,0.16325904233950994,1,0.7047695113822643,1
Patches_ICSE__Ddifferent__jGenProg__Math__patch1-Math-5-jGenProg,Math-5,Math,correct,0,0.7348066298342542,1,0.7582404608997709,1,0.005273264003288909,0
Patches_ICSE__Ddifferent__jGenProg__Math__patch1-Math-53-jGenProg,Math-53,Math,correct,0,0.7348066298342542,1,0.9420847439230261,1,0.38620229505249737,0
Patches_ICSE__Ddifferent__jKali__Closure__patch1-Closure-126-jKali,Closure-126,Closure,correct,0,0.6902927580893683,1,0.47403622225949027,1,0.7479931032728986,1
Patches_ICSE__Ddifferent__jKali__Lang__patch1-Lang-10-jKali,Lang-10,Lang,correct,0,0.7288590604026846,1,0.7948665969438388,1,0.7571421158494099,1
Patches_ICSE__Ddifferent__jKali__Math__patch1-Math-50-jKali,Math-50,Math,correct,0,0.7348066298342542,1,0.3688674353259649,1,0.8093810871527397,1
Patches_ICSE__Ddifferent__kPAR__Closure__patch1-Closure-40-kPAR,Closure-40,Closure,correct,0,0.6902927580893683,1,0.8929563307131257,0,0.6020308704701847,1
Patches_ICSE__Doverfitting__ACS__Math__patch1-Math-28-ACS-plausible,Math-28,Math,overfitting,1,0.7348066298342542,1,0.37622332660650026,1,0.7599269935001266,1
Patches_ICSE__Doverfitting__ACS__Math__patch1-Math-4-ACS-plausible,Math-4,Math,overfitting,1,0.7348066298342542,1,0.29221005044073023,1,0.9804622573575577,1
Patches_ICSE__Doverfitting__ACS__Math__patch1-Math-73-ACS-plausible,Math-73,Math,overfitting,1,0.7348066298342542,1,0.17496622371873294,1,0.6800175844973313,1
Patches_ICSE__Doverfitting__ACS__Math__patch1-Math-81-ACS-plausible,Math-81,Math,overfitting,1,0.7348066298342542,1,0.31448575189790184,1,0.817139409215674,1
Patches_ICSE__Doverfitting__ACS__Math__patch1-Math-93-ACS-plausible,Math-93,Math,overfitting,1,0.7348066298342542,1,0.8216719164976793,1,0.49887083029391455,0
Patches_ICSE__Doverfitting__ACS__Math__patch1-Math-97-ACS-plausible,Math-97,Math,overfitting,1,0.7348066298342542,1,0.08337264872053807,1,0.7797175211202105,1
Patches_ICSE__Doverfitting__AVATAR__Chart__patch1-Chart-13-AVATAR-plausible,Chart-13,Chart,overfitting,1,0.7397260273972602,1,0.652784802685132,1,0.842002753503609,1
Patches_ICSE__Doverfitting__AVATAR__Chart__patch1-Chart-14-AVATAR-plausible,Chart-14,Chart,overfitting,1,0.7397260273972602,1,0.29830276735556926,0,0.6691173562541441,1
Patches_ICSE__Doverfitting__AVATAR__Chart__patch1-Chart-15-AVATAR-plausible,Chart-15,Chart,overfitting,1,0.7397260273972602,1,0.9669622001623905,1,0.8120343329605785,1
Patches_ICSE__Doverfitting__AVATAR__Chart__patch1-Chart-25-AVATAR-plausible,Chart-25,Chart,overfitting,1,0.7397260273972602,1,0.9198501605372782,1,0.8287709412585238,1
Patches_ICSE__Doverfitting__AVATAR__Chart__patch1-Chart-26-AVATAR-plausible,Chart-26,Chart,overfitting,1,0.7397260273972602,1,0.6358708041446514,1,0.7908488361221113,1
Patches_ICSE__Doverfitting__AVATAR__Chart__patch1-Chart-5-AVATAR-plausible,Chart-5,Chart,overfitting,1,0.7397260273972602,1,0.7527320970790866,1,0.6691173562541441,1
Patches_ICSE__Doverfitting__AVATAR__Chart__patch1-Chart-7-AVATAR-plausible,Chart-7,Chart,overfitting,1,0.7397260273972602,1,0.5151536963223518,1,0.6691173562541441,1
Patches_ICSE__Doverfitting__AVATAR__Closure__patch1-Closure-108-AVATAR-plausible,Closure-108,Closure,overfitting,1,0.6902927580893683,1,0.8166440705290728,1,0.6020308704701847,1
Patches_ICSE__Doverfitting__AVATAR__Closure__patch1-Closure-12-AVATAR-plausible,Closure-12,Closure,overfitting,1,0.6902927580893683,1,0.30996375517120167,1,0.7479931032728986,1
Patches_ICSE__Doverfitting__AVATAR__Closure__patch1-Closure-126-AVATAR-plausible,Closure-126,Closure,overfitting,1,0.6902927580893683,1,0.8817710808483114,0,0.6020308704701847,1
Patches_ICSE__Doverfitting__AVATAR__Closure__patch1-Closure-21-AVATAR-plausible,Closure-21,Closure,overfitting,1,0.6902927580893683,1,0.3987189364419349,0,0.6020308704701847,1
Patches_ICSE__Doverfitting__AVATAR__Closure__patch1-Closure-22-AVATAR-plausible,Closure-22,Closure,overfitting,1,0.6902927580893683,1,0.6823799448443975,0,0.7479931032728986,1
Patches_ICSE__Doverfitting__AVATAR__Closure__patch1-Closure-45-AVATAR-plausible,Closure-45,Closure,overfitting,1,0.6902927580893683,1,0.7115105508132997,1,0.7482737128083745,1
Patches_ICSE__Doverfitting__AVATAR__Closure__patch1-Closure-48-AVATAR-plausible,Closure-48,Closure,overfitting,1,0.6902927580893683,1,0.40168496892501016,1,0.6020308704701847,1
Patches_ICSE__Doverfitting__AVATAR__Closure__patch1-Closure-66-AVATAR-plausible,Closure-66,Closure,overfitting,1,0.6902927580893683,1,0.8270938070133592,1,0.6020308704701847,1
Patches_ICSE__Doverfitting__AVATAR__Lang__patch1-Lang-13-AVATAR-plausible,Lang-13,Lang,overfitting,1,0.7288590604026846,1,0.24681500143150326,1,0.9323489185862176,1
Patches_ICSE__Doverfitting__AVATAR__Lang__patch1-Lang-20-AVATAR-plausible,Lang-20,Lang,overfitting,1,0.7288590604026846,1,0.2845492949397507,0,0.6454001009913884,1
Patches_ICSE__Doverfitting__AVATAR__Lang__patch1-Lang-22-AVATAR-plausible,Lang-22,Lang,overfitting,1,0.7288590604026846,1,0.776388330433611,1,0.7571421158494099,1
Patches_ICSE__Doverfitting__AVATAR__Lang__patch1-Lang-27-AVATAR-plausible,Lang-27,Lang,overfitting,1,0.7288590604026846,1,0.695182862013775,1,0.7571421158494099,1
Patches_ICSE__Doverfitting__AVATAR__Lang__patch1-Lang-39-AVATAR-plausible,Lang-39,Lang,overfitting,1,0.7288590604026846,1,0.7848153038573314,1,0.6454001009913884,1
Patches_ICSE__Doverfitting__AVATAR__Lang__patch1-Lang-51-AVATAR-plausible,Lang-51,Lang,overfitting,1,0.7288590604026846,1,0.389336865594085,1,0.7399393639411329,1
Patches_ICSE__Doverfitting__AVATAR__Lang__patch1-Lang-58-AVATAR-plausible,Lang-58,Lang,overfitting,1,0.7288590604026846,1,0.18480090546608985,1,0.850940796297009,1
Patches_ICSE__Doverfitting__AVATAR__Lang__patch1-Lang-59-AVATAR-plausible,Lang-59,Lang,overfitting,1,0.7288590604026846,1,0.4345208878444201,1,0.6454001009913884,1
Patches_ICSE__Doverfitting__AVATAR__Lang__patch1-Lang-63-AVATAR-plausible,Lang-63,Lang,overfitting,1,0.7288590604026846,1,0.7406825157355698,0,0.6454001009913884,1
Patches_ICSE__Doverfitting__AVATAR__Math__patch1-Math-104-AVATAR-plausible,Math-104,Math,overfitting,1,0.7348066298342542,1,0.8196977818608093,1,0.7599269935001266,1
Patches_ICSE__Doverfitting__AVATAR__Math__patch1-Math-2-AVATAR-plausible,Math-2,Math,overfitting,1,0.7348066298342542,1,0.05504207537745487,0,0.7047695113822643,1
Patches_ICSE__Doverfitting__AVATAR__Math__patch1-Math-49-AVATAR-plausible,Math-49,Math,overfitting,1,0.7348066298342542,1,0.537729980775812,1,0.7047695113822643,1
Patches_ICSE__Doverfitting__AVATAR__Math__patch1-Math-50-AVATAR-plausible,Math-50,Math,overfitting,1,0.7348066298342542,1,0.7665201488486659,1,0.7047695113822643,1
Patches_ICSE__Doverfitting__AVATAR__Math__patch1-Math-57-AVATAR-plausible,Math-57,Math,overfitting,1,0.7348066298342542,1,0.339315813534637,0,0.7047695113822643,1
Patches_ICSE__Doverfitting__AVATAR__Math__patch1-Math-6-AVATAR-plausible,Math-6,Math,overfitting,1,0.7348066298342542,1,0.8762579949850319,1,0.7047695113822643,1
Patches_ICSE__Doverfitting__AVATAR__Math__patch1-Math-62-AVATAR-plausible,Math-62,Math,overfitting,1,0.7348066298342542,1,0.7623876705634723,0,0.7047695113822643,1
Patches_ICSE__Doverfitting__AVATAR__Math__patch1-Math-78-AVATAR-plausible,Math-78,Math,overfitting,1,0.7348066298342542,1,0.6410984793573328,1,0.7047695113822643,1
Patches_ICSE__Doverfitting__AVATAR__Math__patch1-Math-80-AVATAR-plausible,Math-80,Math,overfitting,1,0.7348066298342542,1,0.35962974597936526,1,0.9988101478571373,1
Patches_ICSE__Doverfitting__AVATAR__Math__patch1-Math-81-AVATAR-plausible,Math-81,Math,overfitting,1,0.7348066298342542,1,0.1362369449940265,1,0.7047695113822643,1
Patches_ICSE__Doverfitting__AVATAR__Math__patch1-Math-82-AVATAR-plausible,Math-82,Math,overfitting,1,0.7348066298342542,1,0.5951958360281309,1,0.7599269935001266,1
Patches_ICSE__Doverfitting__AVATAR__Math__patch1-Math-84-AVATAR-plausible,Math-84,Math,overfitting,1,0.7348066298342542,1,0.20413929496933914,1,0.7599269935001266,1
Patches_ICSE__Doverfitting__AVATAR__Math__patch1-Math-88-AVATAR-plausible,Math-88,Math,overfitting,1,0.7348066298342542,1,0.8792311853358806,1,0.7599269935001266,1
Patches_ICSE__Doverfitting__AVATAR__Math__patch1-Math-95-AVATAR-plausible,Math-95,Math,overfitting,1,0.7348066298342542,1,0.8791822930263492,0,0.7047695113822643,1
Patches_ICSE__Doverfitting__Arja__Chart__patch1-Chart-1-Arja-plusible,Chart-1,Chart,overfitting,1,0.7397260273972602,1,0.82589525837557,1,0.7279459419349831,1
Patches_ICSE__Doverfitting__Arja__Chart__patch1-Chart-13-Arja-plusible,Chart-13,Chart,overfitting,1,0.7397260273972602,1,0.4483805454001032,0,0.5591082562746061,1
Patches_ICSE__Doverfitting__Arja__Chart__patch1-Chart-14-Arja-plusible,Chart-14,Chart,overfitting,1,0.7397260273972602,1,0.33881245331376186,0,0.9459867145673195,1
Patches_ICSE__Doverfitting__Arja__Chart__patch1-Chart-15-Arja-plusible,Chart-15,Chart,overfitting,1,0.7397260273972602,1,0.27789921550015906,1,0.9359005788315607,1
Patches_ICSE__Doverfitting__Arja__Chart__patch1-Chart-19-Arja-plusible,Chart-19,Chart,overfitting,1,0.7397260273972602,1,0.22633305684340344,0,0.9094383562783909,1
Patches_ICSE__Doverfitting__Arja__Chart__patch1-Chart-25-Arja-plusible,Chart-25,Chart,overfitting,1,0.7397260273972602,1,0.5258168433452484,1,0.9934295617614388,1
Patches_ICSE__Doverfitting__Arja__Chart__patch1-Chart-3-Arja-plusible,Chart-3,Chart,overfitting,1,0.7397260273972602,1,0.43091206068443144,0,0.9290520890046592,1
Patches_ICSE__Doverfitting__Arja__Chart__patch1-Chart-5-Arja-plusible,Chart-5,Chart,overfitting,1,0.7397260273972602,1,0.6631806204725954,1,0.7542680443081741,1
Patches_ICSE__Doverfitting__Arja__Chart__patch1-Chart-7-Arja-plusible,Chart-7,Chart,overfitting,1,0.7397260273972602,1,0.012840482366806572,1,0.5591082562746061,1
Patches_ICSE__Doverfitting__Arja__Closure__patch1-Closure-1-Arja-plausible,Closure-1,Closure,overfitting,1,0.6902927580893683,1,0.4653517170757224,1,0.9618642729110461,1
Patches_ICSE__Doverfitting__Arja__Closure__patch1-Closure-10-Arja-plausible,Closure-10,Closure,overfitting,1,0.6902927580893683,1,0.9606887020277379,1,0.898140268689068,1
Patches_ICSE__Doverfitting__Arja__Closure__patch1-Closure-112-Arja-plausible,Closure-112,Closure,overfitting,1,0.6902927580893683,1,0.9366989347480371,1,0.9179287137286272,1
Patches_ICSE__Doverfitting__Arja__Closure__patch1-Closure-114-Arja-plausible,Closure-114,Closure,overfitting,1,0.6902927580893683,1,0.9002654171528618,1,0.9127357312646327,1
Patches_ICSE__Doverfitting__Arja__Closure__patch1-Closure-116-Arja-plausible,Closure-116,Closure,overfitting,1,0.6902927580893683,1,0.9083534610543227,0,0.9876662552610346,1
Patches_ICSE__Doverfitting__Arja__Closure__patch1-Closure-117-Arja-plausible,Closure-117,Closure,overfitting,1,0.6902927580893683,1,0.14704654594174182,1,0.8569444264827767,1
Patches_ICSE__Doverfitting__Arja__Closure__patch1-Closure-119-Arja-plausible,Closure-119,Closure,overfitting,1,0.6902927580893683,1,0.6483341011050769,1,0.8811420785508347,1
Patches_ICSE__Doverfitting__Arja__Closure__patch1-Closure-120-Arja-plausible,Closure-120,Closure,overfitting,1,0.6902927580893683,1,0.7411145400827215,1,0.8853754223648109,1
Patches_ICSE__Doverfitting__Arja__Closure__patch1-Closure-121-Arja-plausible,Closure-121,Closure,overfitting,1,0.6902927580893683,1,0.5287591672457896,1,0.8569444264827767,1
Patches_ICSE__Doverfitting__Arja__Closure__patch1-Closure-124-Arja-plausible,Closure-124,Closure,overfitting,1,0.6902927580893683,1,0.5292209856627658,1,0.8569444264827767,1
Patches_ICSE__Doverfitting__Arja__Closure__patch1-Closure-125-Arja-plausible,Closure-125,Closure,overfitting,1,0.6902927580893683,1,0.20143090853695012,1,0.8569444264827767,1
Patches_ICSE__Doverfitting__Arja__Closure__patch1-Closure-129-Arja-plausible,Closure-129,Closure,overfitting,1,0.6902927580893683,1,0.16078650452811283,1,0.8569444264827767,1
Patches_ICSE__Doverfitting__Arja__Closure__patch1-Closure-130-Arja-plausible,Closure-130,Closure,overfitting,1,0.6902927580893683,1,0.7831343292771509,0,0.8787280568551961,1
Patches_ICSE__Doverfitting__Arja__Closure__patch1-Closure-133-Arja-plausible,Closure-133,Closure,overfitting,1,0.6902927580893683,1,0.1496055765932932,1,0.8569444264827767,1
Patches_ICSE__Doverfitting__Arja__Closure__patch1-Closure-21-Arja-plausible,Closure-21,Closure,overfitting,1,0.6902927580893683,1,0.7281969713021883,1,0.6773912251786274,1
Patches_ICSE__Doverfitting__Arja__Closure__patch1-Closure-22-Arja-plausible,Closure-22,Closure,overfitting,1,0.6902927580893683,1,0.07706848791542142,1,0.7859368950696796,1
Patches_ICSE__Doverfitting__Arja__Closure__patch1-Closure-33-Arja-plausible,Closure-33,Closure,overfitting,1,0.6902927580893683,1,0.41225211081351676,1,0.8569444264827767,1
Patches_ICSE__Doverfitting__Arja__Closure__patch1-Closure-45-Arja-plausible,Closure-45,Closure,overfitting,1,0.6902927580893683,1,0.024011331493556054,0,0.6020308704701847,1
Patches_ICSE__Doverfitting__Arja__Closure__patch1-Closure-46-Arja-plausible,Closure-46,Closure,overfitting,1,0.6902927580893683,1,0.6603726714939671,1,0.9758939336451972,1
Patches_ICSE__Doverfitting__Arja__Closure__patch1-Closure-55-Arja-plausible,Closure-55,Closure,overfitting,1,0.6902927580893683,1,0.2929158759379945,1,0.5814450712264689,1
Patches_ICSE__Doverfitting__Arja__Closure__patch1-Closure-59-Arja-plausible,Closure-59,Closure,overfitting,1,0.6902927580893683,1,0.46770008428541465,1,0.6020308704701847,1
Patches_ICSE__Doverfitting__Arja__Closure__patch1-Closure-67-Arja-plausible,Closure-67,Closure,overfitting,1,0.6902927580893683,1,0.2864487199904745,0,0.9170643504185607,1
Patches_ICSE__Doverfitting__Arja__Closure__patch1-Closure-68-Arja-plausible,Closure-68,Closure,overfitting,1,0.6902927580893683,1,0.5157744326426499,1,0.6773912251786274,1
Patches_ICSE__Doverfitting__Arja__Closure__patch1-Closure-7-Arja-plausible,Closure-7,Closure,overfitting,1,0.6902927580893683,1,0.6576467600079774,0,0.6020308704701847,1
Patches_ICSE__Doverfitting__Arja__Closure__patch1-Closure-75-Arja-plausible,Closure-75,Closure,overfitting,1,0.6902927580893683,1,0.16691335878547553,1,0.8969659866427927,1
Patches_ICSE__Doverfitting__Arja__Closure__patch1-Closure-78-Arja-plausible,Closure-78,Closure,overfitting,1,0.6902927580893683,1,0.7770490207042496,1,0.87307701077562,1
Patches_ICSE__Doverfitting__Arja__Closure__patch1-Closure-8-Arja-plausible,Closure-8,Closure,overfitting,1,0.6902927580893683,1,0.7825153662907529,0,0.9131166502452784,1
Patches_ICSE__Doverfitting__Arja__Lang__patch1-Lang-16-Arja-plausible,Lang-16,Lang,overfitting,1,0.7288590604026846,1,0.8463292093941244,1,0.6454001009913884,1
Patches_ICSE__Doverfitting__Arja__Lang__patch1-Lang-20-Arja-plausible,Lang-20,Lang,overfitting,1,0.7288590604026846,1,0.9022353468267977,1,0.6570646897792678,1
Patches_ICSE__Doverfitting__Arja__Lang__patch1-Lang-7-Arja-plausible,Lang-7,Lang,overfitting,1,0.7288590604026846,1,0.9926712475508036,1,0.8808717825005387,1
Patches_ICSE__Doverfitting__Arja__Math__patch1-Math-2-Arja-plausible,Math-2,Math,overfitting,1,0.7348066298342542,1,0.49501061038966987,1,0.8539353352785769,1
Patches_ICSE__Doverfitting__Arja__Math__patch1-Math-28-Arja-plausible,Math-28,Math,overfitting,1,0.7348066298342542,1,0.6899085447642473,0,0.8058263769116767,1
Patches_ICSE__Doverfitting__Arja__Math__patch1-Math-40-Arja-plausible,Math-40,Math,overfitting,1,0.7348066298342542,1,0.7269770743932037,1,0.5436050173800896,1
Patches_ICSE__Doverfitting__Arja__Math__patch1-Math-56-Arja-plausible,Math-56,Math,overfitting,1,0.7348066298342542,1,0.34312520710304795,1,0.5634797265718269,1
Patches_ICSE__Doverfitting__Arja__Math__patch1-Math-74-Arja-plausible,Math-74,Math,overfitting,1,0.7348066298342542,1,0.15356499678748725,1,0.19059449730747,0
Patches_ICSE__Doverfitting__Arja__Math__patch1-Math-80-Arja-plausible,Math-80,Math,overfitting,1,0.7348066298342542,1,0.42874608601676834,1,0.26859052734923733,0
Patches_ICSE__Doverfitting__Arja__Math__patch1-Math-81-Arja-plausible,Math-81,Math,overfitting,1,0.7348066298342542,1,0.5033944253884468,1,0.485962687217377,0
Patches_ICSE__Doverfitting__Arja__Math__patch1-Math-82-Arja-plausible,Math-82,Math,overfitting,1,0.7348066298342542,1,0.6932169019488224,1,0.9900414342509397,1
Patches_ICSE__Doverfitting__Arja__Math__patch1-Math-84-Arja-plausible,Math-84,Math,overfitting,1,0.7348066298342542,1,0.6842154101324546,0,0.8177333805688922,1
Patches_ICSE__Doverfitting__Arja__Math__patch1-Math-85-Arja-plausible,Math-85,Math,overfitting,1,0.7348066298342542,1,0.05543079717655708,1,0.8851854409929149,1
Patches_ICSE__Doverfitting__Arja__Math__patch1-Math-95-Arja-plausible,Math-95,Math,overfitting,1,0.7348066298342542,1,0.9219876455127275,1,0.3528451151464144,0
Patches_ICSE__Doverfitting__Cardumen__Chart__patch1-Chart-13-Cardumen-plausible,Chart-13,Chart,overfitting,1,0.7397260273972602,1,0.4477019015387208,1,0.6691173562541441,1
Patches_ICSE__Doverfitting__Cardumen__Chart__patch1-Chart-24-Cardumen-plausible,Chart-24,Chart,overfitting,1,0.7397260273972602,1,0.3651808011323914,0,0.6691173562541441,1
Patches_ICSE__Doverfitting__Cardumen__Chart__patch1-Chart-6-Cardumen-plausible,Chart-6,Chart,overfitting,1,0.7397260273972602,1,0.19539759987155403,0,0.6691173562541441,1
Patches_ICSE__Doverfitting__Cardumen__Closure__patch1-Closure-62-Cardumen-plausible,Closure-62,Closure,overfitting,1,0.6902927580893683,1,0.9421656316593494,1,0.8305107220654497,1
Patches_ICSE__Doverfitting__Cardumen__Closure__patch1-Closure-63-Cardumen-plausible,Closure-63,Closure,overfitting,1,0.6902927580893683,1,0.38069524000658606,1,0.8305107220654497,1
Patches_ICSE__Doverfitting__Cardumen__Math__patch1-Math-5-Cardumen-plausible,Math-5,Math,overfitting,1,0.7348066298342542,1,0.20512157225427397,1,0.7599269935001266,1
Patches_ICSE__Doverfitting__Cardumen__Math__patch1-Math-63-Cardumen-plausible,Math-63,Math,overfitting,1,0.7348066298342542,1,0.23367256597764796,0,1.2123519216311122e-06,0
Patches_ICSE__Doverfitting__Cardumen__Math__patch1-Math-73-Cardumen-plausible,Math-73,Math,overfitting,1,0.7348066298342542,1,0.0890994583684015,1,0.7047695113822643,1
Patches_ICSE__Doverfitting__Cardumen__Math__patch1-Math-85-Cardumen-plausible,Math-85,Math,overfitting,1,0.7348066298342542,1,0.49606584535045695,1,0.7047695113822643,1
Patches_ICSE__Doverfitting__Cardumen__Math__patch1-Math-95-Cardumen-plausible,Math-95,Math,overfitting,1,0.7348066298342542,1,0.9243618013726733,1,0.7047695113822643,1
Patches_ICSE__Doverfitting__DynaMoth__Chart__patch1-Chart-1-DynaMoth-plausible,Chart-1,Chart,overfitting,1,0.7397260273972602,1,0.5948658710060528,1,0.8463603715506784,1
Patches_ICSE__Doverfitting__DynaMoth__Chart__patch1-Chart-13-DynaMoth-plausible,Chart-13,Chart,overfitting,1,0.7397260273972602,1,0.43531315595064457,1,0.9589682277176038,1
Patches_ICSE__Doverfitting__DynaMoth__Chart__patch1-Chart-15-DynaMoth-plausible,Chart-15,Chart,overfitting,1,0.7397260273972602,1,0.2999915037451498,1,0.7893305816647048,1
Patches_ICSE__Doverfitting__DynaMoth__Chart__patch1-Chart-18-DynaMoth-plausible,Chart-18,Chart,overfitting,1,0.7397260273972602,1,0.20941612123621955,1,0.7893305816647048,1
Patches_ICSE__Doverfitting__DynaMoth__Chart__patch1-Chart-25-DynaMoth-plausible,Chart-25,Chart,overfitting,1,0.7397260273972602,1,0.8746240571921795,1,0.9374343445477918,1
Patches_ICSE__Doverfitting__DynaMoth__Chart__patch1-Chart-5-DynaMoth-plausible,Chart-5,Chart,overfitting,1,0.7397260273972602,1,0.7974623155214327,1,0.7908488361221113,1
Patches_ICSE__Doverfitting__DynaMoth__Lang__patch1-Lang-51-DynaMoth-plausible,Lang-51,Lang,overfitting,1,0.7288590604026846,1,0.3132397975721768,1,0.8767442665087486,1
Patches_ICSE__Doverfitting__DynaMoth__Lang__patch1-Lang-63-DynaMoth-plausible,Lang-63,Lang,overfitting,1,0.7288590604026846,1,0.8380500091231199,1,0.7825598582037989,1
Patches_ICSE__Doverfitting__DynaMoth__Math__patch1-Math-105-DynaMoth-plausible,Math-105,Math,overfitting,1,0.7348066298342542,1,0.6626537420388173,1,0.8079217525451976,1
Patches_ICSE__Doverfitting__DynaMoth__Math__patch1-Math-20-DynaMoth-plausible,Math-20,Math,overfitting,1,0.7348066298342542,1,0.4913496130204209,1,0.7599269935001266,1
Patches_ICSE__Doverfitting__DynaMoth__Math__patch1-Math-32-DynaMoth-plausible,Math-32,Math,overfitting,1,0.7348066298342542,1,0.859281218778339,1,0.7599269935001266,1
Patches_ICSE__Doverfitting__DynaMoth__Math__patch1-Math-41-DynaMoth-plausible,Math-41,Math,overfitting,1,0.7348066298342542,1,0.949564299086237,1,0.9762448802660312,1
Patches_ICSE__Doverfitting__DynaMoth__Math__patch1-Math-49-DynaMoth-plausible,Math-49,Math,overfitting,1,0.7348066298342542,1,0.5611165503191516,0,0.8955311194062797,1
Patches_ICSE__Doverfitting__DynaMoth__Math__patch1-Math-58-DynaMoth-plausible,Math-58,Math,overfitting,1,0.7348066298342542,1,0.7929934602330717,0,0.8079217525451976,1
Patches_ICSE__Doverfitting__DynaMoth__Math__patch1-Math-71-DynaMoth-plausible,Math-71,Math,overfitting,1,0.7348066298342542,1,0.9827840630008519,0,0.9416502813434251,1
Patches_ICSE__Doverfitting__DynaMoth__Math__patch1-Math-8-DynaMoth-plausible,Math-8,Math,overfitting,1,0.7348066298342542,1,0.029411239235242692,1,0.8823245600531575,1
Patches_ICSE__Doverfitting__DynaMoth__Math__patch1-Math-80-DynaMoth-plausible,Math-80,Math,overfitting,1,0.7348066298342542,1,0.585085390202391,1,0.999896149574985,1
Patches_ICSE__Doverfitting__DynaMoth__Math__patch1-Math-81-DynaMoth-plausible,Math-81,Math,overfitting,1,0.7348066298342542,1,0.6884768772022605,1,0.7599269935001266,1
Patches_ICSE__Doverfitting__DynaMoth__Math__patch1-Math-82-DynaMoth-plausible,Math-82,Math,overfitting,1,0.7348066298342542,1,0.5444618951846689,0,0.8079217525451976,1
Patches_ICSE__Doverfitting__DynaMoth__Math__patch1-Math-85-DynaMoth-plausible,Math-85,Math,overfitting,1,0.7348066298342542,1,0.3036169314527529,1,0.999896149574985,1
Patches_ICSE__Doverfitting__DynaMoth__Time__patch1-Time-11-DynaMoth-plausible,Time-11,Time,overfitting,1,0.7241770715096482,1,0.8521227640940977,1,0.9343163657277275,1
Patches_ICSE__Doverfitting__FixMiner__Chart__patch1-Chart-13-FixMiner-plausible,Chart-13,Chart,overfitting,1,0.7397260273972602,1,0.606709676684979,1,0.7908488361221113,1
Patches_ICSE__Doverfitting__FixMiner__Chart__patch1-Chart-14-FixMiner-plausible,Chart-14,Chart,overfitting,1,0.7397260273972602,1,0.34510057866729216,1,0.7835187557271585,1
Patches_ICSE__Doverfitting__FixMiner__Chart__patch1-Chart-15-FixMiner-plausible,Chart-15,Chart,overfitting,1,0.7397260273972602,1,0.9468197909796484,1,0.7835187557271585,1
Patches_ICSE__Doverfitting__FixMiner__Chart__patch1-Chart-17-FixMiner-plausible,Chart-17,Chart,overfitting,1,0.7397260273972602,1,0.5633773745025455,1,0.7908488361221113,1
Patches_ICSE__Doverfitting__FixMiner__Chart__patch1-Chart-25-FixMiner-plausible,Chart-25,Chart,overfitting,1,0.7397260273972602,1,0.43276273961995204,1,0.6691173562541441,1
Patches_ICSE__Doverfitting__FixMiner__Chart__patch1-Chart-26-FixMiner-plausible,Chart-26,Chart,overfitting,1,0.7397260273972602,1,0.9004495990042221,1,0.7908488361221113,1
Patches_ICSE__Doverfitting__FixMiner__Chart__patch1-Chart-3-FixMiner-plausible,Chart-3,Chart,overfitting,1,0.7397260273972602,1,0.3193418039018624,0,0.7908488361221113,1
Patches_ICSE__Doverfitting__FixMiner__Chart__patch1-Chart-7-FixMiner-plausible,Chart-7,Chart,overfitting,1,0.7397260273972602,1,0.6959948701337834,1,0.6691173562541441,1
Patches_ICSE__Doverfitting__FixMiner__Closure__patch1-Closure-129-FixMiner-plausible,Closure-129,Closure,overfitting,1,0.6902927580893683,1,0.8731312620415899,0,0.6020308704701847,1
Patches_ICSE__Doverfitting__FixMiner__Closure__patch1-Closure-19-FixMiner-plausible,Closure-19,Closure,overfitting,1,0.6902927580893683,1,0.09368549297431539,1,0.858350664689297,1
Patches_ICSE__Doverfitting__FixMiner__Lang__patch1-Lang-57-FixMiner-plausible,Lang-57,Lang,overfitting,1,0.7288590604026846,1,0.9985020214646991,1,0.7863101061467258,1
Patches_ICSE__Doverfitting__FixMiner__Lang__patch1-Lang-63-FixMiner-plausible,Lang-63,Lang,overfitting,1,0.7288590604026846,1,0.27961191937826124,1,0.6454001009913884,1
Patches_ICSE__Doverfitting__FixMiner__Math__patch1-Math-20-FixMiner-plausible,Math-20,Math,overfitting,1,0.7348066298342542,1,0.26718469116517973,1,0.7438638724587006,1
Patches_ICSE__Doverfitting__FixMiner__Math__patch1-Math-50-FixMiner-plausible,Math-50,Math,overfitting,1,0.7348066298342542,1,0.8851265554500901,1,0.7047695113822643,1
Patches_ICSE__Doverfitting__FixMiner__Math__patch1-Math-63-FixMiner-plausible,Math-63,Math,overfitting,1,0.7348066298342542,1,0.8807389678583045,1,0.7047695113822643,1
Patches_ICSE__Doverfitting__FixMiner__Math__patch1-Math-80-FixMiner-plausible,Math-80,Math,overfitting,1,0.7348066298342542,1,0.13764199567402158,0,0.7047695113822643,1
Patches_ICSE__Doverfitting__FixMiner__Math__patch1-Math-81-FixMiner-plausible,Math-81,Math,overfitting,1,0.7348066298342542,1,0.7443155268923154,1,0.7599269935001266,1
Patches_ICSE__Doverfitting__FixMiner__Math__patch1-Math-84-FixMiner-plausible,Math-84,Math,overfitting,1,0.7348066298342542,1,0.6990966888588673,1,0.7599269935001266,1
Patches_ICSE__Doverfitting__FixMiner__Math__patch1-Math-85-FixMiner-plausible,Math-85,Math,overfitting,1,0.7348066298342542,1,0.46192160344674327,0,0.882753980044817,1
Patches_ICSE__Doverfitting__FixMiner__Time__patch1-Time-11-FixMiner-plausible,Time-11,Time,overfitting,1,0.7241770715096482,1,0.12547500935241174,0,0.6514245609956487,1
Patches_ICSE__Doverfitting__GenProg__Chart__patch1-Chart-1-GenProg-plausible,Chart-1,Chart,overfitting,1,0.7397260273972602,1,0.3138203272623701,1,0.9225606116584449,1
Patches_ICSE__Doverfitting__GenProg__Chart__patch1-Chart-12-GenProg-plausible,Chart-12,Chart,overfitting,1,0.7397260273972602,1,0.2615530463118,1,0.9788083927639504,1
Patches_ICSE__Doverfitting__GenProg__Chart__patch1-Chart-13-GenProg-plausible,Chart-13,Chart,overfitting,1,0.7397260273972602,1,0.7008408895008554,0,0.8176369730975455,1
Patches_ICSE__Doverfitting__GenProg__Chart__patch1-Chart-25-GenProg-plausible,Chart-25,Chart,overfitting,1,0.7397260273972602,1,0.22789197890735768,1,0.8544385762438945,1
Patches_ICSE__Doverfitting__GenProg__Chart__patch1-Chart-3-GenProg-plausible,Chart-3,Chart,overfitting,1,0.7397260273972602,1,0.4931103229848808,1,0.7279459419349831,1
Patches_ICSE__Doverfitting__GenProg__Closure__patch1-Closure-10-GenProg-plausible,Closure-10,Closure,overfitting,1,0.6902927580893683,1,0.993906309433891,0,0.6229639645472801,1
Patches_ICSE__Doverfitting__GenProg__Closure__patch1-Closure-112-GenProg-plausible,Closure-112,Closure,overfitting,1,0.6902927580893683,1,0.21220747485396863,1,0.8648825447034929,1
Patches_ICSE__Doverfitting__GenProg__Closure__patch1-Closure-114-GenProg-plausible,Closure-114,Closure,overfitting,1,0.6902927580893683,1,0.3738491444106369,1,0.9200120105988808,1
Patches_ICSE__Doverfitting__GenProg__Closure__patch1-Closure-124-GenProg-plausible,Closure-124,Closure,overfitting,1,0.6902927580893683,1,0.0935034547745921,1,0.908101680275011,1
Patches_ICSE__Doverfitting__GenProg__Closure__patch1-Closure-129-GenProg-plausible,Closure-129,Closure,overfitting,1,0.6902927580893683,1,0.8351417342075574,0,0.8569444264827767,1
Patches_ICSE__Doverfitting__GenProg__Closure__patch1-Closure-130-GenProg-plausible,Closure-130,Closure,overfitting,1,0.6902927580893683,1,0.4859329784263382,1,0.8787280568551961,1
Patches_ICSE__Doverfitting__GenProg__Closure__patch1-Closure-21-GenProg-plausible,Closure-21,Closure,overfitting,1,0.6902927580893683,1,0.9624014436858985,0,0.805662472622858,1
Patches_ICSE__Doverfitting__GenProg__Closure__patch1-Closure-22-GenProg-plausible,Closure-22,Closure,overfitting,1,0.6902927580893683,1,0.14461570487334963,1,0.8934224583604893,1
Patches_ICSE__Doverfitting__GenProg__Closure__patch1-Closure-55-GenProg-plausible,Closure-55,Closure,overfitting,1,0.6902927580893683,1,0.8918217642332203,0,0.8507279419803913,1
Patches_ICSE__Doverfitting__GenProg__Closure__patch1-Closure-59-GenProg-plausible,Closure-59,Closure,overfitting,1,0.6902927580893683,1,0.35954611893234156,1,0.6020308704701847,1
Patches_ICSE__Doverfitting__GenProg__Closure__patch1-Closure-67-GenProg-plausible,Closure-67,Closure,overfitting,1,0.6902927580893683,1,0.2362906836924623,1,0.928314033157608,1
Patches_ICSE__Doverfitting__GenProg__Closure__patch1-Closure-75-GenProg-plausible,Closure-75,Closure,overfitting,1,0.6902927580893683,1,0.6571231551575867,0,0.9804067462378926,1
Patches_ICSE__Doverfitting__GenProg__Closure__patch1-Closure-78-GenProg-plausible,Closure-78,Closure,overfitting,1,0.6902927580893683,1,0.030188469259489592,1,0.6020308704701847,1
Patches_ICSE__Doverfitting__GenProg__Lang__patch1-Lang-7-GenProg-plausible,Lang-7,Lang,overfitting,1,0.7288590604026846,1,0.005060730361583388,0,0.5025949597066491,1
Patches_ICSE__Doverfitting__GenProg__Math__patch1-Math-2-GenProg-plausible,Math-2,Math,overfitting,1,0.7348066298342542,1,0.3975088220024602,1,0.9749415372525677,1
Patches_ICSE__Doverfitting__GenProg__Math__patch1-Math-28-GenProg-plausible,Math-28,Math,overfitting,1,0.7348066298342542,1,0.32406617952943784,0,0.8058263769116767,1
Patches_ICSE__Doverfitting__GenProg__Math__patch1-Math-31-GenProg-plausible,Math-31,Math,overfitting,1,0.7348066298342542,1,0.7173861706578798,0,0.9994561551966161,1
Patches_ICSE__Doverfitting__GenProg__Math__patch1-Math-40-GenProg-plausible,Math-40,Math,overfitting,1,0.7348066298342542,1,0.45247337124071896,1,0.9947528571644199,1
Patches_ICSE__Doverfitting__GenProg__Math__patch1-Math-80-GenProg-plausible,Math-80,Math,overfitting,1,0.7348066298342542,1,0.6777524142018176,1,0.9967714312352344,1
Patches_ICSE__Doverfitting__GenProg__Math__patch1-Math-81-GenProg-plausible,Math-81,Math,overfitting,1,0.7348066298342542,1,0.6989471733513501,1,0.9278313812835324,1
Patches_ICSE__Doverfitting__GenProg__Math__patch1-Math-82-GenProg-plausible,Math-82,Math,overfitting,1,0.7348066298342542,1,0.9811954308212117,1,0.8058263769116767,1
Patches_ICSE__Doverfitting__GenProg__Math__patch1-Math-85-GenProg-plausible,Math-85,Math,overfitting,1,0.7348066298342542,1,0.683541574470258,1,0.9829169578755266,1
Patches_ICSE__Doverfitting__GenProg__Math__patch1-Math-95-GenProg-plausible,Math-95,Math,overfitting,1,0.7348066298342542,1,0.0788765837661155,0,0.9742556357200017,1
Patches_ICSE__Doverfitting__Kali__Chart__patch1-Chart-1-Kali-plausible,Chart-1,Chart,overfitting,1,0.7397260273972602,1,0.5800284530205562,0,0.7908488361221113,1
Patches_ICSE__Doverfitting__Kali__Chart__patch1-Chart-12-Kali-plausible,Chart-12,Chart,overfitting,1,0.7397260273972602,1,0.18890636475445843,0,0.6613093628229875,1
Patches_ICSE__Doverfitting__Kali__Chart__patch1-Chart-15-Kali-plausible,Chart-15,Chart,overfitting,1,0.7397260273972602,1,0.7312406583584447,0,0.6613093628229875,1
Patches_ICSE__Doverfitting__Kali__Chart__patch1-Chart-25-Kali-plausible,Chart-25,Chart,overfitting,1,0.7397260273972602,1,0.5484830646246303,1,0.7908488361221113,1
Patches_ICSE__Doverfitting__Kali__Chart__patch1-Chart-26-Kali-plausible,Chart-26,Chart,overfitting,1,0.7397260273972602,1,0.6215032596259377,1,0.6613093628229875,1
Patches_ICSE__Doverfitting__Kali__Chart__patch1-Chart-5-Kali-plausible,Chart-5,Chart,overfitting,1,0.7397260273972602,1,0.3721443167968299,0,0.7908488361221113,1
Patches_ICSE__Doverfitting__Kali__Closure__patch1-Closure-1-Kali-plausible,Closure-1,Closure,overfitting,1,0.6902927580893683,1,0.5254697248274498,1,0.7479931032728986,1
Patches_ICSE__Doverfitting__Kali__Closure__patch1-Closure-10-Kali-plausible,Closure-10,Closure,overfitting,1,0.6902927580893683,1,0.4736051880661374,0,0.8540697382278484,1
Patches_ICSE__Doverfitting__Kali__Closure__patch1-Closure-112-Kali-plausible,Closure-112,Closure,overfitting,1,0.6902927580893683,1,0.04850513258211875,0,0.7479931032728986,1
Patches_ICSE__Doverfitting__Kali__Closure__patch1-Closure-114-Kali-plausible,Closure-114,Closure,overfitting,1,0.6902927580893683,1,0.4341822332207885,0,0.5725343879142726,1
Patches_ICSE__Doverfitting__Kali__Closure__patch1-Closure-117-Kali-plausible,Closure-117,Closure,overfitting,1,0.6902927580893683,1,0.3049191826586233,1,0.7665080347659335,1
Patches_ICSE__Doverfitting__Kali__Closure__patch1-Closure-119-Kali-plausible,Closure-119,Closure,overfitting,1,0.6902927580893683,1,0.24864819916465264,0,0.7479931032728986,1
Patches_ICSE__Doverfitting__Kali__Closure__patch1-Closure-12-Kali-plausible,Closure-12,Closure,overfitting,1,0.6902927580893683,1,0.9302937489130779,0,0.7479931032728986,1
Patches_ICSE__Doverfitting__Kali__Closure__patch1-Closure-120-Kali-plausible,Closure-120,Closure,overfitting,1,0.6902927580893683,1,0.5982968449905018,1,0.5725343879142726,1
Patches_ICSE__Doverfitting__Kali__Closure__patch1-Closure-121-Kali-plausible,Closure-121,Closure,overfitting,1,0.6902927580893683,1,0.1541575029427562,0,0.5725343879142726,1
Patches_ICSE__Doverfitting__Kali__Closure__patch1-Closure-122-Kali-plausible,Closure-122,Closure,overfitting,1,0.6902927580893683,1,0.7571316253352183,0,0.7479931032728986,1
Patches_ICSE__Doverfitting__Kali__Closure__patch1-Closure-124-Kali-plausible,Closure-124,Closure,overfitting,1,0.6902927580893683,1,0.36956669018657895,1,0.8046809735667131,1
Patches_ICSE__Doverfitting__Kali__Closure__patch1-Closure-125-Kali-plausible,Closure-125,Closure,overfitting,1,0.6902927580893683,1,0.5988506638162991,1,0.7479931032728986,1
Patches_ICSE__Doverfitting__Kali__Closure__patch1-Closure-127-Kali-plausible,Closure-127,Closure,overfitting,1,0.6902927580893683,1,0.3799349341788377,1,0.7479931032728986,1
Patches_ICSE__Doverfitting__Kali__Closure__patch1-Closure-129-Kali-plausible,Closure-129,Closure,overfitting,1,0.6902927580893683,1,0.6385458531009636,0,0.5725343879142726,1
Patches_ICSE__Doverfitting__Kali__Closure__patch1-Closure-130-Kali-plausible,Closure-130,Closure,overfitting,1,0.6902927580893683,1,0.681937037573606,1,0.7479931032728986,1
Patches_ICSE__Doverfitting__Kali__Closure__patch1-Closure-131-Kali-plausible,Closure-131,Closure,overfitting,1,0.6902927580893683,1,0.28353426632010625,0,0.5725343879142726,1
Patches_ICSE__Doverfitting__Kali__Closure__patch1-Closure-132-Kali-plausible,Closure-132,Closure,overfitting,1,0.6902927580893683,1,0.8310576876132559,0,0.5725343879142726,1
Patches_ICSE__Doverfitting__Kali__Closure__patch1-Closure-15-Kali-plausible,Closure-15,Closure,overfitting,1,0.6902927580893683,1,0.6181307496852578,0,0.7479931032728986,1
Patches_ICSE__Doverfitting__Kali__Closure__patch1-Closure-20-Kali-plausible,Closure-20,Closure,overfitting,1,0.6902927580893683,1,0.6052685945074544,0,0.5725343879142726,1
Patches_ICSE__Doverfitting__Kali__Closure__patch1-Closure-21-Kali-plausible,Closure-21,Closure,overfitting,1,0.6902927580893683,1,0.21800593004626811,1,0.7479931032728986,1
Patches_ICSE__Doverfitting__Kali__Closure__patch1-Closure-22-Kali-plausible,Closure-22,Closure,overfitting,1,0.6902927580893683,1,0.25396254580418,1,0.7479931032728986,1
Patches_ICSE__Doverfitting__Kali__Closure__patch1-Closure-26-Kali-plausible,Closure-26,Closure,overfitting,1,0.6902927580893683,1,0.3953770523791057,0,0.5725343879142726,1
Patches_ICSE__Doverfitting__Kali__Closure__patch1-Closure-29-Kali-plausible,Closure-29,Closure,overfitting,1,0.6902927580893683,1,0.03387269818171201,1,0.5725343879142726,1
Patches_ICSE__Doverfitting__Kali__Closure__patch1-Closure-3-Kali-plausible,Closure-3,Closure,overfitting,1,0.6902927580893683,1,0.054731143300722596,1,0.7479931032728986,1
Patches_ICSE__Doverfitting__Kali__Closure__patch1-Closure-30-Kali-plausible,Closure-30,Closure,overfitting,1,0.6902927580893683,1,0.662682068619064,1,0.5725343879142726,1
Patches_ICSE__Doverfitting__Kali__Closure__patch1-Closure-31-Kali-plausible,Closure-31,Closure,overfitting,1,0.6902927580893683,1,0.3164785602685367,1,0.5725343879142726,1
Patches_ICSE__Doverfitting__Kali__Closure__patch1-Closure-33-Kali-plausible,Closure-33,Closure,overfitting,1,0.6902927580893683,1,0.720244476030497,1,0.7479931032728986,1
Patches_ICSE__Doverfitting__Kali__Closure__patch1-Closure-36-Kali-plausible,Closure-36,Closure,overfitting,1,0.6902927580893683,1,0.07482644255422188,0,0.5725343879142726,1
Patches_ICSE__Doverfitting__Kali__Closure__patch1-Closure-45-Kali-plausible,Closure-45,Closure,overfitting,1,0.6902927580893683,1,0.7401312499629299,1,0.5725343879142726,1
Patches_ICSE__Doverfitting__Kali__Closure__patch1-Closure-46-Kali-plausible,Closure-46,Closure,overfitting,1,0.6902927580893683,1,0.21417883012053884,0,0.7479931032728986,1
Patches_ICSE__Doverfitting__Kali__Closure__patch1-Closure-49-Kali-plausible,Closure-49,Closure,overfitting,1,0.6902927580893683,1,0.8695515555783495,1,0.5725343879142726,1
Patches_ICSE__Doverfitting__Kali__Closure__patch1-Closure-5-Kali-plausible,Closure-5,Closure,overfitting,1,0.6902927580893683,1,0.9065322424574986,0,0.5725343879142726,1
Patches_ICSE__Doverfitting__Kali__Closure__patch1-Closure-50-Kali-plausible,Closure-50,Closure,overfitting,1,0.6902927580893683,1,0.6893133058623288,0,0.5725343879142726,1
Patches_ICSE__Doverfitting__Kali__Closure__patch1-Closure-55-Kali-plausible,Closure-55,Closure,overfitting,1,0.6902927580893683,1,0.3942866712901717,1,0.7479931032728986,1
Patches_ICSE__Doverfitting__Kali__Closure__patch1-Closure-59-Kali-plausible,Closure-59,Closure,overfitting,1,0.6902927580893683,1,0.025647897127963226,1,0.7663210910602124,1
Patches_ICSE__Doverfitting__Kali__Closure__patch1-Closure-61-Kali-plausible,Closure-61,Closure,overfitting,1,0.6902927580893683,1,0.7611131728418318,0,0.5725343879142726,1
Patches_ICSE__Doverfitting__Kali__Closure__patch1-Closure-64-Kali-plausible,Closure-64,Closure,overfitting,1,0.6902927580893683,1,0.562817570968351,1,0.5725343879142726,1
Patches_ICSE__Doverfitting__Kali__Closure__patch1-Closure-67-Kali-plausible,Closure-67,Closure,overfitting,1,0.6902927580893683,1,0.08229124940952703,0,0.7479931032728986,1
Patches_ICSE__Doverfitting__Kali__Closure__patch1-Closure-68-Kali-plausible,Closure-68,Closure,overfitting,1,0.6902927580893683,1,0.5707371869026688,0,0.8155124835339341,1
Patches_ICSE__Doverfitting__Kali__Closure__patch1-Closure-7-Kali-plausible,Closure-7,Closure,overfitting,1,0.6902927580893683,1,0.006155669335288327,0,0.5725343879142726,1
Patches_ICSE__Doverfitting__Kali__Closure__patch1-Closure-72-Kali-plausible,Closure-72,Closure,overfitting,1,0.6902927580893683,1,0.4513766078981988,0,0.5725343879142726,1
Patches_ICSE__Doverfitting__Kali__Closure__patch1-Closure-75-Kali-plausible,Closure-75,Closure,overfitting,1,0.6902927580893683,1,0.613256681670192,1,0.8536386631415955,1
Patches_ICSE__Doverfitting__Kali__Closure__patch1-Closure-76-Kali-plausible,Closure-76,Closure,overfitting,1,0.6902927580893683,1,0.8026586252465906,1,0.5725343879142726,1
Patches_ICSE__Doverfitting__Kali__Closure__patch1-Closure-78-Kali-plausible,Closure-78,Closure,overfitting,1,0.6902927580893683,1,0.2906059077682427,1,0.5725343879142726,1
Patches_ICSE__Doverfitting__Kali__Closure__patch1-Closure-8-Kali-plausible,Closure-8,Closure,overfitting,1,0.6902927580893683,1,0.23204551611998447,1,0.5725343879142726,1
Patches_ICSE__Doverfitting__Kali__Math__patch1-Math-2-Kali-plausible,Math-2,Math,overfitting,1,0.7348066298342542,1,0.22167143756974972,1,0.7599269935001266,1
Patches_ICSE__Doverfitting__Kali__Math__patch1-Math-28-Kali-plausible,Math-28,Math,overfitting,1,0.7348066298342542,1,0.5887160631256492,1,0.7599269935001266,1
Patches_ICSE__Doverfitting__Kali__Math__patch1-Math-31-Kali-plausible,Math-31,Math,overfitting,1,0.7348066298342542,1,0.024884477720097387,1,0.6207236722787673,1
Patches_ICSE__Doverfitting__Kali__Math__patch1-Math-32-Kali-plausible,Math-32,Math,overfitting,1,0.7348066298342542,1,0.4534815367450279,0,0.7599269935001266,1
Patches_ICSE__Doverfitting__Kali__Math__patch1-Math-49-Kali-plausible,Math-49,Math,overfitting,1,0.7348066298342542,1,0.3060414915822871,0,0.7599269935001266,1
Patches_ICSE__Doverfitting__Kali__Math__patch1-Math-80-Kali-plausible,Math-80,Math,overfitting,1,0.7348066298342542,1,0.178935698624885,1,0.6207236722787673,1
Patches_ICSE__Doverfitting__Kali__Math__patch1-Math-81-Kali-plausible,Math-81,Math,overfitting,1,0.7348066298342542,1,0.045614647479246706,0,0.7599269935001266,1
Patches_ICSE__Doverfitting__Kali__Math__patch1-Math-84-Kali-plausible,Math-84,Math,overfitting,1,0.7348066298342542,1,0.01680915781628134,1,0.7599269935001266,1
Patches_ICSE__Doverfitting__Kali__Math__patch1-Math-95-Kali-plausible,Math-95,Math,overfitting,1,0.7348066298342542,1,0.1698945128235967,1,0.6207236722787673,1
Patches_ICSE__Doverfitting__Nopol__Chart__patch1-Chart-13-Nopol-plausible,Chart-13,Chart,overfitting,1,0.7397260273972602,1,0.42019325992063383,0,0.9589682277176038,1
Patches_ICSE__Doverfitting__Nopol__Chart__patch1-Chart-17-Nopol-plausible,Chart-17,Chart,overfitting,1,0.7397260273972602,1,0.49482967791705623,1,0.8538941732396591,1
Patches_ICSE__Doverfitting__Nopol__Chart__patch1-Chart-21-Nopol-plausible,Chart-21,Chart,overfitting,1,0.7397260273972602,1,0.46997091240616984,1,0.7893305816647048,1
Patches_ICSE__Doverfitting__Nopol__Chart__patch1-Chart-25-Nopol-plausible,Chart-25,Chart,overfitting,1,0.7397260273972602,1,0.6756392228496231,1,0.9374343445477918,1
Patches_ICSE__Doverfitting__Nopol__Chart__patch1-Chart-5-Nopol-plausible,Chart-5,Chart,overfitting,1,0.7397260273972602,1,0.5771775044961992,1,0.7908488361221113,1
Patches_ICSE__Doverfitting__Nopol__Chart__patch1-Chart-9-Nopol-plausible,Chart-9,Chart,overfitting,1,0.7397260273972602,1,0.4162706429924663,1,0.8538941732396591,1
Patches_ICSE__Doverfitting__Nopol__Lang__patch1-Lang-44-Nopol-plausible,Lang-44,Lang,overfitting,1,0.7288590604026846,1,0.14248162866480163,0,0.9434739466706734,1
Patches_ICSE__Doverfitting__Nopol__Lang__patch1-Lang-51-Nopol-plausible,Lang-51,Lang,overfitting,1,0.7288590604026846,1,0.7776823488067415,1,0.8767442665087486,1
Patches_ICSE__Doverfitting__Nopol__Lang__patch1-Lang-53-Nopol-plausible,Lang-53,Lang,overfitting,1,0.7288590604026846,1,0.8038733863813131,1,0.8918552237364612,1
Patches_ICSE__Doverfitting__Nopol__Lang__patch1-Lang-55-Nopol-plausible,Lang-55,Lang,overfitting,1,0.7288590604026846,1,0.25975179140571236,0,0.7825598582037989,1
Patches_ICSE__Doverfitting__Nopol__Lang__patch1-Lang-58-Nopol-plausible,Lang-58,Lang,overfitting,1,0.7288590604026846,1,0.9402158860773521,1,0.8847089244243643,1
Patches_ICSE__Doverfitting__Nopol__Math__patch1-Math-105-Nopol-plausible,Math-105,Math,overfitting,1,0.7348066298342542,1,0.9384470089993842,1,0.8079217525451976,1
Patches_ICSE__Doverfitting__Nopol__Math__patch1-Math-18-Nopol-plausible,Math-18,Math,overfitting,1,0.7348066298342542,1,0.327369356524045,1,0.8079217525451976,1
Patches_ICSE__Doverfitting__Nopol__Math__patch1-Math-2-Nopol-plausible,Math-2,Math,overfitting,1,0.7348066298342542,1,0.9373588466277836,0,0.8823245600531575,1
Patches_ICSE__Doverfitting__Nopol__Math__patch1-Math-20-Nopol-plausible,Math-20,Math,overfitting,1,0.7348066298342542,1,0.09820299795625209,0,0.8079217525451976,1
Patches_ICSE__Doverfitting__Nopol__Math__patch1-Math-33-Nopol-plausible,Math-33,Math,overfitting,1,0.7348066298342542,1,0.6040155277723563,1,0.8079217525451976,1
Patches_ICSE__Doverfitting__Nopol__Math__patch1-Math-4-Nopol-plausible,Math-4,Math,overfitting,1,0.7348066298342542,1,0.5289915403376455,1,0.8079217525451976,1
Patches_ICSE__Doverfitting__Nopol__Math__patch1-Math-41-Nopol-plausible,Math-41,Math,overfitting,1,0.7348066298342542,1,0.6347877012062826,1,0.8079217525451976,1
Patches_ICSE__Doverfitting__Nopol__Math__patch1-Math-42-Nopol-plausible,Math-42,Math,overfitting,1,0.7348066298342542,1,0.8474807160362391,1,0.8079217525451976,1
Patches_ICSE__Doverfitting__Nopol__Math__patch1-Math-49-Nopol-plausible,Math-49,Math,overfitting,1,0.7348066298342542,1,0.38988975964644024,1,0.8955311194062797,1
Patches_ICSE__Doverfitting__Nopol__Math__patch1-Math-58-Nopol-plausible,Math-58,Math,overfitting,1,0.7348066298342542,1,0.6653282359997233,1,0.9198912914266917,1
Patches_ICSE__Doverfitting__Nopol__Math__patch1-Math-69-Nopol-plausible,Math-69,Math,overfitting,1,0.7348066298342542,1,0.2113034888859071,1,0.9647646327152241,1
Patches_ICSE__Doverfitting__Nopol__Math__patch1-Math-7-Nopol-plausible,Math-7,Math,overfitting,1,0.7348066298342542,1,0.7857854248244959,1,0.8079217525451976,1
Patches_ICSE__Doverfitting__Nopol__Math__patch1-Math-73-Nopol-plausible,Math-73,Math,overfitting,1,0.7348066298342542,1,0.5344616857248191,1,0.9017094608426378,1
Patches_ICSE__Doverfitting__Nopol__Math__patch1-Math-78-Nopol-plausible,Math-78,Math,overfitting,1,0.7348066298342542,1,0.08037477381511537,0,0.8079217525451976,1
Patches_ICSE__Doverfitting__Nopol__Math__patch1-Math-80-Nopol-plausible,Math-80,Math,overfitting,1,0.7348066298342542,1,0.29298870976719316,1,0.999823815151742,1
Patches_ICSE__Doverfitting__Nopol__Math__patch1-Math-81-Nopol-plausible,Math-81,Math,overfitting,1,0.7348066298342542,1,0.13482141188228725,0,0.8079217525451976,1
Patches_ICSE__Doverfitting__Nopol__Math__patch1-Math-82-Nopol-plausible,Math-82,Math,overfitting,1,0.7348066298342542,1,0.7452042653685345,1,0.8079217525451976,1
Patches_ICSE__Doverfitting__Nopol__Math__patch1-Math-87-Nopol-plausible,Math-87,Math,overfitting,1,0.7348066298342542,1,0.4038075206638657,1,0.8079217525451976,1
Patches_ICSE__Doverfitting__Nopol__Time__patch1-Time-14-Nopol-plausible,Time-14,Time,overfitting,1,0.7241770715096482,1,0.3458340278600034,1,0.7714685187606284,1
Patches_ICSE__Doverfitting__RSRepair__Chart__patch1-Chart-12-RSRepair-plausible,Chart-12,Chart,overfitting,1,0.7397260273972602,1,0.0018023536068190182,1,0.6297869300489276,1
Patches_ICSE__Doverfitting__RSRepair__Chart__patch1-Chart-13-RSRepair-plausible,Chart-13,Chart,overfitting,1,0.7397260273972602,1,0.7940310607755042,1,0.9207533934432939,1
Patches_ICSE__Doverfitting__RSRepair__Chart__patch1-Chart-25-RSRepair-plausible,Chart-25,Chart,overfitting,1,0.7397260273972602,1,0.5193842211443356,0,0.9275152737475507,1
Patches_ICSE__Doverfitting__RSRepair__Chart__patch1-Chart-5-RSRepair-plausible,Chart-5,Chart,overfitting,1,0.7397260273972602,1,0.32654466381127,1,0.7542680443081741,1
Patches_ICSE__Doverfitting__RSRepair__Closure__patch1-Closure-10-RSRepair-plausible,Closure-10,Closure,overfitting,1,0.6902927580893683,1,0.33109368071345846,0,0.6773912251786274,1
Patches_ICSE__Doverfitting__RSRepair__Closure__patch1-Closure-112-RSRepair-plausible,Closure-112,Closure,overfitting,1,0.6902927580893683,1,0.05919464671039454,1,0.8742249785099901,1
Patches_ICSE__Doverfitting__RSRepair__Closure__patch1-Closure-114-RSRepair-plausible,Closure-114,Closure,overfitting,1,0.6902927580893683,1,0.9314994667781543,1,0.9608464833861612,1
Patches_ICSE__Doverfitting__RSRepair__Closure__patch1-Closure-120-RSRepair-plausible,Closure-120,Closure,overfitting,1,0.6902927580893683,1,0.8806350809002281,0,0.8569444264827767,1
Patches_ICSE__Doverfitting__RSRepair__Closure__patch1-Closure-121-RSRepair-plausible,Closure-121,Closure,overfitting,1,0.6902927580893683,1,0.6021361701813102,0,0.8569444264827767,1
Patches_ICSE__Doverfitting__RSRepair__Closure__patch1-Closure-124-RSRepair-plausible,Closure-124,Closure,overfitting,1,0.6902927580893683,1,0.07458742422196396,1,0.8117351488313355,1
Patches_ICSE__Doverfitting__RSRepair__Closure__patch1-Closure-127-RSRepair-plausible,Closure-127,Closure,overfitting,1,0.6902927580893683,1,0.08362765145734896,0,0.6020308704701847,1
Patches_ICSE__Doverfitting__RSRepair__Closure__patch1-Closure-129-RSRepair-plausible,Closure-129,Closure,overfitting,1,0.6902927580893683,1,0.9320824085782379,0,0.8569444264827767,1
Patches_ICSE__Doverfitting__RSRepair__Closure__patch1-Closure-130-RSRepair-plausible,Closure-130,Closure,overfitting,1,0.6902927580893683,1,0.12499955865727308,0,0.8787280568551961,1
Patches_ICSE__Doverfitting__RSRepair__Closure__patch1-Closure-21-RSRepair-plausible,Closure-21,Closure,overfitting,1,0.6902927580893683,1,0.14566874185476875,1,0.78364679820587,1
Patches_ICSE__Doverfitting__RSRepair__Closure__patch1-Closure-22-RSRepair-plausible,Closure-22,Closure,overfitting,1,0.6902927580893683,1,0.7854702016115908,1,0.915320161021544,1
Patches_ICSE__Doverfitting__RSRepair__Closure__patch1-Closure-31-RSRepair-plausible,Closure-31,Closure,overfitting,1,0.6902927580893683,1,0.3015314021630472,1,0.6020308704701847,1
Patches_ICSE__Doverfitting__RSRepair__Closure__patch1-Closure-33-RSRepair-plausible,Closure-33,Closure,overfitting,1,0.6902927580893683,1,0.4115541827996497,1,0.8569444264827767,1
Patches_ICSE__Doverfitting__RSRepair__Closure__patch1-Closure-45-RSRepair-plausible,Closure-45,Closure,overfitting,1,0.6902927580893683,1,0.4100234308800571,1,0.6020308704701847,1
Patches_ICSE__Doverfitting__RSRepair__Closure__patch1-Closure-55-RSRepair-plausible,Closure-55,Closure,overfitting,1,0.6902927580893683,1,0.70006605596892,1,0.9034742090959487,1
Patches_ICSE__Doverfitting__RSRepair__Closure__patch1-Closure-59-RSRepair-plausible,Closure-59,Closure,overfitting,1,0.6902927580893683,1,0.47233225860496875,1,0.8569444264827767,1
Patches_ICSE__Doverfitting__RSRepair__Closure__patch1-Closure-61-RSRepair-plausible,Closure-61,Closure,overfitting,1,0.6902927580893683,1,0.8122050151262458,1,0.6020308704701847,1
Patches_ICSE__Doverfitting__RSRepair__Closure__patch1-Closure-67-RSRepair-plausible,Closure-67,Closure,overfitting,1,0.6902927580893683,1,0.4959391441876757,1,0.8569444264827767,1
Patches_ICSE__Doverfitting__RSRepair__Closure__patch1-Closure-75-RSRepair-plausible,Closure-75,Closure,overfitting,1,0.6902927580893683,1,0.29045961628587613,0,0.6020308704701847,1
Patches_ICSE__Doverfitting__RSRepair__Closure__patch1-Closure-78-RSRepair-plausible,Closure-78,Closure,overfitting,1,0.6902927580893683,1,0.19457688761579417,1,0.8569444264827767,1
Patches_ICSE__Doverfitting__RSRepair__Lang__patch1-Lang-13-RSRepair-plausible,Lang-13,Lang,overfitting,1,0.7288590604026846,1,0.2364603835787169,1,0.6454001009913884,1
Patches_ICSE__Doverfitting__RSRepair__Lang__patch1-Lang-16-RSRepair-plausible,Lang-16,Lang,overfitting,1,0.7288590604026846,1,0.7285604875338647,1,0.6454001009913884,1
Patches_ICSE__Doverfitting__RSRepair__Lang__patch1-Lang-7-RSRepair-plausible,Lang-7,Lang,overfitting,1,0.7288590604026846,1,0.18448702377750803,0,0.6454001009913884,1
Patches_ICSE__Doverfitting__RSRepair__Math__patch1-Math-103-RSRepair-plausible,Math-103,Math,overfitting,1,0.7348066298342542,1,0.5233488590791816,1,0.5165097120907692,1
Patches_ICSE__Doverfitting__RSRepair__Math__patch1-Math-2-RSRepair-plausible,Math-2,Math,overfitting,1,0.7348066298342542,1,0.6094900728209032,0,0.8539353352785769,1
Patches_ICSE__Doverfitting__RSRepair__Math__patch1-Math-28-RSRepair-plausible,Math-28,Math,overfitting,1,0.7348066298342542,1,0.3727810004023012,0,0.8058263769116767,1
Patches_ICSE__Doverfitting__RSRepair__Math__patch1-Math-33-RSRepair-plausible,Math-33,Math,overfitting,1,0.7348066298342542,1,0.9859579752173755,1,0.8539353352785769,1
Patches_ICSE__Doverfitting__RSRepair__Math__patch1-Math-40-RSRepair-plausible,Math-40,Math,overfitting,1,0.7348066298342542,1,0.7529720741997458,0,0.5436050173800896,1
Patches_ICSE__Doverfitting__RSRepair__Math__patch1-Math-58-RSRepair-plausible,Math-58,Math,overfitting,1,0.7348066298342542,1,0.648497001591261,0,0.8390868405588862,1
Patches_ICSE__Doverfitting__RSRepair__Math__patch1-Math-80-RSRepair-plausible,Math-80,Math,overfitting,1,0.7348066298342542,1,0.15204806867769938,1,0.8788421184488933,1
Patches_ICSE__Doverfitting__RSRepair__Math__patch1-Math-81-RSRepair-plausible,Math-81,Math,overfitting,1,0.7348066298342542,1,0.3709872965392369,1,0.5436050173800896,1
Patches_ICSE__Doverfitting__RSRepair__Math__patch1-Math-82-RSRepair-plausible,Math-82,Math,overfitting,1,0.7348066298342542,1,0.3791549486011354,1,0.8058263769116767,1
Patches_ICSE__Doverfitting__RSRepair__Math__patch1-Math-84-RSRepair-plausible,Math-84,Math,overfitting,1,0.7348066298342542,1,0.7037427331809246,1,0.5578915293903868,1
Patches_ICSE__Doverfitting__RSRepair__Math__patch1-Math-85-RSRepair-plausible,Math-85,Math,overfitting,1,0.7348066298342542,1,0.0813701115957296,1,0.9933724445346036,1
Patches_ICSE__Doverfitting__RSRepair__Math__patch1-Math-95-RSRepair-plausible,Math-95,Math,overfitting,1,0.7348066298342542,1,0.13996031475751614,1,0.9989358108293538,1
Patches_ICSE__Doverfitting__SimFix__Chart__patch1-Chart-12-SimFix-plausible,Chart-12,Chart,overfitting,1,0.7397260273972602,1,0.49995502241119394,1,0.6297869300489276,1
Patches_ICSE__Doverfitting__SimFix__Chart__patch1-Chart-18-SimFix-plausible,Chart-18,Chart,overfitting,1,0.7397260273972602,1,0.09344593349461805,1,0.7908488361221113,1
Patches_ICSE__Doverfitting__SimFix__Chart__patch1-Chart-22-SimFix-plausible,Chart-22,Chart,overfitting,1,0.7397260273972602,1,0.9047040725533528,1,0.7262907220127703,1
Patches_ICSE__Doverfitting__SimFix__Chart__patch1-Chart-25-SimFix-plausible,Chart-25,Chart,overfitting,1,0.7397260273972602,1,0.9897361675845034,1,0.7908488361221113,1
Patches_ICSE__Doverfitting__SimFix__Chart__patch1-Chart-3-SimFix-plausible,Chart-3,Chart,overfitting,1,0.7397260273972602,1,0.05873521751558297,1,0.6642127571271723,1
Patches_ICSE__Doverfitting__SimFix__Closure__patch1-Closure-106-SimFix-plausible,Closure-106,Closure,overfitting,1,0.6902927580893683,1,0.7550132519180535,1,0.43096954382814506,0
Patches_ICSE__Doverfitting__SimFix__Closure__patch1-Closure-107-SimFix-plausible,Closure-107,Closure,overfitting,1,0.6902927580893683,1,0.2195079915141478,0,0.7500337582983966,1
Patches_ICSE__Doverfitting__SimFix__Closure__patch1-Closure-108-SimFix-plausible,Closure-108,Closure,overfitting,1,0.6902927580893683,1,0.6089078108765937,0,0.4903020971768734,0
Patches_ICSE__Doverfitting__SimFix__Closure__patch1-Closure-109-SimFix-plausible,Closure-109,Closure,overfitting,1,0.6902927580893683,1,0.6014041791288685,1,0.7479931032728986,1
Patches_ICSE__Doverfitting__SimFix__Closure__patch1-Closure-126-SimFix-plausible,Closure-126,Closure,overfitting,1,0.6902927580893683,1,0.9632475898482437,1,0.6020308704701847,1
Patches_ICSE__Doverfitting__SimFix__Closure__patch1-Closure-14-SimFix-plausible,Closure-14,Closure,overfitting,1,0.6902927580893683,1,0.08962073043795493,0,0.6020308704701847,1
Patches_ICSE__Doverfitting__SimFix__Closure__patch1-Closure-21-SimFix-plausible,Closure-21,Closure,overfitting,1,0.6902927580893683,1,0.2075204227297318,1,0.6020308704701847,1
Patches_ICSE__Doverfitting__SimFix__Closure__patch1-Closure-22-SimFix-plausible,Closure-22,Closure,overfitting,1,0.6902927580893683,1,0.6615530572198147,1,0.6020308704701847,1
Patches_ICSE__Doverfitting__SimFix__Closure__patch1-Closure-26-SimFix-plausible,Closure-26,Closure,overfitting,1,0.6902927580893683,1,0.33089948499767685,0,0.43096954382814506,0
Patches_ICSE__Doverfitting__SimFix__Closure__patch1-Closure-38-SimFix-plausible,Closure-38,Closure,overfitting,1,0.6902927580893683,1,0.12858287186718842,1,0.7479931032728986,1
Patches_ICSE__Doverfitting__SimFix__Closure__patch1-Closure-46-SimFix-plausible,Closure-46,Closure,overfitting,1,0.6902927580893683,1,0.895368602951573,0,0.6020308704701847,1
Patches_ICSE__Doverfitting__SimFix__Closure__patch1-Closure-57-SimFix-plausible,Closure-57,Closure,overfitting,1,0.6902927580893683,1,0.7314763939923757,0,0.7479931032728986,1
Patches_ICSE__Doverfitting__SimFix__Lang__patch1-Lang-1-SimFix-plausible,Lang-1,Lang,overfitting,1,0.7288590604026846,1,0.7572403376957872,1,0.7881774631270965,1
Patches_ICSE__Doverfitting__SimFix__Lang__patch1-Lang-10-SimFix-plausible,Lang-10,Lang,overfitting,1,0.7288590604026846,1,0.05081905408233478,1,0.5025949597066491,1
Patches_ICSE__Doverfitting__SimFix__Lang__patch1-Lang-12-SimFix-plausible,Lang-12,Lang,overfitting,1,0.7288590604026846,1,0.5901663105982617,1,0.7571421158494099,1
Patches_ICSE__Doverfitting__SimFix__Lang__patch1-Lang-16-SimFix-plausible,Lang-16,Lang,overfitting,1,0.7288590604026846,1,0.3489718871464118,0,0.5025949597066491,1
Patches_ICSE__Doverfitting__SimFix__Lang__patch1-Lang-27-SimFix-plausible,Lang-27,Lang,overfitting,1,0.7288590604026846,1,0.6591013850540004,1,0.5025949597066491,1
Patches_ICSE__Doverfitting__SimFix__Lang__patch1-Lang-41-SimFix-plausible,Lang-41,Lang,overfitting,1,0.7288590604026846,1,0.8867933696486153,1,0.6454001009913884,1
Patches_ICSE__Doverfitting__SimFix__Lang__patch1-Lang-45-SimFix-plausible,Lang-45,Lang,overfitting,1,0.7288590604026846,1,0.32212857009904194,0,0.7571421158494099,1
Patches_ICSE__Doverfitting__SimFix__Lang__patch1-Lang-50-SimFix-plausible,Lang-50,Lang,overfitting,1,0.7288590604026846,1,0.9510701802556571,0,0.6099004545757579,1
Patches_ICSE__Doverfitting__SimFix__Lang__patch1-Lang-61-SimFix-plausible,Lang-61,Lang,overfitting,1,0.7288590604026846,1,0.4518702354585523,1,0.6454001009913884,1
Patches_ICSE__Doverfitting__SimFix__Lang__patch1-Lang-63-SimFix-plausible,Lang-63,Lang,overfitting,1,0.7288590604026846,1,0.39988951454637567,1,0.7571421158494099,1
Patches_ICSE__Doverfitting__SimFix__Lang__patch1-Lang-9-SimFix-plausible,Lang-9,Lang,overfitting,1,0.7288590604026846,1,0.20452596777768461,1,0.5025949597066491,1
Patches_ICSE__Doverfitting__SimFix__Math__patch1-Math-1-SimFix-plausible,Math-1,Math,overfitting,1,0.7348066298342542,1,0.7941129580516811,1,0.7891786305751791,1
Patches_ICSE__Doverfitting__SimFix__Math__patch1-Math-43-SimFix-plausible,Math-43,Math,overfitting,1,0.7348066298342542,1,0.3823594271032599,1,0.5436050173800896,1
Patches_ICSE__Doverfitting__SimFix__Math__patch1-Math-44-SimFix-plausible,Math-44,Math,overfitting,1,0.7348066298342542,1,0.2994116779251216,1,0.5436050173800896,1
Patches_ICSE__Doverfitting__SimFix__Math__patch1-Math-50-SimFix-plausible,Math-50,Math,overfitting,1,0.7348066298342542,1,0.10505061328104037,1,0.7599269935001266,1
Patches_ICSE__Doverfitting__SimFix__Math__patch1-Math-6-SimFix-plausible,Math-6,Math,overfitting,1,0.7348066298342542,1,0.08460306395340955,1,0.7047695113822643,1
Patches_ICSE__Doverfitting__SimFix__Math__patch1-Math-63-SimFix-plausible,Math-63,Math,overfitting,1,0.7348066298342542,1,0.4189741629970366,1,0.7047695113822643,1
Patches_ICSE__Doverfitting__SimFix__Math__patch1-Math-69-SimFix-plausible,Math-69,Math,overfitting,1,0.7348066298342542,1,0.45997477469437087,1,0.8527225402944061,1
Patches_ICSE__Doverfitting__SimFix__Math__patch1-Math-73-SimFix-plausible,Math-73,Math,overfitting,1,0.7348066298342542,1,0.9699117484559723,0,0.744578224162175,1
Patches_ICSE__Doverfitting__SimFix__Math__patch1-Math-8-SimFix-plausible,Math-8,Math,overfitting,1,0.7348066298342542,1,0.6644194985160856,0,0.7047695113822643,1
Patches_ICSE__Doverfitting__SimFix__Math__patch1-Math-80-SimFix-plausible,Math-80,Math,overfitting,1,0.7348066298342542,1,0.2220407111980922,1,0.7047695113822643,1
Patches_ICSE__Doverfitting__SimFix__Math__patch1-Math-81-SimFix-plausible,Math-81,Math,overfitting,1,0.7348066298342542,1,0.6832502507651536,1,0.7599269935001266,1
Patches_ICSE__Doverfitting__SimFix__Math__patch1-Math-82-SimFix-plausible,Math-82,Math,overfitting,1,0.7348066298342542,1,0.012789876187601412,1,0.7599269935001266,1
Patches_ICSE__Doverfitting__SimFix__Math__patch1-Math-84-SimFix-plausible,Math-84,Math,overfitting,1,0.7348066298342542,1,0.744559197427086,1,0.7944672808378542,1
Patches_ICSE__Doverfitting__SimFix__Math__patch1-Math-85-SimFix-plausible,Math-85,Math,overfitting,1,0.7348066298342542,1,0.31270167132539406,1,0.9997874703933085,1
Patches_ICSE__Doverfitting__SimFix__Math__patch1-Math-88-SimFix-plausible,Math-88,Math,overfitting,1,0.7348066298342542,1,0.6794491398203203,1,0.7599269935001266,1
Patches_ICSE__Doverfitting__TBar__Chart__patch1-Chart-12-TBar-plausible,Chart-12,Chart,overfitting,1,0.7397260273972602,1,0.3582312185913814,1,0.6691173562541441,1
Patches_ICSE__Doverfitting__TBar__Chart__patch1-Chart-13-TBar-plausible,Chart-13,Chart,overfitting,1,0.7397260273972602,1,0.7300645778190835,1,0.8010986909129029,1
Patches_ICSE__Doverfitting__TBar__Chart__patch1-Chart-14-TBar-plausible,Chart-14,Chart,overfitting,1,0.7397260273972602,1,0.3142381312178827,1,0.6691173562541441,1
Patches_ICSE__Doverfitting__TBar__Chart__patch1-Chart-15-TBar-plausible,Chart-15,Chart,overfitting,1,0.7397260273972602,1,0.5670497583644489,0,0.8120343329605785,1
Patches_ICSE__Doverfitting__TBar__Chart__patch1-Chart-25-TBar-plausible,Chart-25,Chart,overfitting,1,0.7397260273972602,1,0.4165709623150299,1,0.8287709412585238,1
Patches_ICSE__Doverfitting__TBar__Chart__patch1-Chart-26-TBar-plausible,Chart-26,Chart,overfitting,1,0.7397260273972602,1,0.7742121576308749,0,0.6691173562541441,1
Patches_ICSE__Doverfitting__TBar__Chart__patch1-Chart-3-TBar-plausible,Chart-3,Chart,overfitting,1,0.7397260273972602,1,0.9584644009640338,1,0.5591082562746061,1
Patches_ICSE__Doverfitting__TBar__Chart__patch1-Chart-5-TBar-plausible,Chart-5,Chart,overfitting,1,0.7397260273972602,1,0.8883954263166767,1,0.6691173562541441,1
Patches_ICSE__Doverfitting__TBar__Chart__patch1-Chart-7-TBar-plausible,Chart-7,Chart,overfitting,1,0.7397260273972602,1,0.6209354652000495,0,0.5912915604212127,1
Patches_ICSE__Doverfitting__TBar__Closure__patch1-Closure-107-TBar-plausible,Closure-107,Closure,overfitting,1,0.6902927580893683,1,0.2225521522559719,0,0.8136318309651541,1
Patches_ICSE__Doverfitting__TBar__Closure__patch1-Closure-109-TBar-plausible,Closure-109,Closure,overfitting,1,0.6902927580893683,1,0.09521030422128629,1,0.6020308704701847,1
Patches_ICSE__Doverfitting__TBar__Closure__patch1-Closure-115-TBar-plausible,Closure-115,Closure,overfitting,1,0.6902927580893683,1,0.8424122866034477,0,0.7479931032728986,1
Patches_ICSE__Doverfitting__TBar__Closure__patch1-Closure-12-TBar-plausible,Closure-12,Closure,overfitting,1,0.6902927580893683,1,0.5699619505238555,0,0.7479931032728986,1
Patches_ICSE__Doverfitting__TBar__Closure__patch1-Closure-126-TBar-plausible,Closure-126,Closure,overfitting,1,0.6902927580893683,1,0.9295786250874855,1,0.6020308704701847,1
Patches_ICSE__Doverfitting__TBar__Closure__patch1-Closure-133-TBar-plausible,Closure-133,Closure,overfitting,1,0.6902927580893683,1,0.5171815371217462,1,0.6020308704701847,1
Patches_ICSE__Doverfitting__TBar__Closure__patch1-Closure-21-TBar-plausible,Closure-21,Closure,overfitting,1,0.6902927580893683,1,0.23087836206189072,0,0.7479931032728986,1
Patches_ICSE__Doverfitting__TBar__Closure__patch1-Closure-22-TBar-plausible,Closure-22,Closure,overfitting,1,0.6902927580893683,1,0.13356210614198927,1,0.7479931032728986,1
Patches_ICSE__Doverfitting__TBar__Closure__patch1-Closure-66-TBar-plausible,Closure-66,Closure,overfitting,1,0.6902927580893683,1,0.41791291612573434,1,0.6020308704701847,1
Patches_ICSE__Doverfitting__TBar__Lang__patch1-Lang-13-TBar-plausible,Lang-13,Lang,overfitting,1,0.7288590604026846,1,0.055650737695164154,0,0.9323489185862176,1
Patches_ICSE__Doverfitting__TBar__Lang__patch1-Lang-18-TBar-plausible,Lang-18,Lang,overfitting,1,0.7288590604026846,1,0.06108624531024287,1,0.7571421158494099,1
Patches_ICSE__Doverfitting__TBar__Lang__patch1-Lang-20-TBar-plausible,Lang-20,Lang,overfitting,1,0.7288590604026846,1,0.8501450211797864,1,0.6454001009913884,1
Patches_ICSE__Doverfitting__TBar__Lang__patch1-Lang-22-TBar-plausible,Lang-22,Lang,overfitting,1,0.7288590604026846,1,0.007310117632674751,1,0.7571421158494099,1
Patches_ICSE__Doverfitting__TBar__Lang__patch1-Lang-24-TBar-plausible,Lang-24,Lang,overfitting,1,0.7288590604026846,1,0.6483004330568504,0,0.7748727446590723,1
Patches_ICSE__Doverfitting__TBar__Lang__patch1-Lang-27-TBar-plausible,Lang-27,Lang,overfitting,1,0.7288590604026846,1,0.6096316318919724,1,0.7571421158494099,1
Patches_ICSE__Doverfitting__TBar__Lang__patch1-Lang-39-TBar-plausible,Lang-39,Lang,overfitting,1,0.7288590604026846,1,0.5872352749005229,1,0.6454001009913884,1
Patches_ICSE__Doverfitting__TBar__Lang__patch1-Lang-41-TBar-plausible,Lang-41,Lang,overfitting,1,0.7288590604026846,1,0.459870823835844,1,0.6454001009913884,1
Patches_ICSE__Doverfitting__TBar__Lang__patch1-Lang-43-TBar-plausible,Lang-43,Lang,overfitting,1,0.7288590604026846,1,0.06393323583137334,1,0.6454001009913884,1
Patches_ICSE__Doverfitting__TBar__Lang__patch1-Lang-44-TBar-plausible,Lang-44,Lang,overfitting,1,0.7288590604026846,1,0.19242039293859248,0,0.83190200420321,1
Patches_ICSE__Doverfitting__TBar__Lang__patch1-Lang-45-TBar-plausible,Lang-45,Lang,overfitting,1,0.7288590604026846,1,0.6945808746622851,1,0.7571421158494099,1
Patches_ICSE__Doverfitting__TBar__Lang__patch1-Lang-51-TBar-plausible,Lang-51,Lang,overfitting,1,0.7288590604026846,1,0.8909882393571232,0,0.7571421158494099,1
Patches_ICSE__Doverfitting__TBar__Lang__patch1-Lang-58-TBar-plausible,Lang-58,Lang,overfitting,1,0.7288590604026846,1,0.48220086174828447,0,0.83190200420321,1
Patches_ICSE__Doverfitting__TBar__Lang__patch1-Lang-60-TBar-plausible,Lang-60,Lang,overfitting,1,0.7288590604026846,1,0.3904114645983593,1,0.6454001009913884,1
Patches_ICSE__Doverfitting__TBar__Lang__patch1-Lang-63-TBar-plausible,Lang-63,Lang,overfitting,1,0.7288590604026846,1,0.8334175698963002,1,0.6454001009913884,1
Patches_ICSE__Doverfitting__TBar__Math__patch1-Math-15-TBar-plausible,Math-15,Math,overfitting,1,0.7348066298342542,1,0.9553723516455663,1,0.7599269935001266,1
Patches_ICSE__Doverfitting__TBar__Math__patch1-Math-2-TBar-plausible,Math-2,Math,overfitting,1,0.7348066298342542,1,0.9890855796450195,1,0.8136571881305611,1
Patches_ICSE__Doverfitting__TBar__Math__patch1-Math-50-TBar-plausible,Math-50,Math,overfitting,1,0.7348066298342542,1,0.5550250553838378,1,0.7047695113822643,1
Patches_ICSE__Doverfitting__TBar__Math__patch1-Math-6-TBar-plausible,Math-6,Math,overfitting,1,0.7348066298342542,1,0.06982167761726388,1,0.7047695113822643,1
Patches_ICSE__Doverfitting__TBar__Math__patch1-Math-62-TBar-plausible,Math-62,Math,overfitting,1,0.7348066298342542,1,0.061770215923576455,0,0.7047695113822643,1
Patches_ICSE__Doverfitting__TBar__Math__patch1-Math-63-TBar-plausible,Math-63,Math,overfitting,1,0.7348066298342542,1,0.2712555408258229,1,0.7599269935001266,1
Patches_ICSE__Doverfitting__TBar__Math__patch1-Math-8-TBar-plausible,Math-8,Math,overfitting,1,0.7348066298342542,1,0.09424508878986604,1,0.7047695113822643,1
Patches_ICSE__Doverfitting__TBar__Math__patch1-Math-80-TBar-plausible,Math-80,Math,overfitting,1,0.7348066298342542,1,0.28786062350000285,1,0.9988101478571373,1
Patches_ICSE__Doverfitting__TBar__Math__patch1-Math-81-TBar-plausible,Math-81,Math,overfitting,1,0.7348066298342542,1,0.885601198053925,1,0.7047695113822643,1
Patches_ICSE__Doverfitting__TBar__Math__patch1-Math-82-TBar-plausible,Math-82,Math,overfitting,1,0.7348066298342542,1,0.30743782160332767,1,0.7599269935001266,1
Patches_ICSE__Doverfitting__TBar__Math__patch1-Math-84-TBar-plausible,Math-84,Math,overfitting,1,0.7348066298342542,1,0.3293919735316172,1,0.7599269935001266,1
Patches_ICSE__Doverfitting__TBar__Math__patch1-Math-85-TBar-plausible,Math-85,Math,overfitting,1,0.7348066298342542,1,0.8310244990468959,1,0.882753980044817,1
Patches_ICSE__Doverfitting__TBar__Math__patch1-Math-88-TBar-plausible,Math-88,Math,overfitting,1,0.7348066298342542,1,0.7609383992053,1,0.7599269935001266,1
Patches_ICSE__Doverfitting__TBar__Math__patch1-Math-95-TBar-plausible,Math-95,Math,overfitting,1,0.7348066298342542,1,0.32264155373208614,1,0.7047695113822643,1
Patches_ICSE__Doverfitting__TBar__Math__patch1-Math-96-TBar-plausible,Math-96,Math,overfitting,1,0.7348066298342542,1,0.5023709987852863,1,0.7047695113822643,1
Patches_ICSE__Doverfitting__jGenProg__Chart__patch1-Chart-13-jGenProg-plausible,Chart-13,Chart,overfitting,1,0.7397260273972602,1,0.1602743126680698,1,0.8435739470972274,1
Patches_ICSE__Doverfitting__jGenProg__Chart__patch1-Chart-25-jGenProg-plausible,Chart-25,Chart,overfitting,1,0.7397260273972602,1,0.9470620833116628,1,0.823420798817085,1
Patches_ICSE__Doverfitting__jGenProg__Chart__patch1-Chart-3-jGenProg-plausible,Chart-3,Chart,overfitting,1,0.7397260273972602,1,0.023632428671776062,1,0.5591082562746061,1
Patches_ICSE__Doverfitting__jGenProg__Chart__patch1-Chart-5-jGenProg-plausible,Chart-5,Chart,overfitting,1,0.7397260273972602,1,0.29770945642086144,1,0.7846546395692253,1
Patches_ICSE__Doverfitting__jGenProg__Chart__patch1-Chart-7-jGenProg-plausible,Chart-7,Chart,overfitting,1,0.7397260273972602,1,0.2816134931005958,1,0.6691173562541441,1
Patches_ICSE__Doverfitting__jGenProg__Closure__patch1-Closure-21-jGenProg-plausible,Closure-21,Closure,overfitting,1,0.6902927580893683,1,0.6840174887857596,1,0.8957937142546151,1
Patches_ICSE__Doverfitting__jGenProg__Closure__patch1-Closure-22-jGenProg-plausible,Closure-22,Closure,overfitting,1,0.6902927580893683,1,0.0043001907504852666,1,0.9169825821872815,1
Patches_ICSE__Doverfitting__jGenProg__Lang__patch1-Lang-27-jGenProg-plausible,Lang-27,Lang,overfitting,1,0.7288590604026846,1,0.040177965127814685,0,0.7399393639411329,1
Patches_ICSE__Doverfitting__jGenProg__Lang__patch1-Lang-39-jGenProg-plausible,Lang-39,Lang,overfitting,1,0.7288590604026846,1,0.5985758345871983,0,0.9232861038384254,1
Patches_ICSE__Doverfitting__jGenProg__Math__patch1-Math-50-jGenProg-plausible,Math-50,Math,overfitting,1,0.7348066298342542,1,0.5601100029866747,1,0.7356174238774899,1
Patches_ICSE__Doverfitting__jGenProg__Math__patch1-Math-60-jGenProg-plausible,Math-60,Math,overfitting,1,0.7348066298342542,1,0.7228853717443727,0,0.8136571881305611,1
Patches_ICSE__Doverfitting__jGenProg__Math__patch1-Math-73-jGenProg-plausible,Math-73,Math,overfitting,1,0.7348066298342542,1,0.1339460898077096,0,0.7356174238774899,1
Patches_ICSE__Doverfitting__jGenProg__Math__patch1-Math-8-jGenProg-plausible,Math-8,Math,overfitting,1,0.7348066298342542,1,0.7534770961776495,1,0.7438638724587006,1
Patches_ICSE__Doverfitting__jGenProg__Math__patch1-Math-81-jGenProg-plausible,Math-81,Math,overfitting,1,0.7348066298342542,1,0.0970778243722017,1,0.9334947095727428,1
Patches_ICSE__Doverfitting__jGenProg__Math__patch1-Math-84-jGenProg-plausible,Math-84,Math,overfitting,1,0.7348066298342542,1,0.587110578348086,1,0.7047695113822643,1
Patches_ICSE__Doverfitting__jGenProg__Math__patch1-Math-85-jGenProg-plausible,Math-85,Math,overfitting,1,0.7348066298342542,1,0.9452054146070634,1,0.8424659529750662,1
Patches_ICSE__Doverfitting__jGenProg__Math__patch1-Math-95-jGenProg-plausible,Math-95,Math,overfitting,1,0.7348066298342542,1,0.1714457893775192,1,0.9988101478571373,1
Patches_ICSE__Doverfitting__jKali__Chart__patch1-Chart-1-jKali-plausible,Chart-1,Chart,overfitting,1,0.7397260273972602,1,0.6718259817227047,1,0.7908488361221113,1
Patches_ICSE__Doverfitting__jKali__Chart__patch1-Chart-13-jKali-plausible,Chart-13,Chart,overfitting,1,0.7397260273972602,1,0.48736306607251145,1,0.7908488361221113,1
Patches_ICSE__Doverfitting__jKali__Chart__patch1-Chart-25-jKali-plausible,Chart-25,Chart,overfitting,1,0.7397260273972602,1,0.09288854875744723,0,0.8480831094259372,1
Patches_ICSE__Doverfitting__jKali__Chart__patch1-Chart-5-jKali-plausible,Chart-5,Chart,overfitting,1,0.7397260273972602,1,0.012857887744930352,0,0.7908488361221113,1
Patches_ICSE__Doverfitting__jKali__Closure__patch1-Closure-101-jKali-plausible,Closure-101,Closure,overfitting,1,0.6902927580893683,1,0.3953518057604567,1,0.8136318309651541,1
Patches_ICSE__Doverfitting__jKali__Closure__patch1-Closure-21-jKali-plausible,Closure-21,Closure,overfitting,1,0.6902927580893683,1,0.4038284511492043,1,0.9046148966950918,1
Patches_ICSE__Doverfitting__jKali__Closure__patch1-Closure-22-jKali-plausible,Closure-22,Closure,overfitting,1,0.6902927580893683,1,0.6710113104026503,1,0.8732094500932701,1
Patches_ICSE__Doverfitting__jKali__Closure__patch1-Closure-45-jKali-plausible,Closure-45,Closure,overfitting,1,0.6902927580893683,1,0.1949619252207303,1,0.8046809735667131,1
Patches_ICSE__Doverfitting__jKali__Closure__patch1-Closure-46-jKali-plausible,Closure-46,Closure,overfitting,1,0.6902927580893683,1,0.8760714488267184,0,0.7479931032728986,1
Patches_ICSE__Doverfitting__jKali__Closure__patch1-Closure-62-jKali-plausible,Closure-62,Closure,overfitting,1,0.6902927580893683,1,0.32508812283388366,1,0.8305107220654497,1
Patches_ICSE__Doverfitting__jKali__Closure__patch1-Closure-63-jKali-plausible,Closure-63,Closure,overfitting,1,0.6902927580893683,1,0.8268079808374883,0,0.8305107220654497,1
Patches_ICSE__Doverfitting__jKali__Lang__patch1-Lang-22-jKali-plausible,Lang-22,Lang,overfitting,1,0.7288590604026846,1,0.9712301083954569,0,0.7571421158494099,1
Patches_ICSE__Doverfitting__jKali__Lang__patch1-Lang-27-jKali-plausible,Lang-27,Lang,overfitting,1,0.7288590604026846,1,0.4300393691139389,1,0.7571421158494099,1
Patches_ICSE__Doverfitting__jKali__Math__patch1-Math-2-jKali-plausible,Math-2,Math,overfitting,1,0.7348066298342542,1,0.7745644059621553,1,0.7599269935001266,1
Patches_ICSE__Doverfitting__jKali__Math__patch1-Math-28-jKali-plausible,Math-28,Math,overfitting,1,0.7348066298342542,1,0.39139104673107716,1,0.7599269935001266,1
Patches_ICSE__Doverfitting__jKali__Math__patch1-Math-29-jKali-plausible,Math-29,Math,overfitting,1,0.7348066298342542,1,0.2330118724051765,1,0.7599269935001266,1
Patches_ICSE__Doverfitting__jKali__Math__patch1-Math-32-jKali-plausible,Math-32,Math,overfitting,1,0.7348066298342542,1,0.5136887453413143,1,0.7599269935001266,1
Patches_ICSE__Doverfitting__jKali__Math__patch1-Math-49-jKali-plausible,Math-49,Math,overfitting,1,0.7348066298342542,1,0.19055301746419206,1,0.7599269935001266,1
Patches_ICSE__Doverfitting__jKali__Math__patch1-Math-71-jKali-plausible,Math-71,Math,overfitting,1,0.7348066298342542,1,0.4452074269775953,1,0.8058263769116767,1
Patches_ICSE__Doverfitting__jKali__Math__patch1-Math-8-jKali-plausible,Math-8,Math,overfitting,1,0.7348066298342542,1,0.5859429943688529,0,0.7957374883245041,1
Patches_ICSE__Doverfitting__jKali__Math__patch1-Math-80-jKali-plausible,Math-80,Math,overfitting,1,0.7348066298342542,1,0.770788533030745,0,0.8972216467595463,1
Patches_ICSE__Doverfitting__jMutRepair__Chart__patch1-Chart-25-jMutRepair-plausible,Chart-25,Chart,overfitting,1,0.7397260273972602,1,0.6043157467736379,0,0.7908488361221113,1
Patches_ICSE__Doverfitting__jMutRepair__Chart__patch1-Chart-26-jMutRepair-plausible,Chart-26,Chart,overfitting,1,0.7397260273972602,1,0.4914833323409261,1,0.7908488361221113,1
Patches_ICSE__Doverfitting__jMutRepair__Chart__patch1-Chart-7-jMutRepair-plausible,Chart-7,Chart,overfitting,1,0.7397260273972602,1,0.6013821213404011,1,0.7908488361221113,1
Patches_ICSE__Doverfitting__jMutRepair__Closure__patch1-Closure-126-jMutRepair-plausible,Closure-126,Closure,overfitting,1,0.6902927580893683,1,0.8276226232184107,1,0.7479931032728986,1
Patches_ICSE__Doverfitting__jMutRepair__Closure__patch1-Closure-21-jMutRepair-plausible,Closure-21,Closure,overfitting,1,0.6902927580893683,1,0.8848800971002195,1,0.7479931032728986,1
Patches_ICSE__Doverfitting__jMutRepair__Closure__patch1-Closure-22-jMutRepair-plausible,Closure-22,Closure,overfitting,1,0.6902927580893683,1,0.25882907767580354,0,0.7479931032728986,1
Patches_ICSE__Doverfitting__jMutRepair__Lang__patch1-Lang-22-jMutRepair-plausible,Lang-22,Lang,overfitting,1,0.7288590604026846,1,0.3018510325020679,1,0.7571421158494099,1
Patches_ICSE__Doverfitting__jMutRepair__Lang__patch1-Lang-27-jMutRepair-plausible,Lang-27,Lang,overfitting,1,0.7288590604026846,1,0.37243007705351383,0,0.7571421158494099,1
Patches_ICSE__Doverfitting__jMutRepair__Math__patch1-Math-2-jMutRepair-plausible,Math-2,Math,overfitting,1,0.7348066298342542,1,0.8139727202129289,1,0.7599269935001266,1
Patches_ICSE__Doverfitting__jMutRepair__Math__patch1-Math-28-jMutRepair-plausible,Math-28,Math,overfitting,1,0.7348066298342542,1,0.8883839193519775,1,0.7599269935001266,1
Patches_ICSE__Doverfitting__jMutRepair__Math__patch1-Math-50-jMutRepair-plausible,Math-50,Math,overfitting,1,0.7348066298342542,1,0.48612577588154604,1,0.7599269935001266,1
Patches_ICSE__Doverfitting__jMutRepair__Math__patch1-Math-52-jMutRepair-plausible,Math-52,Math,overfitting,1,0.7348066298342542,1,0.9144803637987642,1,0.7599269935001266,1
Patches_ICSE__Doverfitting__jMutRepair__Math__patch1-Math-57-jMutRepair-plausible,Math-57,Math,overfitting,1,0.7348066298342542,1,0.896146325137442,0,0.7599269935001266,1
Patches_ICSE__Doverfitting__jMutRepair__Math__patch1-Math-80-jMutRepair-plausible,Math-80,Math,overfitting,1,0.7348066298342542,1,0.4887058292200799,1,0.9991024112086947,1
Patches_ICSE__Doverfitting__jMutRepair__Math__patch1-Math-81-jMutRepair-plausible,Math-81,Math,overfitting,1,0.7348066298342542,1,0.10952417180408247,1,0.7599269935001266,1
Patches_ICSE__Doverfitting__jMutRepair__Math__patch1-Math-84-jMutRepair-plausible,Math-84,Math,overfitting,1,0.7348066298342542,1,0.3646621536980942,1,0.7599269935001266,1
Patches_ICSE__Doverfitting__jMutRepair__Math__patch1-Math-88-jMutRepair-plausible,Math-88,Math,overfitting,1,0.7348066298342542,1,0.7458083069696299,0,0.7599269935001266,1
Patches_ICSE__Doverfitting__kPAR__Chart__patch1-Chart-13-kPAR-plausible,Chart-13,Chart,overfitting,1,0.7397260273972602,1,0.5640238638655345,1,0.7908488361221113,1
Patches_ICSE__Doverfitting__kPAR__Chart__patch1-Chart-14-kPAR-plausible,Chart-14,Chart,overfitting,1,0.7397260273972602,1,0.89045910829968,1,0.7835187557271585,1
Patches_ICSE__Doverfitting__kPAR__Chart__patch1-Chart-15-kPAR-plausible,Chart-15,Chart,overfitting,1,0.7397260273972602,1,0.9183968578705968,1,0.7835187557271585,1
Patches_ICSE__Doverfitting__kPAR__Chart__patch1-Chart-17-kPAR-plausible,Chart-17,Chart,overfitting,1,0.7397260273972602,1,0.188257161102365,1,0.7908488361221113,1
Patches_ICSE__Doverfitting__kPAR__Chart__patch1-Chart-25-kPAR-plausible,Chart-25,Chart,overfitting,1,0.7397260273972602,1,0.9421208694705342,1,0.6691173562541441,1
Patches_ICSE__Doverfitting__kPAR__Chart__patch1-Chart-26-kPAR-plausible,Chart-26,Chart,overfitting,1,0.7397260273972602,1,0.7877266263227836,0,0.7908488361221113,1
Patches_ICSE__Doverfitting__kPAR__Chart__patch1-Chart-3-kPAR-plausible,Chart-3,Chart,overfitting,1,0.7397260273972602,1,0.6390262522229664,1,0.7908488361221113,1
Patches_ICSE__Doverfitting__kPAR__Chart__patch1-Chart-5-kPAR-plausible,Chart-5,Chart,overfitting,1,0.7397260273972602,1,0.6596072674909493,1,0.7908488361221113,1
Patches_ICSE__Doverfitting__kPAR__Chart__patch1-Chart-7-kPAR-plausible,Chart-7,Chart,overfitting,1,0.7397260273972602,1,0.5460602299006425,0,0.6691173562541441,1
Patches_ICSE__Doverfitting__kPAR__Closure__patch1-Closure-109-kPAR-plausible,Closure-109,Closure,overfitting,1,0.6902927580893683,1,0.8398657742651049,1,0.6020308704701847,1
Patches_ICSE__Doverfitting__kPAR__Closure__patch1-Closure-115-kPAR-plausible,Closure-115,Closure,overfitting,1,0.6902927580893683,1,0.23050736777684355,0,0.7479931032728986,1
Patches_ICSE__Doverfitting__kPAR__Closure__patch1-Closure-126-kPAR-plausible,Closure-126,Closure,overfitting,1,0.6902927580893683,1,0.3994430020003472,1,0.6020308704701847,1
Patches_ICSE__Doverfitting__kPAR__Closure__patch1-Closure-129-kPAR-plausible,Closure-129,Closure,overfitting,1,0.6902927580893683,1,0.17768312108581985,0,0.6020308704701847,1
Patches_ICSE__Doverfitting__kPAR__Closure__patch1-Closure-35-kPAR-plausible,Closure-35,Closure,overfitting,1,0.6902927580893683,1,0.484130910594359,1,0.6020308704701847,1
Patches_ICSE__Doverfitting__kPAR__Closure__patch1-Closure-46-kPAR-plausible,Closure-46,Closure,overfitting,1,0.6902927580893683,1,0.07519442630360906,0,0.7479931032728986,1
Patches_ICSE__Doverfitting__kPAR__Closure__patch1-Closure-62-kPAR-plausible,Closure-62,Closure,overfitting,1,0.6902927580893683,1,0.9568421661505032,0,0.8046809735667131,1
Patches_ICSE__Doverfitting__kPAR__Closure__patch1-Closure-63-kPAR-plausible,Closure-63,Closure,overfitting,1,0.6902927580893683,1,0.012996611642042799,0,0.8046809735667131,1
Patches_ICSE__Doverfitting__kPAR__Lang__patch1-Lang-10-kPAR-plausible,Lang-10,Lang,overfitting,1,0.7288590604026846,1,0.5745738627700203,1,0.7571421158494099,1
Patches_ICSE__Doverfitting__kPAR__Lang__patch1-Lang-16-kPAR-plausible,Lang-16,Lang,overfitting,1,0.7288590604026846,1,0.8817514476314033,1,0.7571421158494099,1
Patches_ICSE__Doverfitting__kPAR__Lang__patch1-Lang-18-kPAR-plausible,Lang-18,Lang,overfitting,1,0.7288590604026846,1,0.7292526536982986,1,0.7571421158494099,1
Patches_ICSE__Doverfitting__kPAR__Lang__patch1-Lang-20-kPAR-plausible,Lang-20,Lang,overfitting,1,0.7288590604026846,1,0.3424644226717115,0,0.6454001009913884,1
Patches_ICSE__Doverfitting__kPAR__Lang__patch1-Lang-21-kPAR-plausible,Lang-21,Lang,overfitting,1,0.7288590604026846,1,0.3825904426083937,1,0.6454001009913884,1
Patches_ICSE__Doverfitting__kPAR__Lang__patch1-Lang-24-kPAR-plausible,Lang-24,Lang,overfitting,1,0.7288590604026846,1,0.63502728733354,1,0.7748727446590723,1
Patches_ICSE__Doverfitting__kPAR__Lang__patch1-Lang-27-kPAR-plausible,Lang-27,Lang,overfitting,1,0.7288590604026846,1,0.6280608358670441,1,0.6454001009913884,1
Patches_ICSE__Doverfitting__kPAR__Lang__patch1-Lang-41-kPAR-plausible,Lang-41,Lang,overfitting,1,0.7288590604026846,1,0.11388916622728484,1,0.6454001009913884,1
Patches_ICSE__Doverfitting__kPAR__Lang__patch1-Lang-43-kPAR-plausible,Lang-43,Lang,overfitting,1,0.7288590604026846,1,0.5769092434232069,1,0.6454001009913884,1
Patches_ICSE__Doverfitting__kPAR__Lang__patch1-Lang-44-kPAR-plausible,Lang-44,Lang,overfitting,1,0.7288590604026846,1,0.747014075347425,0,0.7058265344573665,1
Patches_ICSE__Doverfitting__kPAR__Lang__patch1-Lang-45-kPAR-plausible,Lang-45,Lang,overfitting,1,0.7288590604026846,1,0.12721069445210398,1,0.7571421158494099,1
Patches_ICSE__Doverfitting__kPAR__Lang__patch1-Lang-51-kPAR-plausible,Lang-51,Lang,overfitting,1,0.7288590604026846,1,0.7758764367661649,0,0.7571421158494099,1
Patches_ICSE__Doverfitting__kPAR__Lang__patch1-Lang-53-kPAR-plausible,Lang-53,Lang,overfitting,1,0.7288590604026846,1,0.14858070758394004,1,0.7571421158494099,1
Patches_ICSE__Doverfitting__kPAR__Lang__patch1-Lang-57-kPAR-plausible,Lang-57,Lang,overfitting,1,0.7288590604026846,1,0.08647709917462654,1,0.7863101061467258,1
Patches_ICSE__Doverfitting__kPAR__Lang__patch1-Lang-58-kPAR-plausible,Lang-58,Lang,overfitting,1,0.7288590604026846,1,0.5572078546815494,1,0.8043007310477007,1
Patches_ICSE__Doverfitting__kPAR__Lang__patch1-Lang-59-kPAR-plausible,Lang-59,Lang,overfitting,1,0.7288590604026846,1,0.780985808736175,1,0.6454001009913884,1
Patches_ICSE__Doverfitting__kPAR__Lang__patch1-Lang-63-kPAR-plausible,Lang-63,Lang,overfitting,1,0.7288590604026846,1,0.616373951502569,0,0.6454001009913884,1
Patches_ICSE__Doverfitting__kPAR__Math__patch1-Math-104-kPAR-plausible,Math-104,Math,overfitting,1,0.7348066298342542,1,0.5604156316799681,0,0.7599269935001266,1
Patches_ICSE__Doverfitting__kPAR__Math__patch1-Math-15-kPAR-plausible,Math-15,Math,overfitting,1,0.7348066298342542,1,0.18725689348791774,1,0.7599269935001266,1
Patches_ICSE__Doverfitting__kPAR__Math__patch1-Math-2-kPAR-plausible,Math-2,Math,overfitting,1,0.7348066298342542,1,0.8611558687979183,1,0.7047695113822643,1
Patches_ICSE__Doverfitting__kPAR__Math__patch1-Math-40-kPAR-plausible,Math-40,Math,overfitting,1,0.7348066298342542,1,0.6459146208318678,1,0.7599269935001266,1
Patches_ICSE__Doverfitting__kPAR__Math__patch1-Math-42-kPAR-plausible,Math-42,Math,overfitting,1,0.7348066298342542,1,0.12847145887802247,1,0.7047695113822643,1
Patches_ICSE__Doverfitting__kPAR__Math__patch1-Math-43-kPAR-plausible,Math-43,Math,overfitting,1,0.7348066298342542,1,0.8201085122478708,1,0.7599269935001266,1
Patches_ICSE__Doverfitting__kPAR__Math__patch1-Math-49-kPAR-plausible,Math-49,Math,overfitting,1,0.7348066298342542,1,0.5146345509864684,0,0.7047695113822643,1
Patches_ICSE__Doverfitting__kPAR__Math__patch1-Math-50-kPAR-plausible,Math-50,Math,overfitting,1,0.7348066298342542,1,0.35754266000513846,1,0.7047695113822643,1
Patches_ICSE__Doverfitting__kPAR__Math__patch1-Math-62-kPAR-plausible,Math-62,Math,overfitting,1,0.7348066298342542,1,0.523665362712431,1,0.7047695113822643,1
Patches_ICSE__Doverfitting__kPAR__Math__patch1-Math-63-kPAR-plausible,Math-63,Math,overfitting,1,0.7348066298342542,1,0.5402158483968539,0,0.7047695113822643,1
Patches_ICSE__Doverfitting__kPAR__Math__patch1-Math-7-kPAR-plausible,Math-7,Math,overfitting,1,0.7348066298342542,1,0.9780548653909901,1,0.7047695113822643,1
Patches_ICSE__Doverfitting__kPAR__Math__patch1-Math-8-kPAR-plausible,Math-8,Math,overfitting,1,0.7348066298342542,1,0.6845788309638183,1,0.7047695113822643,1
Patches_ICSE__Doverfitting__kPAR__Math__patch1-Math-80-kPAR-plausible,Math-80,Math,overfitting,1,0.7348066298342542,1,0.2736674764709437,1,0.7047695113822643,1
Patches_ICSE__Doverfitting__kPAR__Math__patch1-Math-81-kPAR-plausible,Math-81,Math,overfitting,1,0.7348066298342542,1,0.4170475832995577,0,0.7599269935001266,1
Patches_ICSE__Doverfitting__kPAR__Math__patch1-Math-82-kPAR-plausible,Math-82,Math,overfitting,1,0.7348066298342542,1,0.11188455684536436,1,0.7599269935001266,1
Patches_ICSE__Doverfitting__kPAR__Math__patch1-Math-84-kPAR-plausible,Math-84,Math,overfitting,1,0.7348066298342542,1,0.3549414940530422,0,0.7599269935001266,1
Patches_ICSE__Doverfitting__kPAR__Math__patch1-Math-88-kPAR-plausible,Math-88,Math,overfitting,1,0.7348066298342542,1,0.807371768156787,0,0.7599269935001266,1
Patches_ICSE__Doverfitting__kPAR__Time__patch1-Time-17-kPAR-plausible,Time-17,Time,overfitting,1,0.7241770715096482,1,0.8121702294337332,1,0.7957991884603075,1
Patches_ICSE__Dsame__ACS__Chart__patch1-Chart-14-ACS,Chart-14,Chart,correct,0,0.7397260273972602,1,0.9172632996428407,1,0.7678196123152898,1
Patches_ICSE__Dsame__ACS__Time__patch1-Time-15-ACS,Time-15,Time,correct,0,0.7241770715096482,1,0.02360336355419801,1,0.7714685187606284,1
Patches_ICSE__Dsame__AVATAR__Chart__patch1-Chart-1-AVATAR,Chart-1,Chart,correct,0,0.7397260273972602,1,0.23326320620013874,0,0.7908488361221113,1
Patches_ICSE__Dsame__AVATAR__Chart__patch1-Chart-19-AVATAR,Chart-19,Chart,correct,0,0.7397260273972602,1,0.5993159922695809,1,0.5238451631660781,1
Patches_ICSE__Dsame__AVATAR__Chart__patch1-Chart-24-AVATAR,Chart-24,Chart,correct,0,0.7397260273972602,1,0.8142430618716505,0,0.6691173562541441,1
Patches_ICSE__Dsame__AVATAR__Chart__patch1-Chart-4-AVATAR,Chart-4,Chart,correct,0,0.7397260273972602,1,0.13476145162112996,0,0.6227890315627113,1
Patches_ICSE__Dsame__AVATAR__Closure__patch1-Closure-46-AVATAR,Closure-46,Closure,correct,0,0.6902927580893683,1,0.4965961443363097,0,0.9292353633054781,1
Patches_ICSE__Dsame__AVATAR__Closure__patch1-Closure-62-AVATAR,Closure-62,Closure,correct,0,0.6902927580893683,1,0.8380952953924874,0,0.6020308704701847,1
Patches_ICSE__Dsame__AVATAR__Closure__patch1-Closure-63-AVATAR,Closure-63,Closure,correct,0,0.6902927580893683,1,0.13251492264908082,0,0.6020308704701847,1
Patches_ICSE__Dsame__AVATAR__Closure__patch1-Closure-73-AVATAR,Closure-73,Closure,correct,0,0.6902927580893683,1,0.5971018283213804,1,0.7479931032728986,1
Patches_ICSE__Dsame__AVATAR__Lang__patch1-Lang-6-AVATAR,Lang-6,Lang,correct,0,0.7288590604026846,1,0.6067232865488414,1,0.6454001009913884,1
Patches_ICSE__Dsame__AVATAR__Lang__patch1-Lang-7-AVATAR,Lang-7,Lang,correct,0,0.7288590604026846,1,0.0922816586127585,1,0.8250900617164537,1
Patches_ICSE__Dsame__AVATAR__Math__patch1-Math-4-AVATAR,Math-4,Math,correct,0,0.7348066298342542,1,0.4042686263824271,1,0.9663674067320644,1
Patches_ICSE__Dsame__AVATAR__Math__patch1-Math-59-AVATAR,Math-59,Math,correct,0,0.7348066298342542,1,0.8096182558531588,1,0.7047695113822643,1
Patches_ICSE__Dsame__AVATAR__Math__patch1-Math-89-AVATAR,Math-89,Math,correct,0,0.7348066298342542,1,0.31490733645323854,0,0.631221673976411,1
Patches_ICSE__Dsame__Arja__Math__patch1-Math-58-Arja,Math-58,Math,correct,0,0.7348066298342542,1,0.6230074639391648,0,0.7047695113822643,1
Patches_ICSE__Dsame__Arja__Math__patch1-Math-98-Arja,Math-98,Math,correct,0,0.7348066298342542,1,0.07352333795544808,1,0.7047695113822643,1
Patches_ICSE__Dsame__Cardumen__Math__patch1-Math-70-Cardumen,Math-70,Math,correct,0,0.7348066298342542,1,0.13360926299989084,1,0.7047695113822643,1
Patches_ICSE__Dsame__FixMiner__Chart__patch1-Chart-1-FixMiner,Chart-1,Chart,correct,0,0.7397260273972602,1,0.615508274358867,1,0.7908488361221113,1
Patches_ICSE__Dsame__FixMiner__Chart__patch1-Chart-19-FixMiner,Chart-19,Chart,correct,0,0.7397260273972602,1,0.40283347552957394,0,0.5238451631660781,1
Patches_ICSE__Dsame__FixMiner__Chart__patch1-Chart-4-FixMiner,Chart-4,Chart,correct,0,0.7397260273972602,1,0.7660363414662829,1,0.6227890315627113,1
Patches_ICSE__Dsame__FixMiner__Math__patch1-Math-22-FixMiner,Math-22,Math,correct,0,0.7348066298342542,1,0.40880414131810217,0,0.7047695113822643,1
Patches_ICSE__Dsame__FixMiner__Math__patch1-Math-30-FixMiner,Math-30,Math,correct,0,0.7348066298342542,1,0.9167672757418429,0,0.7047695113822643,1
Patches_ICSE__Dsame__FixMiner__Math__patch1-Math-34-FixMiner,Math-34,Math,correct,0,0.7348066298342542,1,0.711988354931567,1,0.7047695113822643,1
Patches_ICSE__Dsame__FixMiner__Math__patch1-Math-57-FixMiner,Math-57,Math,correct,0,0.7348066298342542,1,0.22035768422645075,1,0.7047695113822643,1
Patches_ICSE__Dsame__FixMiner__Math__patch1-Math-70-FixMiner,Math-70,Math,correct,0,0.7348066298342542,1,0.2975273563646582,0,0.7047695113822643,1
Patches_ICSE__Dsame__FixMiner__Math__patch1-Math-75-FixMiner,Math-75,Math,correct,0,0.7348066298342542,1,0.04485332656783636,1,0.7047695113822643,1
Patches_ICSE__Dsame__FixMiner__Math__patch1-Math-79-FixMiner,Math-79,Math,correct,0,0.7348066298342542,1,0.641401122341347,1,0.8136571881305611,1
Patches_ICSE__Dsame__RSRepair__Closure__patch1-Closure-126-RSRepair,Closure-126,Closure,correct,0,0.6902927580893683,1,0.5310825299332868,1,0.8934224583604893,1
Patches_ICSE__Dsame__SimFix__Chart__patch1-Chart-1-SimFix,Chart-1,Chart,correct,0,0.7397260273972602,1,0.06771436062054059,1,0.7908488361221113,1
Patches_ICSE__Dsame__SimFix__Chart__patch1-Chart-7-SimFix,Chart-7,Chart,correct,0,0.7397260273972602,1,0.6068143810342034,0,0.7342702846860316,1
Patches_ICSE__Dsame__SimFix__Closure__patch1-Closure-62-SimFix,Closure-62,Closure,correct,0,0.6902927580893683,1,0.7575365645348388,1,0.6020308704701847,1
Patches_ICSE__Dsame__SimFix__Closure__patch1-Closure-63-SimFix,Closure-63,Closure,correct,0,0.6902927580893683,1,0.6985947417360271,1,0.6020308704701847,1
Patches_ICSE__Dsame__SimFix__Closure__patch1-Closure-73-SimFix,Closure-73,Closure,correct,0,0.6902927580893683,1,0.8250134678055777,1,0.7479931032728986,1
Patches_ICSE__Dsame__SimFix__Lang__patch1-Lang-33-SimFix,Lang-33,Lang,correct,0,0.7288590604026846,1,0.5790628611602225,1,0.6454001009913884,1
Patches_ICSE__Dsame__SimFix__Lang__patch1-Lang-39-SimFix,Lang-39,Lang,correct,0,0.7288590604026846,1,0.5148822734681908,1,0.6099004545757579,1
Patches_ICSE__Dsame__SimFix__Lang__patch1-Lang-43-SimFix,Lang-43,Lang,correct,0,0.7288590604026846,1,0.01430671010617679,1,0.5025949597066491,1
Patches_ICSE__Dsame__SimFix__Lang__patch1-Lang-58-SimFix,Lang-58,Lang,correct,0,0.7288590604026846,1,0.7659537039244858,0,0.7058265344573665,1
Patches_ICSE__Dsame__SimFix__Math__patch1-Math-41-SimFix,Math-41,Math,correct,0,0.7348066298342542,1,0.9472325248960742,0,0.7047695113822643,1
Patches_ICSE__Dsame__SimFix__Math__patch1-Math-5-SimFix,Math-5,Math,correct,0,0.7348066298342542,1,0.6422564543381665,1,0.7047695113822643,1
Patches_ICSE__Dsame__SimFix__Math__patch1-Math-53-SimFix,Math-53,Math,correct,0,0.7348066298342542,1,0.755454629752528,1,0.6266504517431497,1
Patches_ICSE__Dsame__SimFix__Math__patch1-Math-57-SimFix,Math-57,Math,correct,0,0.7348066298342542,1,0.37977027355380333,1,0.7047695113822643,1
Patches_ICSE__Dsame__SimFix__Math__patch1-Math-59-SimFix,Math-59,Math,correct,0,0.7348066298342542,1,0.780061757102364,0,0.7047695113822643,1
Patches_ICSE__Dsame__SimFix__Math__patch1-Math-70-SimFix,Math-70,Math,correct,0,0.7348066298342542,1,0.4896631607478674,0,0.7047695113822643,1
Patches_ICSE__Dsame__SimFix__Math__patch1-Math-75-SimFix,Math-75,Math,correct,0,0.7348066298342542,1,0.710259600164908,1,0.7047695113822643,1
Patches_ICSE__Dsame__SimFix__Math__patch1-Math-79-SimFix,Math-79,Math,correct,0,0.7348066298342542,1,0.25867928959590547,1,0.8136571881305611,1
Patches_ICSE__Dsame__TBar__Chart__patch1-Chart-1-TBar,Chart-1,Chart,correct,0,0.7397260273972602,1,0.8570786899866468,1,0.7908488361221113,1
Patches_ICSE__Dsame__TBar__Chart__patch1-Chart-19-TBar,Chart-19,Chart,correct,0,0.7397260273972602,1,0.6283478623630906,1,0.5238451631660781,1
Patches_ICSE__Dsame__TBar__Chart__patch1-Chart-20-TBar,Chart-20,Chart,correct,0,0.7397260273972602,1,0.32133769545352076,1,0.6691173562541441,1
Patches_ICSE__Dsame__TBar__Chart__patch1-Chart-24-TBar,Chart-24,Chart,correct,0,0.7397260273972602,1,0.6557960559218892,1,0.6691173562541441,1
Patches_ICSE__Dsame__TBar__Chart__patch1-Chart-4-TBar,Chart-4,Chart,correct,0,0.7397260273972602,1,0.33815284273601076,0,0.6227890315627113,1
Patches_ICSE__Dsame__TBar__Chart__patch1-Chart-9-TBar,Chart-9,Chart,correct,0,0.7397260273972602,1,0.6685927884100901,1,0.7908488361221113,1
Patches_ICSE__Dsame__TBar__Closure__patch1-Closure-62-TBar,Closure-62,Closure,correct,0,0.6902927580893683,1,0.79328366533945,1,0.6020308704701847,1
Patches_ICSE__Dsame__TBar__Closure__patch1-Closure-63-TBar,Closure-63,Closure,correct,0,0.6902927580893683,1,0.5828599453946457,1,0.6020308704701847,1
Patches_ICSE__Dsame__TBar__Closure__patch1-Closure-73-TBar,Closure-73,Closure,correct,0,0.6902927580893683,1,0.3499641877600487,1,0.7479931032728986,1
Patches_ICSE__Dsame__TBar__Lang__patch1-Lang-57-TBar,Lang-57,Lang,correct,0,0.7288590604026846,1,0.21962741239349215,1,0.6454001009913884,1
Patches_ICSE__Dsame__TBar__Lang__patch1-Lang-59-TBar,Lang-59,Lang,correct,0,0.7288590604026846,1,0.4635670167071807,0,0.6454001009913884,1
Patches_ICSE__Dsame__TBar__Math__patch1-Math-5-TBar,Math-5,Math,correct,0,0.7348066298342542,1,0.7047211670496576,1,0.7047695113822643,1
Patches_ICSE__Dsame__TBar__Math__patch1-Math-57-TBar,Math-57,Math,correct,0,0.7348066298342542,1,0.23372784172498706,1,0.7047695113822643,1
Patches_ICSE__Dsame__TBar__Math__patch1-Math-70-TBar,Math-70,Math,correct,0,0.7348066298342542,1,0.335793672377542,1,0.7047695113822643,1
Patches_ICSE__Dsame__TBar__Math__patch1-Math-75-TBar,Math-75,Math,correct,0,0.7348066298342542,1,0.2844460135102499,1,0.7047695113822643,1
Patches_ICSE__Dsame__TBar__Math__patch1-Math-79-TBar,Math-79,Math,correct,0,0.7348066298342542,1,0.43792311817284646,0,0.8136571881305611,1
Patches_ICSE__Dsame__TBar__Math__patch1-Math-89-TBar,Math-89,Math,correct,0,0.7348066298342542,1,0.21546795902042237,1,0.631221673976411,1
Patches_ICSE__Dsame__jGenProg__Math__patch1-Math-70-jGenProg,Math-70,Math,correct,0,0.7348066298342542,1,0.6041326528423511,1,0.7047695113822643,1
Patches_ICSE__Dsame__jMutRepair__Chart__patch1-Chart-1-jMutRepair,Chart-1,Chart,correct,0,0.7397260273972602,1,0.1283444014420535,1,0.7908488361221113,1
Patches_ICSE__Dsame__jMutRepair__Closure__patch1-Closure-62-jMutRepair,Closure-62,Closure,correct,0,0.6902927580893683,1,0.10742835312995902,1,0.6020308704701847,1
Patches_ICSE__Dsame__jMutRepair__Closure__patch1-Closure-63-jMutRepair,Closure-63,Closure,correct,0,0.6902927580893683,1,0.16381779297574706,1,0.6020308704701847,1
Patches_ICSE__Dsame__jMutRepair__Math__patch1-Math-82-jMutRepair,Math-82,Math,correct,0,0.7348066298342542,1,0.6456229741679043,0,0.7599269935001266,1
Patches_ICSE__Dsame__jMutRepair__Math__patch1-Math-85-jMutRepair,Math-85,Math,correct,0,0.7348066298342542,1,0.22773911812783887,1,0.7599269935001266,1
Patches_ICSE__Dsame__kPAR__Chart__patch1-Chart-1-kPAR,Chart-1,Chart,correct,0,0.7397260273972602,1,0.2799917441958927,0,0.7908488361221113,1
Patches_ICSE__Dsame__kPAR__Chart__patch1-Chart-19-kPAR,Chart-19,Chart,correct,0,0.7397260273972602,1,0.032718378196915365,0,0.5238451631660781,1
Patches_ICSE__Dsame__kPAR__Chart__patch1-Chart-4-kPAR,Chart-4,Chart,correct,0,0.7397260273972602,1,0.08390938896269085,1,0.6227890315627113,1
Patches_ICSE__Dsame__kPAR__Closure__patch1-Closure-73-kPAR,Closure-73,Closure,correct,0,0.6902927580893683,1,0.8712075744884107,0,0.7479931032728986,1
Patches_ICSE__Dsame__kPAR__Math__patch1-Math-58-kPAR,Math-58,Math,correct,0,0.7348066298342542,1,0.7717189411613833,1,0.7047695113822643,1
Patches_ICSE__Dsame__kPAR__Math__patch1-Math-70-kPAR,Math-70,Math,correct,0,0.7348066298342542,1,0.6641044919146061,1,0.7047695113822643,1
Patches_ICSE__Dsame__kPAR__Math__patch1-Math-75-kPAR,Math-75,Math,correct,0,0.7348066298342542,1,0.9582363208313013,1,0.7047695113822643,1
Patches_ICSE__Dsame__kPAR__Math__patch1-Math-89-kPAR,Math-89,Math,correct,0,0.7348066298342542,1,0.8656080200597478,1,0.631221673976411,1
Patches_others__Dcorrect__CapGen__Chart__patch1-Chart-1-CapGen,Chart-1,Chart,correct,0,0.7397260273972602,1,0.5547696198165065,1,0.7908488361221113,1
Patches_others__Dcorrect__CapGen__Chart__patch1-Chart-11-CapGen,Chart-11,Chart,correct,0,0.7397260273972602,1,0.23169822139230722,1,0.6691173562541441,1
Patches_others__Dcorrect__CapGen__Chart__patch1-Chart-24-CapGen,Chart-24,Chart,correct,0,0.7397260273972602,1,0.5160825876377318,1,0.6691173562541441,1
Patches_others__Dcorrect__CapGen__Chart__patch1-Chart-8-CapGen,Chart-8,Chart,correct,0,0.7397260273972602,1,0.659569533072841,1,0.6691173562541441,1
Patches_others__Dcorrect__CapGen__Chart__patch2-Chart-11-CapGen,Chart-11,Chart,correct,0,0.7397260273972602,1,0.8811861793495235,1,0.6691173562541441,1
Patches_others__Dcorrect__CapGen__Lang__patch1-Lang-26-CapGen,Lang-26,Lang,correct,0,0.7288590604026846,1,0.45701797728846927,1,0.6454001009913884,1
Patches_others__Dcorrect__CapGen__Lang__patch1-Lang-57-CapGen,Lang-57,Lang,correct,0,0.7288590604026846,1,0.6802894010109622,1,0.6454001009913884,1
Patches_others__Dcorrect__CapGen__Lang__patch1-Lang-59-CapGen,Lang-59,Lang,correct,0,0.7288590604026846,1,0.8621389210993113,1,0.6454001009913884,1
Patches_others__Dcorrect__CapGen__Lang__patch1-Lang-6-CapGen,Lang-6,Lang,correct,0,0.7288590604026846,1,0.7800250945620328,1,0.6454001009913884,1
Patches_others__Dcorrect__CapGen__Lang__patch2-Lang-57-CapGen,Lang-57,Lang,correct,0,0.7288590604026846,1,0.2120786478798098,1,0.6454001009913884,1
Patches_others__Dcorrect__CapGen__Lang__patch3-Lang-43-CapGen,Lang-43,Lang,correct,0,0.7288590604026846,1,0.22875224889428014,1,0.5025949597066491,1
Patches_others__Dcorrect__CapGen__Lang__patch3-Lang-57-CapGen,Lang-57,Lang,correct,0,0.7288590604026846,1,0.4285060656921795,0,0.6454001009913884,1
Patches_others__Dcorrect__CapGen__Math__patch1-Math-30-CapGen,Math-30,Math,correct,0,0.7348066298342542,1,0.9466579071197159,0,0.7047695113822643,1
Patches_others__Dcorrect__CapGen__Math__patch1-Math-33-CapGen,Math-33,Math,correct,0,0.7348066298342542,1,0.9219052444547219,1,0.7599269935001266,1
Patches_others__Dcorrect__CapGen__Math__patch1-Math-5-CapGen,Math-5,Math,correct,0,0.7348066298342542,1,0.906116325157632,1,0.7047695113822643,1
Patches_others__Dcorrect__CapGen__Math__patch1-Math-53-CapGen,Math-53,Math,correct,0,0.7348066298342542,1,0.983727388938172,1,0.6123091688412695,1
Patches_others__Dcorrect__CapGen__Math__patch1-Math-57-CapGen,Math-57,Math,correct,0,0.7348066298342542,1,0.9553969292706447,0,0.7047695113822643,1
Patches_others__Dcorrect__CapGen__Math__patch1-Math-58-CapGen,Math-58,Math,correct,0,0.7348066298342542,1,0.35654991667628266,1,0.7407848024924036,1
Patches_others__Dcorrect__CapGen__Math__patch1-Math-59-CapGen,Math-59,Math,correct,0,0.7348066298342542,1,0.13247513984568116,0,0.7047695113822643,1
Patches_others__Dcorrect__CapGen__Math__patch1-Math-63-CapGen,Math-63,Math,correct,0,0.7348066298342542,1,0.9302265866828253,1,0.7047695113822643,1
Patches_others__Dcorrect__CapGen__Math__patch1-Math-65-CapGen,Math-65,Math,correct,0,0.7348066298342542,1,0.3127389898656713,0,0.7047695113822643,1
Patches_others__Dcorrect__CapGen__Math__patch1-Math-70-CapGen,Math-70,Math,correct,0,0.7348066298342542,1,0.8654779144998634,1,0.7407848024924036,1
Patches_others__Dcorrect__CapGen__Math__patch1-Math-75-CapGen,Math-75,Math,correct,0,0.7348066298342542,1,0.9955559293835239,1,0.7047695113822643,1
Patches_others__Dcorrect__CapGen__Math__patch1-Math-80-CapGen,Math-80,Math,correct,0,0.7348066298342542,1,0.6211942125057737,1,0.9988101478571373,1
Patches_others__Dcorrect__CapGen__Math__patch1-Math-85-CapGen,Math-85,Math,correct,0,0.7348066298342542,1,0.2864910766576876,0,0.7599269935001266,1
Patches_others__Dcorrect__Jaid__Chart__patch1-Chart-1-Jaid,Chart-1,Chart,correct,0,0.7397260273972602,1,0.35506101458853867,1,0.7908488361221113,1
Patches_others__Dcorrect__Jaid__Chart__patch1-Chart-24-Jaid,Chart-24,Chart,correct,0,0.7397260273972602,1,0.31867896643874516,0,0.5591082562746061,1
Patches_others__Dcorrect__Jaid__Chart__patch1-Chart-26-Jaid,Chart-26,Chart,correct,0,0.7397260273972602,1,0.313666741563808,1,0.7908488361221113,1
Patches_others__Dcorrect__Jaid__Chart__patch1-Chart-9-Jaid,Chart-9,Chart,correct,0,0.7397260273972602,1,0.11784964452439528,1,0.7908488361221113,1
Patches_others__Dcorrect__Jaid__Chart__patch2-Chart-24-Jaid,Chart-24,Chart,correct,0,0.7397260273972602,1,0.6631833646572645,1,0.6297869300489276,1
Patches_others__Dcorrect__Jaid__Chart__patch2-Chart-26-Jaid,Chart-26,Chart,correct,0,0.7397260273972602,1,0.8196545814372104,0,0.6297869300489276,1
Patches_others__Dcorrect__Jaid__Chart__patch2-Chart-9-Jaid,Chart-9,Chart,correct,0,0.7397260273972602,1,0.47300486086298876,0,0.7908488361221112,1
Patches_others__Dcorrect__Jaid__Chart__patch3-Chart-26-Jaid,Chart-26,Chart,correct,0,0.7397260273972602,1,0.5582973969485474,0,0.6297869300489276,1
Patches_others__Dcorrect__Jaid__Closure__patch1-Closure-126-Jaid,Closure-126,Closure,correct,0,0.6902927580893683,1,0.26650062593238233,1,0.7479931032728986,1
Patches_others__Dcorrect__Jaid__Closure__patch1-Closure-18-Jaid,Closure-18,Closure,correct,0,0.6902927580893683,1,0.8940306698397861,0,0.7479931032728986,1
Patches_others__Dcorrect__Jaid__Closure__patch1-Closure-31-Jaid,Closure-31,Closure,correct,0,0.6902927580893683,1,0.30608634300284987,1,0.6020308704701847,1
Patches_others__Dcorrect__Jaid__Closure__patch1-Closure-33-Jaid,Closure-33,Closure,correct,0,0.6902927580893683,1,0.05725705910185852,0,0.5544026262117198,1
Patches_others__Dcorrect__Jaid__Closure__patch1-Closure-40-Jaid,Closure-40,Closure,correct,0,0.6902927580893683,1,0.2899974830836338,1,0.6020308704701847,1
Patches_others__Dcorrect__Jaid__Closure__patch1-Closure-62-Jaid,Closure-62,Closure,correct,0,0.6902927580893683,1,0.38465057531290003,1,0.6020308704701847,1
Patches_others__Dcorrect__Jaid__Closure__patch1-Closure-63-Jaid,Closure-63,Closure,correct,0,0.6902927580893683,1,0.10368010753270052,1,0.6020308704701847,1
Patches_others__Dcorrect__Jaid__Closure__patch1-Closure-70-Jaid,Closure-70,Closure,correct,0,0.6902927580893683,1,0.4297612930140656,0,0.6020308704701847,1
Patches_others__Dcorrect__Jaid__Closure__patch1-Closure-73-Jaid,Closure-73,Closure,correct,0,0.6902927580893683,1,0.7979429078588656,1,0.7479931032728987,1
Patches_others__Dcorrect__Jaid__Lang__patch1-Lang-33-Jaid,Lang-33,Lang,correct,0,0.7288590604026846,1,0.3654175239650753,1,0.5710121630996934,1
Patches_others__Dcorrect__Jaid__Lang__patch1-Lang-38-Jaid,Lang-38,Lang,correct,0,0.7288590604026846,1,0.7188453664551908,1,0.5025949597066491,1
Patches_others__Dcorrect__Jaid__Lang__patch1-Lang-45-Jaid,Lang-45,Lang,correct,0,0.7288590604026846,1,0.5478334919510167,1,0.5108351096418418,1
Patches_others__Dcorrect__Jaid__Lang__patch1-Lang-51-Jaid,Lang-51,Lang,correct,0,0.7288590604026846,1,0.4504319488756726,1,0.6099004545757579,1
Patches_others__Dcorrect__Jaid__Lang__patch1-Lang-55-Jaid,Lang-55,Lang,correct,0,0.7288590604026846,1,0.6044036215883223,1,0.6198932042228236,1
Patches_others__Dcorrect__Jaid__Lang__patch2-Lang-33-Jaid,Lang-33,Lang,correct,0,0.7288590604026846,1,0.3809775475075534,0,0.773914932386322,1
Patches_others__Dcorrect__Jaid__Lang__patch2-Lang-38-Jaid,Lang-38,Lang,correct,0,0.7288590604026846,1,0.8581130817641731,0,0.5025949597066491,1
Patches_others__Dcorrect__Jaid__Lang__patch3-Lang-38-Jaid,Lang-38,Lang,correct,0,0.7288590604026846,1,0.7476093249607522,1,0.6099004545757579,1
Patches_others__Dcorrect__Jaid__Lang__patch3-Lang-51-Jaid,Lang-51,Lang,correct,0,0.7288590604026846,1,0.7960139699696593,1,0.6099004545757579,1
Patches_others__Dcorrect__Jaid__Lang__patch4-Lang-38-Jaid,Lang-38,Lang,correct,0,0.7288590604026846,1,0.9913542603116414,1,0.6099004545757579,1
Patches_others__Dcorrect__Jaid__Lang__patch4-Lang-51-Jaid,Lang-51,Lang,correct,0,0.7288590604026846,1,0.6871077871430232,1,0.6099004545757579,1
Patches_others__Dcorrect__Jaid__Lang__patch5-Lang-51-Jaid,Lang-51,Lang,correct,0,0.7288590604026846,1,0.6520653244378435,0,0.6099004545757579,1
Patches_others__Dcorrect__Jaid__Lang__patch6-Lang-51-Jaid,Lang-51,Lang,correct,0,0.7288590604026846,1,0.7662621411728373,1,0.6099004545757579,1
Patches_others__Dcorrect__Jaid__Math__patch1-Math-32-Jaid,Math-32,Math,correct,0,0.7348066298342542,1,0.6640248985651535,1,0.7599269935001266,1
Patches_others__Dcorrect__Jaid__Math__patch1-Math-5-Jaid,Math-5,Math,correct,0,0.7348066298342542,1,0.8449447862568075,1,0.7384901285954005,1
Patches_others__Dcorrect__Jaid__Math__patch1-Math-50-Jaid,Math-50,Math,correct,0,0.7348066298342542,1,0.17025306085671987,1,0.7599269935001266,1
Patches_others__Dcorrect__Jaid__Math__patch1-Math-53-Jaid,Math-53,Math,correct,0,0.7348066298342542,1,0.8770640849117394,0,0.6266504517431497,1
Patches_others__Dcorrect__Jaid__Math__patch1-Math-80-Jaid,Math-80,Math,correct,0,0.7348066298342542,1,0.7187466485264637,1,0.9983085816758996,1
Patches_others__Dcorrect__Jaid__Math__patch1-Math-82-Jaid,Math-82,Math,correct,0,0.7348066298342542,1,0.9231949897497057,1,0.7599269935001266,1
Patches_others__Dcorrect__Jaid__Math__patch1-Math-85-Jaid,Math-85,Math,correct,0,0.7348066298342542,1,0.3458398653390058,1,0.7599269935001266,1
Patches_others__Dcorrect__Jaid__Math__patch2-Math-5-Jaid,Math-5,Math,correct,0,0.7348066298342542,1,0.9103649863042285,1,0.6266504517431497,1
Patches_others__Dcorrect__Jaid__Math__patch2-Math-80-Jaid,Math-80,Math,correct,0,0.7348066298342542,1,0.18417164982218692,1,0.9976181319850903,1
Patches_others__Dcorrect__Jaid__Math__patch3-Math-5-Jaid,Math-5,Math,correct,0,0.7348066298342542,1,0.7261618291689391,1,0.6266504517431497,1
Patches_others__Dcorrect__SOFix__Chart__patch1-Chart-1-SOFix,Chart-1,Chart,correct,0,0.7397260273972602,1,0.9584801136956184,0,0.7908488361221112,1
Patches_others__Dcorrect__SOFix__Chart__patch1-Chart-11-SOFix,Chart-11,Chart,correct,0,0.7397260273972602,1,0.6989151716524886,1,0.6691173562541441,1
Patches_others__Dcorrect__SOFix__Chart__patch1-Chart-24-SOFix,Chart-24,Chart,correct,0,0.7397260273972602,1,0.7450348866476518,0,0.6691173562541441,1
Patches_others__Dcorrect__SOFix__Chart__patch1-Chart-26-SOFix,Chart-26,Chart,correct,0,0.7397260273972602,1,0.8894983573045284,1,0.6613093628229875,1
Patches_others__Dcorrect__SOFix__Chart__patch1-Chart-4-SOFix,Chart-4,Chart,correct,0,0.7397260273972602,1,0.2157905760841189,1,0.7527743627008807,1
Patches_others__Dcorrect__SOFix__Lang__patch1-Lang-51-SOFix,Lang-51,Lang,correct,0,0.7288590604026846,1,0.6327254031923586,1,0.5025949597066491,1
Patches_others__Dcorrect__SOFix__Lang__patch1-Lang-59-SOFix,Lang-59,Lang,correct,0,0.7288590604026846,1,0.9550447893769723,0,0.6454001009913884,1
Patches_others__Dcorrect__SOFix__Lang__patch1-Lang-6-SOFix,Lang-6,Lang,correct,0,0.7288590604026846,1,0.4066176926696692,0,0.6454001009913884,1
Patches_others__Dcorrect__SOFix__Math__patch1-Math-33-SOFix,Math-33,Math,correct,0,0.7348066298342542,1,0.9309289841508848,1,0.7599269935001266,1
Patches_others__Dcorrect__SOFix__Math__patch1-Math-34-SOFix,Math-34,Math,correct,0,0.7348066298342542,1,0.552249632089859,1,0.7047695113822643,1
Patches_others__Dcorrect__SOFix__Math__patch1-Math-5-SOFix,Math-5,Math,correct,0,0.7348066298342542,1,0.15060017468208287,1,0.7047695113822643,1
Patches_others__Dcorrect__SOFix__Math__patch1-Math-50-SOFix,Math-50,Math,correct,0,0.7348066298342542,1,0.9614677292603704,1,0.8572491371836218,1
Patches_others__Dcorrect__SOFix__Math__patch1-Math-57-SOFix,Math-57,Math,correct,0,0.7348066298342542,1,0.5872382977165849,0,0.7047695113822643,1
Patches_others__Dcorrect__SOFix__Math__patch1-Math-58-SOFix,Math-58,Math,correct,0,0.7348066298342542,1,0.2753536552389062,1,0.7047695113822643,1
Patches_others__Dcorrect__SOFix__Math__patch1-Math-59-SOFix,Math-59,Math,correct,0,0.7348066298342542,1,0.9196404658756056,0,0.7047695113822643,1
Patches_others__Dcorrect__SOFix__Math__patch1-Math-70-SOFix,Math-70,Math,correct,0,0.7348066298342542,1,0.8265148965654883,1,0.7407848024924036,1
Patches_others__Dcorrect__SOFix__Math__patch1-Math-75-SOFix,Math-75,Math,correct,0,0.7348066298342542,1,0.9383504053227681,1,0.7047695113822643,1
Patches_others__Dcorrect__SOFix__Math__patch1-Math-80-SOFix,Math-80,Math,correct,0,0.7348066298342542,1,0.6470987742160579,1,0.9988101478571373,1
Patches_others__Dcorrect__SOFix__Math__patch1-Math-82-SOFix,Math-82,Math,correct,0,0.7348066298342542,1,0.2187989192840022,1,0.7599269935001266,1
Patches_others__Dcorrect__SOFix__Math__patch1-Math-85-SOFix,Math-85,Math,correct,0,0.7348066298342542,1,0.5982898581954376,1,0.7599269935001266,1
Patches_others__Dcorrect__SOFix__Time__patch1-Time-19-SOFix,Time-19,Time,correct,0,0.7241770715096482,1,0.003189255496842014,1,0.7714685187606284,1
Patches_others__Dcorrect__SequenceR__Chart__patch1-Chart-1-SequenceR,Chart-1,Chart,correct,0,0.7397260273972602,1,0.6501660583206906,0,0.7908488361221112,1
Patches_others__Dcorrect__SequenceR__Chart__patch1-Chart-11-SequenceR,Chart-11,Chart,correct,0,0.7397260273972602,1,0.7173945053263936,1,0.6691173562541441,1
Patches_others__Dcorrect__SequenceR__Chart__patch1-Chart-9-SequenceR,Chart-9,Chart,correct,0,0.7397260273972602,1,0.8422279297235258,0,0.7908488361221112,1
Patches_others__Dcorrect__SequenceR__Closure__patch1-Closure-18-SequenceR,Closure-18,Closure,correct,0,0.6902927580893683,1,0.4138198863286343,1,0.7479931032728987,1
Patches_others__Dcorrect__SequenceR__Closure__patch1-Closure-73-SequenceR,Closure-73,Closure,correct,0,0.6902927580893683,1,0.49373414724032827,0,0.7479931032728987,1
Patches_others__Dcorrect__SequenceR__Closure__patch1-Closure-86-SequenceR,Closure-86,Closure,correct,0,0.6902927580893683,1,0.9987729501752127,0,0.6020308704701847,1
Patches_others__Dcorrect__SequenceR__Closure__patch2-Closure-73-SequenceR,Closure-73,Closure,correct,0,0.6902927580893683,1,0.2153195271485615,1,0.7479931032728987,1
Patches_others__Dcorrect__SequenceR__Lang__patch1-Lang-59-SequenceR,Lang-59,Lang,correct,0,0.7288590604026846,1,0.3692763840139527,1,0.6454001009913884,1
Patches_others__Dcorrect__SequenceR__Lang__patch1-Lang-6-SequenceR,Lang-6,Lang,correct,0,0.7288590604026846,1,0.08574045683452891,1,0.6454001009913884,1
Patches_others__Dcorrect__SequenceR__Math__patch1-Math-30-SequenceR,Math-30,Math,correct,0,0.7348066298342542,1,0.5080834778008053,0,0.7047695113822643,1
Patches_others__Dcorrect__SequenceR__Math__patch1-Math-5-SequenceR,Math-5,Math,correct,0,0.7348066298342542,1,0.5076646957513038,1,0.7047695113822643,1
Patches_others__Dcorrect__SequenceR__Math__patch1-Math-57-SequenceR,Math-57,Math,correct,0,0.7348066298342542,1,0.014351223669649249,0,0.7047695113822643,1
Patches_others__Dcorrect__SequenceR__Math__patch1-Math-58-SequenceR,Math-58,Math,correct,0,0.7348066298342542,1,0.2572848419199575,1,0.7047695113822643,1
Patches_others__Dcorrect__SequenceR__Math__patch1-Math-75-SequenceR,Math-75,Math,correct,0,0.7348066298342542,1,0.26934023606387725,1,0.7047695113822643,1
Patches_others__Dcorrect__SequenceR__Math__patch1-Math-82-SequenceR,Math-82,Math,correct,0,0.7348066298342542,1,0.08804538466398992,1,0.7599269935001266,1
Patches_others__Dcorrect__SequenceR__Math__patch1-Math-85-SequenceR,Math-85,Math,correct,0,0.7348066298342542,1,0.37871378065540573,0,0.7599269935001266,1
Patches_others__Dcorrect__SequenceR__Math__patch2-Math-82-SequenceR,Math-82,Math,correct,0,0.7348066298342542,1,0.44877177071764984,0,0.7599269935001266,1
Patches_others__Dcorrect__SketchFix__Chart__patch1-Chart-1-SketchFix,Chart-1,Chart,correct,0,0.7397260273972602,1,0.34378554600189437,1,0.7908488361221112,1
Patches_others__Dcorrect__SketchFix__Chart__patch1-Chart-11-SketchFix,Chart-11,Chart,correct,0,0.7397260273972602,1,0.6887947057130477,1,0.6691173562541441,1
Patches_others__Dcorrect__SketchFix__Chart__patch1-Chart-20-SketchFix,Chart-20,Chart,correct,0,0.7397260273972602,1,0.6044006058026058,1,0.6691173562541441,1
Patches_others__Dcorrect__SketchFix__Chart__patch1-Chart-24-SketchFix,Chart-24,Chart,correct,0,0.7397260273972602,1,0.4093610338226653,1,0.6691173562541441,1
Patches_others__Dcorrect__SketchFix__Chart__patch1-Chart-8-SketchFix,Chart-8,Chart,correct,0,0.7397260273972602,1,0.10168575708216332,1,0.6691173562541441,1
Patches_others__Dcorrect__SketchFix__Chart__patch1-Chart-9-SketchFix,Chart-9,Chart,correct,0,0.7397260273972602,1,0.35304843378314044,0,0.7908488361221112,1
Patches_others__Dcorrect__SketchFix__Closure__patch1-Closure-126-SketchFix,Closure-126,Closure,correct,0,0.6902927580893683,1,0.5439146577146111,0,0.7479931032728987,1
Patches_others__Dcorrect__SketchFix__Closure__patch1-Closure-14-SketchFix,Closure-14,Closure,correct,0,0.6902927580893683,1,0.9877562857569903,1,0.6020308704701847,1
Patches_others__Dcorrect__SketchFix__Lang__patch1-Lang-59-SketchFix,Lang-59,Lang,correct,0,0.7288590604026846,1,0.9428737187044048,1,0.6454001009913884,1
Patches_others__Dcorrect__SketchFix__Lang__patch1-Lang-6-SketchFix,Lang-6,Lang,correct,0,0.7288590604026846,1,0.08191057443936256,0,0.6454001009913884,1
Patches_others__Dcorrect__SketchFix__Math__patch1-Math-33-SketchFix,Math-33,Math,correct,0,0.7348066298342542,1,0.6859950032584036,1,0.7599269935001266,1
Patches_others__Dcorrect__SketchFix__Math__patch1-Math-5-SketchFix,Math-5,Math,correct,0,0.7348066298342542,1,0.5196482412958837,1,0.7047695113822643,1
Patches_others__Dcorrect__SketchFix__Math__patch1-Math-50-SketchFix,Math-50,Math,correct,0,0.7348066298342542,1,0.4537725799511275,1,0.8671657153665268,1
Patches_others__Dcorrect__SketchFix__Math__patch1-Math-59-SketchFix,Math-59,Math,correct,0,0.7348066298342542,1,0.14620660141764175,1,0.7047695113822643,1
Patches_others__Dcorrect__SketchFix__Math__patch1-Math-70-SketchFix,Math-70,Math,correct,0,0.7348066298342542,1,0.23604388595352865,1,0.7047695113822643,1
Patches_others__Dcorrect__SketchFix__Math__patch1-Math-82-SketchFix,Math-82,Math,correct,0,0.7348066298342542,1,0.3202896897841182,1,0.7599269935001266,1
Patches_others__Doverfitting__CapGen__Lang__patch1-Lang-43-CapGen-plausible,Lang-43,Lang,overfitting,1,0.7288590604026846,1,0.910196129994927,0,0.5025949597066491,1
Patches_others__Doverfitting__CapGen__Lang__patch1-Lang-59-CapGen-plausible,Lang-59,Lang,overfitting,1,0.7288590604026846,1,0.35461403423612814,1,0.6454001009913884,1
Patches_others__Doverfitting__CapGen__Lang__patch10-Lang-59-CapGen-plausible,Lang-59,Lang,overfitting,1,0.7288590604026846,1,0.9913877372975627,1,0.6677084284926622,1
Patches_others__Doverfitting__CapGen__Lang__patch11-Lang-59-CapGen-plausible,Lang-59,Lang,overfitting,1,0.7288590604026846,1,0.13135175626218798,0,0.6677084284926622,1
Patches_others__Doverfitting__CapGen__Lang__patch12-Lang-59-CapGen-plausible,Lang-59,Lang,overfitting,1,0.7288590604026846,1,0.2418497993311799,1,0.7748727446590723,1
Patches_others__Doverfitting__CapGen__Lang__patch13-Lang-59-CapGen-plausible,Lang-59,Lang,overfitting,1,0.7288590604026846,1,0.7905530029991071,1,0.7748727446590723,1
Patches_others__Doverfitting__CapGen__Lang__patch2-Lang-59-CapGen-plausible,Lang-59,Lang,overfitting,1,0.7288590604026846,1,0.3891706526204568,1,0.6454001009913884,1
Patches_others__Doverfitting__CapGen__Lang__patch3-Lang-59-CapGen-plausible,Lang-59,Lang,overfitting,1,0.7288590604026846,1,0.44095645603041267,1,0.7748727446590723,1
Patches_others__Doverfitting__CapGen__Lang__patch4-Lang-59-CapGen-plausible,Lang-59,Lang,overfitting,1,0.7288590604026846,1,0.20099980305076082,1,0.6677084284926622,1
Patches_others__Doverfitting__CapGen__Lang__patch5-Lang-59-CapGen-plausible,Lang-59,Lang,overfitting,1,0.7288590604026846,1,0.15628624958009374,1,0.6677084284926622,1
Patches_others__Doverfitting__CapGen__Lang__patch6-Lang-59-CapGen-plausible,Lang-59,Lang,overfitting,1,0.7288590604026846,1,0.8586558791077182,1,0.6677084284926622,1
Patches_others__Doverfitting__CapGen__Lang__patch7-Lang-59-CapGen-plausible,Lang-59,Lang,overfitting,1,0.7288590604026846,1,0.591796377331508,0,0.7748727446590723,1
Patches_others__Doverfitting__CapGen__Lang__patch8-Lang-59-CapGen-plausible,Lang-59,Lang,overfitting,1,0.7288590604026846,1,0.786219021931593,0,0.6454001009913884,1
Patches_others__Doverfitting__CapGen__Lang__patch9-Lang-59-CapGen-plausible,Lang-59,Lang,overfitting,1,0.7288590604026846,1,0.3665832090380381,1,0.6454001009913884,1
Patches_others__Doverfitting__CapGen__Math__patch1-Math-5-CapGen-plausible,Math-5,Math,overfitting,1,0.7348066298342542,1,0.1484950650899468,0,0.7599269935001266,1
Patches_others__Doverfitting__CapGen__Math__patch1-Math-63-CapGen-plausible,Math-63,Math,overfitting,1,0.7348066298342542,1,0.25719436398107787,1,0.7047695113822643,1
Patches_others__Doverfitting__CapGen__Math__patch1-Math-80-CapGen-plausible,Math-80,Math,overfitting,1,0.7348066298342542,1,0.4041966139901253,0,0.9988101478571373,1
Patches_others__Doverfitting__CapGen__Math__patch1-Math-85-CapGen-plausible,Math-85,Math,overfitting,1,0.7348066298342542,1,0.23062353884357234,1,0.7599269935001266,1
Patches_others__Doverfitting__CapGen__Math__patch10-Math-80-CapGen-plausible,Math-80,Math,overfitting,1,0.7348066298342542,1,0.25516958042863036,1,0.7047695113822643,1
Patches_others__Doverfitting__CapGen__Math__patch2-Math-5-CapGen-plausible,Math-5,Math,overfitting,1,0.7348066298342542,1,0.7836793737726518,1,0.7599269935001266,1
Patches_others__Doverfitting__CapGen__Math__patch2-Math-63-CapGen-plausible,Math-63,Math,overfitting,1,0.7348066298342542,1,0.36271064194860614,1,0.7047695113822643,1
Patches_others__Doverfitting__CapGen__Math__patch2-Math-80-CapGen-plausible,Math-80,Math,overfitting,1,0.7348066298342542,1,0.3824049967880525,1,0.9988101478571373,1
Patches_others__Doverfitting__CapGen__Math__patch2-Math-85-CapGen-plausible,Math-85,Math,overfitting,1,0.7348066298342542,1,0.7821125756956795,1,0.7599269935001266,1
Patches_others__Doverfitting__CapGen__Math__patch3-Math-5-CapGen-plausible,Math-5,Math,overfitting,1,0.7348066298342542,1,0.768238505197692,1,0.7599269935001266,1
Patches_others__Doverfitting__CapGen__Math__patch3-Math-63-CapGen-plausible,Math-63,Math,overfitting,1,0.7348066298342542,1,0.716385996089235,0,0.7047695113822643,1
Patches_others__Doverfitting__CapGen__Math__patch3-Math-80-CapGen-plausible,Math-80,Math,overfitting,1,0.7348066298342542,1,0.5812782457398945,1,0.9988101478571373,1
Patches_others__Doverfitting__CapGen__Math__patch3-Math-85-CapGen-plausible,Math-85,Math,overfitting,1,0.7348066298342542,1,0.06327975635177896,1,0.7599269935001266,1
Patches_others__Doverfitting__CapGen__Math__patch4-Math-63-CapGen-plausible,Math-63,Math,overfitting,1,0.7348066298342542,1,0.8600208195248047,1,0.7047695113822643,1
Patches_others__Doverfitting__CapGen__Math__patch4-Math-80-CapGen-plausible,Math-80,Math,overfitting,1,0.7348066298342542,1,0.6269361437482296,1,0.7047695113822643,1
Patches_others__Doverfitting__CapGen__Math__patch5-Math-63-CapGen-plausible,Math-63,Math,overfitting,1,0.7348066298342542,1,0.9403360826230013,0,0.7047695113822643,1
Patches_others__Doverfitting__CapGen__Math__patch5-Math-80-CapGen-plausible,Math-80,Math,overfitting,1,0.7348066298342542,1,0.18109314098630847,1,0.7047695113822643,1
Patches_others__Doverfitting__CapGen__Math__patch6-Math-63-CapGen-plausible,Math-63,Math,overfitting,1,0.7348066298342542,1,0.11695864466562156,1,0.7047695113822643,1
Patches_others__Doverfitting__CapGen__Math__patch6-Math-80-CapGen-plausible,Math-80,Math,overfitting,1,0.7348066298342542,1,0.9021275781945923,1,0.7047695113822643,1
Patches_others__Doverfitting__CapGen__Math__patch7-Math-63-CapGen-plausible,Math-63,Math,overfitting,1,0.7348066298342542,1,0.3153229844942612,1,0.7047695113822643,1
Patches_others__Doverfitting__CapGen__Math__patch7-Math-80-CapGen-plausible,Math-80,Math,overfitting,1,0.7348066298342542,1,0.9597781863701643,1,0.9988101478571373,1
Patches_others__Doverfitting__CapGen__Math__patch8-Math-63-CapGen-plausible,Math-63,Math,overfitting,1,0.7348066298342542,1,0.7562731115909688,0,0.7047695113822643,1
Patches_others__Doverfitting__CapGen__Math__patch8-Math-80-CapGen-plausible,Math-80,Math,overfitting,1,0.7348066298342542,1,0.22496127568648616,0,0.9988101478571373,1
Patches_others__Doverfitting__CapGen__Math__patch9-Math-80-CapGen-plausible,Math-80,Math,overfitting,1,0.7348066298342542,1,0.6265866671500011,1,0.7047695113822643,1
Patches_others__Doverfitting__Jaid__Chart__patch1-Chart-1-Jaid-plausible,Chart-1,Chart,overfitting,1,0.7397260273972602,1,0.9634847481204788,1,0.6613093628229875,1
Patches_others__Doverfitting__Jaid__Chart__patch1-Chart-26-Jaid-plausible,Chart-26,Chart,overfitting,1,0.7397260273972602,1,0.21652350161279854,1,0.5591082562746061,1
Patches_others__Doverfitting__Jaid__Chart__patch1-Chart-9-Jaid-plausible,Chart-9,Chart,overfitting,1,0.7397260273972602,1,0.11363799358817561,1,0.557787032693402,1
Patches_others__Doverfitting__Jaid__Chart__patch2-Chart-1-Jaid-plausible,Chart-1,Chart,overfitting,1,0.7397260273972602,1,0.36767942473700777,1,0.7908488361221113,1
Patches_others__Doverfitting__Jaid__Chart__patch2-Chart-26-Jaid-plausible,Chart-26,Chart,overfitting,1,0.7397260273972602,1,0.1009807921059821,1,0.7908488361221113,1
Patches_others__Doverfitting__Jaid__Chart__patch2-Chart-9-Jaid-plausible,Chart-9,Chart,overfitting,1,0.7397260273972602,1,0.2671989318362714,1,0.6297869300489276,1
Patches_others__Doverfitting__Jaid__Chart__patch3-Chart-1-Jaid-plausible,Chart-1,Chart,overfitting,1,0.7397260273972602,1,0.9144561221029246,1,0.6613093628229875,1
Patches_others__Doverfitting__Jaid__Chart__patch3-Chart-9-Jaid-plausible,Chart-9,Chart,overfitting,1,0.7397260273972602,1,0.3187820814455795,1,0.6297869300489276,1
Patches_others__Doverfitting__Jaid__Closure__patch1-Closure-33-Jaid-plausible,Closure-33,Closure,overfitting,1,0.6902927580893683,1,0.4957244334967964,1,0.5544026262117198,1
Patches_others__Doverfitting__Jaid__Closure__patch1-Closure-62-Jaid-plausible,Closure-62,Closure,overfitting,1,0.6902927580893683,1,0.5914193066587919,1,0.6020308704701847,1
Patches_others__Doverfitting__Jaid__Closure__patch1-Closure-63-Jaid-plausible,Closure-63,Closure,overfitting,1,0.6902927580893683,1,0.5467064159249725,0,0.6020308704701847,1
Patches_others__Doverfitting__Jaid__Closure__patch2-Closure-33-Jaid-plausible,Closure-33,Closure,overfitting,1,0.6902927580893683,1,0.1152692012378228,0,0.5544026262117198,1
Patches_others__Doverfitting__Jaid__Lang__patch1-Lang-45-Jaid-plausible,Lang-45,Lang,overfitting,1,0.7288590604026846,1,0.4866878941503999,0,0.5702044827077426,1
Patches_others__Doverfitting__Jaid__Lang__patch1-Lang-51-Jaid-plausible,Lang-51,Lang,overfitting,1,0.7288590604026846,1,0.9158184967138981,1,0.6099004545757579,1
Patches_others__Doverfitting__Jaid__Lang__patch1-Lang-55-Jaid-plausible,Lang-55,Lang,overfitting,1,0.7288590604026846,1,0.9052436405248236,0,0.6099004545757579,1
Patches_others__Doverfitting__Jaid__Lang__patch1-Lang-61-Jaid-plausible,Lang-61,Lang,overfitting,1,0.7288590604026846,1,0.5955774721345557,1,0.7571421158494099,1
Patches_others__Doverfitting__Jaid__Lang__patch2-Lang-45-Jaid-plausible,Lang-45,Lang,overfitting,1,0.7288590604026846,1,0.6814141439119714,1,0.5702044827077426,1
Patches_others__Doverfitting__Jaid__Lang__patch2-Lang-51-Jaid-plausible,Lang-51,Lang,overfitting,1,0.7288590604026846,1,0.07481951342173032,1,0.6099004545757579,1
Patches_others__Doverfitting__Jaid__Lang__patch2-Lang-55-Jaid-plausible,Lang-55,Lang,overfitting,1,0.7288590604026846,1,0.3440417285659956,1,0.6020849589663123,1
Patches_others__Doverfitting__Jaid__Lang__patch2-Lang-61-Jaid-plausible,Lang-61,Lang,overfitting,1,0.7288590604026846,1,0.5673117940149709,1,0.7571421158494099,1
Patches_others__Doverfitting__Jaid__Lang__patch3-Lang-51-Jaid-plausible,Lang-51,Lang,overfitting,1,0.7288590604026846,1,0.4419650139988215,0,0.5710121630996934,1
Patches_others__Doverfitting__Jaid__Lang__patch3-Lang-55-Jaid-plausible,Lang-55,Lang,overfitting,1,0.7288590604026846,1,0.307446645068817,1,0.6099004545757579,1
Patches_others__Doverfitting__Jaid__Math__patch1-Math-32-Jaid-plausible,Math-32,Math,overfitting,1,0.7348066298342542,1,0.34134576361400626,1,0.7599269935001266,1
Patches_others__Doverfitting__Jaid__Math__patch1-Math-50-Jaid-plausible,Math-50,Math,overfitting,1,0.7348066298342542,1,0.8203849844559825,1,0.631221673976411,1
Patches_others__Doverfitting__Jaid__Math__patch1-Math-53-Jaid-plausible,Math-53,Math,overfitting,1,0.7348066298342542,1,0.6432750315931122,0,0.6266504517431497,1
Patches_others__Doverfitting__Jaid__Math__patch1-Math-80-Jaid-plausible,Math-80,Math,overfitting,1,0.7348066298342542,1,0.7293754870832325,0,0.9983085816758996,1
Patches_others__Doverfitting__Jaid__Math__patch1-Math-82-Jaid-plausible,Math-82,Math,overfitting,1,0.7348066298342542,1,0.28628074697416617,0,0.631221673976411,1
Patches_others__Doverfitting__Jaid__Math__patch1-Math-85-Jaid-plausible,Math-85,Math,overfitting,1,0.7348066298342542,1,0.021990014112351797,1,0.7599269935001266,1
Patches_others__Doverfitting__Jaid__Math__patch2-Math-53-Jaid-plausible,Math-53,Math,overfitting,1,0.7348066298342542,1,0.4131475727716367,1,0.6266504517431497,1
Patches_others__Doverfitting__Jaid__Math__patch2-Math-80-Jaid-plausible,Math-80,Math,overfitting,1,0.7348066298342542,1,0.7169231946608777,1,0.9983085816758996,1
Patches_others__Doverfitting__Jaid__Math__patch2-Math-82-Jaid-plausible,Math-82,Math,overfitting,1,0.7348066298342542,1,0.9124032923424445,1,0.6266504517431497,1
Patches_others__Doverfitting__Jaid__Math__patch2-Math-85-Jaid-plausible,Math-85,Math,overfitting,1,0.7348066298342542,1,0.30800332117408546,1,0.7599269935001266,1
Patches_others__Doverfitting__Jaid__Math__patch3-Math-50-Jaid-plausible,Math-50,Math,overfitting,1,0.7348066298342542,1,0.45893509468036386,1,0.6207236722787673,1
Patches_others__Doverfitting__Jaid__Math__patch3-Math-53-Jaid-plausible,Math-53,Math,overfitting,1,0.7348066298342542,1,0.8816054360851197,1,0.571863275276433,1
Patches_others__Doverfitting__Jaid__Math__patch3-Math-80-Jaid-plausible,Math-80,Math,overfitting,1,0.7348066298342542,1,0.25106740906126734,1,0.9983085816758996,1
Patches_others__Doverfitting__Jaid__Math__patch3-Math-82-Jaid-plausible,Math-82,Math,overfitting,1,0.7348066298342542,1,0.6811403246607249,1,0.7599269935001266,1
Patches_others__Doverfitting__Jaid__Math__patch3-Math-85-Jaid-plausible,Math-85,Math,overfitting,1,0.7348066298342542,1,0.8833613837164876,1,0.7599269935001266,1
Patches_others__Doverfitting__Jaid__Math__patch4-Math-82-Jaid-plausible,Math-82,Math,overfitting,1,0.7348066298342542,1,0.630371301005869,0,0.6207236722787673,1
Patches_others__Doverfitting__Jaid__Math__patch4-Math-85-Jaid-plausible,Math-85,Math,overfitting,1,0.7348066298342542,1,0.11565570042275553,1,0.7599269935001266,1
Patches_others__Doverfitting__SOFix__Math__patch1-Math-2-SOFix-plausible,Math-2,Math,overfitting,1,0.7348066298342542,1,0.6522845511029491,1,0.7599269935001266,1
Patches_others__Doverfitting__SOFix__Math__patch2-Math-2-SOFix-plausible,Math-2,Math,overfitting,1,0.7348066298342542,1,0.041595633849606184,1,0.7599269935001266,1
Patches_others__Doverfitting__SequenceR__Chart__patch2-Chart-1-SequenceR,Chart-1,Chart,overfitting,1,0.7397260273972602,1,0.5858895145468258,1,0.7908488361221113,1
Patches_others__Doverfitting__SequenceR__Chart__patch3-Chart-1-SequenceR,Chart-1,Chart,overfitting,1,0.7397260273972602,1,0.23874477955495155,1,0.7908488361221113,1
Patches_others__Doverfitting__SequenceR__Chart__patch4-Chart-1-SequenceR,Chart-1,Chart,overfitting,1,0.7397260273972602,1,0.6679799243985048,0,0.7908488361221113,1
Patches_others__Doverfitting__SequenceR__Closure__patch1-Closure-123-SequenceR,Closure-123,Closure,overfitting,1,0.6902927580893683,1,0.716135524315577,0,0.6020308704701847,1
Patches_others__Doverfitting__SequenceR__Closure__patch1-Closure-18-SequenceR,Closure-18,Closure,overfitting,1,0.6902927580893683,1,0.9120736349889094,0,0.7479931032728987,1
Patches_others__Doverfitting__SequenceR__Closure__patch1-Closure-38-SequenceR,Closure-38,Closure,overfitting,1,0.6902927580893683,1,0.9265763828646507,0,0.7479931032728987,1
Patches_others__Doverfitting__SequenceR__Closure__patch1-Closure-73-SequenceR,Closure-73,Closure,overfitting,1,0.6902927580893683,1,0.586668750518576,0,0.7479931032728987,1
Patches_others__Doverfitting__SequenceR__Closure__patch1-Closure-92-SequenceR,Closure-92,Closure,overfitting,1,0.6902927580893683,1,0.3525112870284548,1,0.6020308704701847,1
Patches_others__Doverfitting__SequenceR__Closure__patch1-Closure-93-SequenceR,Closure-93,Closure,overfitting,1,0.6902927580893683,1,0.6755103035703888,1,0.6020308704701847,1
Patches_others__Doverfitting__SequenceR__Closure__patch10-Closure-92-SequenceR,Closure-92,Closure,overfitting,1,0.6902927580893683,1,0.9446171043542214,0,0.6020308704701847,1
Patches_others__Doverfitting__SequenceR__Closure__patch10-Closure-93-SequenceR,Closure-93,Closure,overfitting,1,0.6902927580893683,1,0.9781358594533898,1,0.6020308704701847,1
Patches_others__Doverfitting__SequenceR__Closure__patch2-Closure-38-SequenceR,Closure-38,Closure,overfitting,1,0.6902927580893683,1,0.2829551262065978,1,0.7479931032728987,1
Patches_others__Doverfitting__SequenceR__Closure__patch2-Closure-86-SequenceR,Closure-86,Closure,overfitting,1,0.6902927580893683,1,0.9356865558408266,0,0.6020308704701847,1
Patches_others__Doverfitting__SequenceR__Closure__patch2-Closure-92-SequenceR,Closure-92,Closure,overfitting,1,0.6902927580893683,1,0.7302890913744294,1,0.6020308704701847,1
Patches_others__Doverfitting__SequenceR__Closure__patch2-Closure-93-SequenceR,Closure-93,Closure,overfitting,1,0.6902927580893683,1,0.871837117572774,1,0.6020308704701847,1
Patches_others__Doverfitting__SequenceR__Closure__patch3-Closure-18-SequenceR,Closure-18,Closure,overfitting,1,0.6902927580893683,1,0.1674810081672875,0,0.7479931032728987,1
Patches_others__Doverfitting__SequenceR__Closure__patch3-Closure-38-SequenceR,Closure-38,Closure,overfitting,1,0.6902927580893683,1,0.9762467026410432,0,0.7479931032728987,1
Patches_others__Doverfitting__SequenceR__Closure__patch3-Closure-86-SequenceR,Closure-86,Closure,overfitting,1,0.6902927580893683,1,0.753517706913019,1,0.6020308704701847,1
Patches_others__Doverfitting__SequenceR__Closure__patch3-Closure-92-SequenceR,Closure-92,Closure,overfitting,1,0.6902927580893683,1,0.16651737808920697,1,0.6020308704701847,1
Patches_others__Doverfitting__SequenceR__Closure__patch3-Closure-93-SequenceR,Closure-93,Closure,overfitting,1,0.6902927580893683,1,0.5401208121935621,1,0.6020308704701847,1
Patches_others__Doverfitting__SequenceR__Closure__patch4-Closure-18-SequenceR,Closure-18,Closure,overfitting,1,0.6902927580893683,1,0.11153341754909052,1,0.7479931032728987,1
Patches_others__Doverfitting__SequenceR__Closure__patch4-Closure-86-SequenceR,Closure-86,Closure,overfitting,1,0.6902927580893683,1,0.7245877983606205,0,0.6020308704701847,1
Patches_others__Doverfitting__SequenceR__Closure__patch4-Closure-92-SequenceR,Closure-92,Closure,overfitting,1,0.6902927580893683,1,0.5951806393739761,1,0.6020308704701847,1
Patches_others__Doverfitting__SequenceR__Closure__patch4-Closure-93-SequenceR,Closure-93,Closure,overfitting,1,0.6902927580893683,1,0.5782871366069361,0,0.6020308704701847,1
Patches_others__Doverfitting__SequenceR__Closure__patch5-Closure-18-SequenceR,Closure-18,Closure,overfitting,1,0.6902927580893683,1,0.8472292340199105,0,0.7479931032728986,1
Patches_others__Doverfitting__SequenceR__Closure__patch5-Closure-86-SequenceR,Closure-86,Closure,overfitting,1,0.6902927580893683,1,0.7697291933269581,1,0.6020308704701847,1
Patches_others__Doverfitting__SequenceR__Closure__patch5-Closure-92-SequenceR,Closure-92,Closure,overfitting,1,0.6902927580893683,1,0.09171535480487203,0,0.6020308704701847,1
Patches_others__Doverfitting__SequenceR__Closure__patch5-Closure-93-SequenceR,Closure-93,Closure,overfitting,1,0.6902927580893683,1,0.762139086122917,0,0.6020308704701847,1
Patches_others__Doverfitting__SequenceR__Closure__patch6-Closure-92-SequenceR,Closure-92,Closure,overfitting,1,0.6902927580893683,1,0.541465667810765,1,0.6020308704701847,1
Patches_others__Doverfitting__SequenceR__Closure__patch6-Closure-93-SequenceR,Closure-93,Closure,overfitting,1,0.6902927580893683,1,0.18878064680754914,1,0.6020308704701847,1
Patches_others__Doverfitting__SequenceR__Closure__patch7-Closure-92-SequenceR,Closure-92,Closure,overfitting,1,0.6902927580893683,1,0.3471792790332324,0,0.6020308704701847,1
Patches_others__Doverfitting__SequenceR__Closure__patch8-Closure-92-SequenceR,Closure-92,Closure,overfitting,1,0.6902927580893683,1,0.5091940832753937,0,0.6020308704701847,1
Patches_others__Doverfitting__SequenceR__Closure__patch8-Closure-93-SequenceR,Closure-93,Closure,overfitting,1,0.6902927580893683,1,0.8588457797698037,0,0.6020308704701847,1
Patches_others__Doverfitting__SequenceR__Closure__patch9-Closure-92-SequenceR,Closure-92,Closure,overfitting,1,0.6902927580893683,1,0.8819028684025597,1,0.6020308704701847,1
Patches_others__Doverfitting__SequenceR__Closure__patch9-Closure-93-SequenceR,Closure-93,Closure,overfitting,1,0.6902927580893683,1,0.10210216325630683,1,0.6020308704701847,1
Patches_others__Doverfitting__SequenceR__Lang__patch2-Lang-6-SequenceR,Lang-6,Lang,overfitting,1,0.7288590604026846,1,0.7028169528741445,0,0.6454001009913884,1
Patches_others__Doverfitting__SequenceR__Math__patch1-Math-59-SequenceR,Math-59,Math,overfitting,1,0.7348066298342542,1,0.28175387393094586,1,0.7047695113822643,1
Patches_others__Doverfitting__SequenceR__Math__patch1-Math-63-SequenceR,Math-63,Math,overfitting,1,0.7348066298342542,1,0.8843520208464611,1,0.7047695113822643,1
Patches_others__Doverfitting__SequenceR__Math__patch1-Math-80-SequenceR,Math-80,Math,overfitting,1,0.7348066298342542,1,0.7142785526077157,1,0.7047695113822643,1
Patches_others__Doverfitting__SequenceR__Math__patch10-Math-85-SequenceR,Math-85,Math,overfitting,1,0.7348066298342542,1,0.2151090051974397,0,0.7599269935001266,1
Patches_others__Doverfitting__SequenceR__Math__patch11-Math-85-SequenceR,Math-85,Math,overfitting,1,0.7348066298342542,1,0.6916823570049038,0,0.7599269935001266,1
Patches_others__Doverfitting__SequenceR__Math__patch12-Math-85-SequenceR,Math-85,Math,overfitting,1,0.7348066298342542,1,0.5735977359264416,1,0.7599269935001266,1
Patches_others__Doverfitting__SequenceR__Math__patch13-Math-85-SequenceR,Math-85,Math,overfitting,1,0.7348066298342542,1,0.8090220945823875,0,0.7599269935001266,1
Patches_others__Doverfitting__SequenceR__Math__patch14-Math-85-SequenceR,Math-85,Math,overfitting,1,0.7348066298342542,1,0.6721104583575495,1,0.7599269935001266,1
Patches_others__Doverfitting__SequenceR__Math__patch15-Math-85-SequenceR,Math-85,Math,overfitting,1,0.7348066298342542,1,0.8254801373084067,0,0.7599269935001266,1
Patches_others__Doverfitting__SequenceR__Math__patch16-Math-85-SequenceR,Math-85,Math,overfitting,1,0.7348066298342542,1,0.7296342187636143,0,0.7599269935001266,1
Patches_others__Doverfitting__SequenceR__Math__patch17-Math-85-SequenceR,Math-85,Math,overfitting,1,0.7348066298342542,1,0.08266991220501763,1,0.7599269935001266,1
Patches_others__Doverfitting__SequenceR__Math__patch2-Math-85-SequenceR,Math-85,Math,overfitting,1,0.7348066298342542,1,0.4739226973545144,0,0.7599269935001266,1
Patches_others__Doverfitting__SequenceR__Math__patch3-Math-82-SequenceR,Math-82,Math,overfitting,1,0.7348066298342542,1,0.061203593061259,1,0.7599269935001266,1
Patches_others__Doverfitting__SequenceR__Math__patch3-Math-85-SequenceR,Math-85,Math,overfitting,1,0.7348066298342542,1,0.28581635092102875,1,0.7599269935001266,1
Patches_others__Doverfitting__SequenceR__Math__patch4-Math-85-SequenceR,Math-85,Math,overfitting,1,0.7348066298342542,1,0.2809169120182934,0,0.7599269935001266,1
Patches_others__Doverfitting__SequenceR__Math__patch5-Math-85-SequenceR,Math-85,Math,overfitting,1,0.7348066298342542,1,0.4681629843903574,1,0.7599269935001266,1
Patches_others__Doverfitting__SequenceR__Math__patch6-Math-85-SequenceR,Math-85,Math,overfitting,1,0.7348066298342542,1,0.3292587349797783,0,0.7599269935001266,1
Patches_others__Doverfitting__SequenceR__Math__patch7-Math-85-SequenceR,Math-85,Math,overfitting,1,0.7348066298342542,1,0.23228091657539618,1,0.7599269935001266,1
Patches_others__Doverfitting__SequenceR__Math__patch8-Math-85-SequenceR,Math-85,Math,overfitting,1,0.7348066298342542,1,0.8599896901650723,1,0.7599269935001266,1
Patches_others__Doverfitting__SequenceR__Math__patch9-Math-85-SequenceR,Math-85,Math,overfitting,1,0.7348066298342542,1,0.05426942941600188,0,0.7599269935001266,1
Patches_others__Doverfitting__SketchFix__Chart__patch1-Chart-1-SketchFix-plausible,Chart-1,Chart,overfitting,1,0.7397260273972602,1,0.12765638766488252,1,0.7908488361221113,1
Patches_others__Doverfitting__SketchFix__Chart__patch2-Chart-1-SketchFix-plausible,Chart-1,Chart,overfitting,1,0.7397260273972602,1,0.7898093832755049,0,0.6613093628229875,1
Patches_others__Doverfitting__SketchFix__Math__patch1-Math-33-SketchFix-plausible,Math-33,Math,overfitting,1,0.7348066298342542,1,0.4629175393884998,1,0.23794357054296716,0
Patches_others__Doverfitting__SketchFix__Math__patch1-Math-70-SketchFix-plausible,Math-70,Math,overfitting,1,0.7348066298342542,1,0.64408169726669,1,0.524856467011537,1
Patches_others__Doverfitting__SketchFix__Math__patch1-Math-82-SketchFix-plausible,Math-82,Math,overfitting,1,0.7348066298342542,1,0.19045702012300358,1,0.7599269935001266,1
Patches_others__Doverfitting__SketchFix__Math__patch2-Math-70-SketchFix-plausible,Math-70,Math,overfitting,1,0.7348066298342542,1,0.45747164311275057,1,0.524856467011537,1
Patches_others__Doverfitting__SketchFix__Math__patch2-Math-82-SketchFix-plausible,Math-82,Math,overfitting,1,0.7348066298342542,1,0.3419721427664947,0,0.7599269935001266,1
